"ArrayName","Brix.Index","Grams","Anthocyanines.mg.kgFW.","Type","Measure"
"Crimson_37bands_1",21.7,0.0285,4.07017543859649,"Crimson","Crimson September"
"Itum9_37bands_1",18.5,0.1001,33.2392607392607,"Itum9","Itum 9 September"
"Itum5_37bands_1",20.7,0.0662,0.370090634441088,"Itum5","Itum 5 October"
"AutumRoyal_37bands_1",11.7,0.0767,14.8924380704042,"AutumRoyal","Autumn Royal 1 November"
"Itum9_37bands_2",18.7,0.0882,35.7568027210884,"Itum9","Itum 9 September"
"Itum5_37bands_2",20.2,0.0986,0.281440162271805,"Itum5","Itum 5 October"
"AutumRoyal_37bands_2",20.3,0.1793,23.8817624093698,"AutumRoyal","Autumn Royal 1 November"
"Crimson_37bands_2",22.8,0.1456,2.15659340659341,"Crimson","Crimson September"
"Crimson_37bands_3",21.2,0.1425,2.33508771929825,"Crimson","Crimson September"
"Itum4_37bands_3",18,0.0832,0.00600961538461538,"Itum4","Itum 4 September"
"Itum5_37bands_3",16,0.0663,0.354449472096531,"Itum5","Itum 5 October"
"Itum9_37bands_3",19.1,0.1179,34.959711620017,"Itum9","Itum 9 September"
"AutumRoyal_37bands_3",18.4,0.0615,20.7113821138211,"AutumRoyal","Autumn Royal 1 November"
"Crimson_37bands_4",22.5,0.1226,2.0942088091354,"Crimson","Crimson September"
"Itum9_37bands_4",20.9,0.09,48.5277777777778,"Itum9","Itum 9 September"
"AutumRoyal_37bands_4",20.7,0.0803,28.1008717310087,"AutumRoyal","Autumn Royal 1 November"
"Itum5_37bands_4",19.4,0.121,0.198347107438017,"Itum5","Itum 5 October"
"Crimson_37bands_5",20.8,0.1786,1.41517357222844,"Crimson","Crimson September"
"Itum9_37bands_5",19.3,0.0881,24.2905788876277,"Itum9","Itum 9 September"
"Itum5_37bands_5",19.5,0.1418,0.25916784203103,"Itum5","Itum 5 October"
"AutumRoyal_37bands_5",14.8,0.641,1.02886115444618,"AutumRoyal","Autumn Royal 1 November"
"Crimson_37bands_6",20.6,0.1131,1.85676392572944,"Crimson","Crimson September"
"Itum4_37bands_6",17.6,0.1377,0.00181554103122731,"Itum4","Itum 4 September"
"Itum9_37bands_6",17.1,0.106,17.9410377358491,"Itum9","Itum 9 September"
"Itum5_37bands_6",14.7,0.0831,0.412154031287605,"Itum5","Itum 5 October"
"AutumRoyal_37bands_6",23,0.0714,38.8585434173669,"AutumRoyal","Autumn Royal 1 November"
"Crimson_37bands_7",22.8,0.0797,6.30489335006274,"Crimson","Crimson September"
"Itum4_37bands_7",16.3,0.1065,0.223004694835681,"Itum4","Itum 4 September"
"Itum9_37bands_7",23,0.1123,37.353072128228,"Itum9","Itum 9 September"
"Itum5_37bands_7",18,0.0546,0.467032967032967,"Itum5","Itum 5 October"
"AutumRoyal_37bands_7",15.7,0.097,14.2654639175258,"AutumRoyal","Autumn Royal 1 November"
"Crimson_37bands_8",19.9,0.1775,0.567605633802817,"Crimson","Crimson September"
"Itum4_37bands_8",15.3,0.0927,0.0701186623516721,"Itum4","Itum 4 September"
"Itum9_37bands_8",18.8,0.077,39.5876623376623,"Itum9","Itum 9 September"
"Itum5_37bands_8",16.1,0.0431,0.295823665893271,"Itum5","Itum 5 October"
"AutumRoyal_37bands_8",24,0.2595,21.1705202312139,"AutumRoyal","Autumn Royal 1 November"
"Crimson_37bands_9",22.8,0.2017,1.02751611303917,"Crimson","Crimson September"
"Itum4_37bands_9",15.2,0.0755,0.0662251655629139,"Itum4","Itum 4 September"
"Itum5_37bands_9",17.4,0.1451,0.170572019297037,"Itum5","Itum 5 October"
"AutumRoyal_37bands_9",19.4,0.083,28.171686746988,"AutumRoyal","Autumn Royal 1 November"
"Crimson_37bands_10",21.2,0.0593,5.73355817875211,"Crimson","Crimson September"
"Itum4_37bands_10",15.5,0.0622,0.0964630225080386,"Itum4","Itum 4 September"
"AutumRoyal_37bands_10",19.3,0.0858,25.2913752913753,"AutumRoyal","Autumn Royal 1 November"
"Itum9_37bands_10",22.4,0.0954,32.3165618448637,"Itum9","Itum 9 September"
"Itum5_37bands_10",16.7,0.0927,0.275080906148867,"Itum5","Itum 5 October"
"Crimson_37bands_11",21.9,0.174,1.9367816091954,"Crimson","Crimson September"
"Itum4_37bands_11",15.8,0.0873,0.100229095074456,"Itum4","Itum 4 September"
"Itum9_37bands_11",17,0.0739,34.7496617050068,"Itum9","Itum 9 September"
"Itum5_37bands_11",14.2,0.1019,0.333660451422964,"Itum5","Itum 5 October"
"AutumRoyal_37bands_11",20.7,0.0828,32.6690821256039,"AutumRoyal","Autumn Royal 1 November"
"Crimson_37bands_12",22.6,0.1125,1.07511111111111,"Crimson","Crimson September"
"Itum4_37bands_12",17.4,0.1163,0.0107480653482373,"Itum4","Itum 4 September"
"Itum5_37bands_12",15.1,0.0628,0.481687898089172,"Itum5","Itum 5 October"
"Itum9_37bands_12",17.8,0.0953,36.0912906610703,"Itum9","Itum 9 September"
"AutumRoyal_37bands_12",13.3,0.0913,11.0706462212486,"AutumRoyal","Autumn Royal 1 November"
"Itum4_37bands_13",16.1,0.0448,0.0111607142857143,"Itum4","Itum 4 September"
"Itum9_37bands_13",20.3,0.1068,48.7991573033708,"Itum9","Itum 9 September"
"Itum5_37bands_13",14,0.0688,0.352470930232558,"Itum5","Itum 5 October"
"AutumRoyal_37bands_13",21,0.1439,22.1890201528839,"AutumRoyal","Autumn Royal 1 November"
"Crimson_37bands_13",22.1,0.1326,1.53469079939668,"Crimson","Crimson September"
"Crimson_37bands_14",21.4,0.0952,0.948004201680672,"Crimson","Crimson September"
"Itum4_37bands_14",15.3,0.0779,0,"Itum4","Itum 4 September"
"Itum9_37bands_14",26.6,0.13,51.2653846153846,"Itum9","Itum 9 September"
"Itum5_37bands_14",18.3,0.1015,0.229064039408867,"Itum5","Itum 5 October"
"AutumRoyal_37bands_14",22.7,0.0652,21.353527607362,"AutumRoyal","Autumn Royal 1 November"
"Crimson_37bands_15",19.3,0.1287,0.448717948717949,"Crimson","Crimson September"
"Itum9_37bands_15",19,0.1225,39.6857142857143,"Itum9","Itum 9 September"
"Itum5_37bands_15",16.7,0.1214,0.187397034596376,"Itum5","Itum 5 October"
"AutumRoyal_37bands_15",22.6,0.1121,22.3505798394291,"AutumRoyal","Autumn Royal 1 November"
"Itum4_37bands_15",17.6,0.0333,0.00750750750750751,"Itum4","Itum 4 September"
"Itum9_37bands_16",19.7,0.1156,64.6258650519031,"Itum9","Itum 9 September"
"Itum5_37bands_16",15.4,0.1482,0.271592442645074,"Itum5","Itum 5 October"
"AutumRoyal_37bands_16",21,0.2289,25.7841852337265,"AutumRoyal","Autumn Royal 1 November"
"Crimson_37bands_16",20.8,0.1118,1.35733452593918,"Crimson","Crimson September"
"Itum4_37bands_17",15.9,0.0936,0.0400641025641026,"Itum4","Itum 4 September"
"Itum9_37bands_17",22,0.0739,39.6515561569689,"Itum9","Itum 9 September"
"Itum5_37bands_17",19.2,0.1165,0.160944206008584,"Itum5","Itum 5 October"
"AutumRoyal_37bands_17",21.7,0.0805,38.1459627329193,"AutumRoyal","Autumn Royal 1 November"
"Crimson_37bands_17",19.1,0.1084,1.93957564575646,"Crimson","Crimson September"
"Crimson_37bands_18",21.9,0.1021,4.43927522037218,"Crimson","Crimson September"
"Itum4_37bands_18",19,0.0458,0.212882096069869,"Itum4","Itum 4 September"
"Itum9_37bands_18",18.3,0.0722,17.7631578947368,"Itum9","Itum 9 September"
"Itum5_37bands_18",19.6,0.1236,0.287216828478964,"Itum5","Itum 5 October"
"AutumRoyal_37bands_18",20.8,0.0919,27.9678998911861,"AutumRoyal","Autumn Royal 1 November"
"Crimson_37bands_19",19.5,0.1147,5.20052310374891,"Crimson","Crimson September"
"Itum4_37bands_19",15.6,0.0711,0.0246132208157525,"Itum4","Itum 4 September"
"Itum9_37bands_19",20.2,0.0839,48.1019070321812,"Itum9","Itum 9 September"
"Itum5_37bands_19",17,0.0763,0.235910878112713,"Itum5","Itum 5 October"
"AutumRoyal_37bands_19",20.7,0.0994,43.6695171026157,"AutumRoyal","Autumn Royal 1 November"
"Crimson_37bands_20",17.1,0.1115,0.378923766816144,"Crimson","Crimson September"
"Itum4_37bands_20",18.2,0.0947,0.0184794086589229,"Itum4","Itum 4 September"
"Itum9_37bands_20",17.4,0.075,11.64,"Itum9","Itum 9 September"
"Itum5_37bands_20",15.1,0.1123,0.23820124666073,"Itum5","Itum 5 October"
"AutumRoyal_37bands_20",23.4,0.0921,27.3127035830619,"AutumRoyal","Autumn Royal 1 November"
"Crimson_37bands_21",19.2,0.1225,0.755102040816326,"Crimson","Crimson September"
"Itum9_37bands_21",18.3,0.1175,53.8553191489362,"Itum9","Itum 9 September"
"Itum5_37bands_21",19,0.1543,0.113415424497732,"Itum5","Itum 5 October"
"AutumRoyal_37bands_21",22.6,0.1611,29.8898199875854,"AutumRoyal","Autumn Royal 1 November"
"Crimson_37bands_22",18.3,0.1175,1.0531914893617,"Crimson","Crimson September"
"Itum4_37bands_22",17.8,0.0513,0.0974658869395712,"Itum4","Itum 4 September"
"Itum9_37bands_22",21.9,0.147,36.1598639455782,"Itum9","Itum 9 September"
"Itum5_37bands_22",16.2,0.0765,0.218954248366013,"Itum5","Itum 5 October"
"AutumRoyal_37bands_22",12.1,0.1048,9.43702290076336,"AutumRoyal","Autumn Royal 1 November"
"Itum4_37bands_23",16.9,0.1054,0.0426944971537002,"Itum4","Itum 4 September"
"Itum9_37bands_23",18.8,0.1064,16.7598684210526,"Itum9","Itum 9 September"
"Crimson_37bands_23",18.7,0.1064,2.88063909774436,"Crimson","Crimson September"
"Itum5_37bands_23",18.5,0.1071,0.287114845938375,"Itum5","Itum 5 October"
"AutumRoyal_37bands_23",20.7,0.1403,6.98325017818959,"AutumRoyal","Autumn Royal 1 November"
"Crimson_37bands_24",19.5,0.098,2.76530612244898,"Crimson","Crimson September"
"Itum4_37bands_24",18.3,0.0892,0.0420403587443946,"Itum4","Itum 4 September"
"Itum9_37bands_24",17.2,0.1082,27.84426987061,"Itum9","Itum 9 September"
"Itum5_37bands_24",15,0.072,0.385416666666667,"Itum5","Itum 5 October"
"AutumRoyal_37bands_24",14.7,0.158,9.27373417721519,"AutumRoyal","Autumn Royal 1 November"
"Crimson_37bands_25",18.8,0.1099,2.54094631483167,"Crimson","Crimson September"
"Itum4_37bands_25",17,0.0878,0.10250569476082,"Itum4","Itum 4 September"
"Itum9_37bands_25",17.7,0.0734,29.0395095367847,"Itum9","Itum 9 September"
"Itum5_37bands_25",17.5,0.0957,0.363113897596656,"Itum5","Itum 5 October"
"AutumRoyal_37bands_25",22.3,0.1587,30.6978575929427,"AutumRoyal","Autumn Royal 1 November"
"Crimson_37bands_26",18.1,0.1228,0.718648208469055,"Crimson","Crimson September"
"Itum4_37bands_26",17.3,0.1175,0.1,"Itum4","Itum 4 September"
"Itum5_37bands_26",20.3,0.0796,0.0345477386934673,"Itum5","Itum 5 October"
"AutumRoyal_37bands_26",20.7,0.2315,24.9125269978402,"AutumRoyal","Autumn Royal 1 November"
"Itum9_37bands_26",17.9,0.0739,31.7117726657646,"Itum9","Itum 9 September"
"Crimson_37bands_27",19,0.1394,0.677905308464849,"Crimson","Crimson September"
"Itum4_37bands_27",17.2,0.0935,0.0160427807486631,"Itum4","Itum 4 September"
"Itum9_37bands_27",17.6,0.1162,29.328743545611,"Itum9","Itum 9 September"
"Itum5_37bands_27",15,0.1547,0.324822236586942,"Itum5","Itum 5 October"
"AutumRoyal_37bands_27",20.9,0.1686,18.4534400948992,"AutumRoyal","Autumn Royal 1 November"
"Itum9_37bands_28",19.3,0.0805,41.1739130434783,"Itum9","Itum 9 September"
"Itum5_37bands_28",18.1,0.0981,0.112130479102956,"Itum5","Itum 5 October"
"AutumRoyal_37bands_28",15.2,0.1427,22.3283111422565,"AutumRoyal","Autumn Royal 1 November"
"Crimson_37bands_28",19.1,0.1097,3.57110300820419,"Crimson","Crimson September"
"Crimson_37bands_29",20.1,0.144,0.317708333333333,"Crimson","Crimson September"
"Itum4_37bands_29",17.7,0.1444,0.0121191135734072,"Itum4","Itum 4 September"
"Itum9_37bands_29",20.9,0.1388,32.7197406340058,"Itum9","Itum 9 September"
"Itum5_37bands_29",16.5,0.1244,0.211012861736334,"Itum5","Itum 5 October"
"AutumRoyal_37bands_29",16.1,0.0708,17.9872881355932,"AutumRoyal","Autumn Royal 1 November"
"Crimson_37bands_30",18.7,0.1129,3.55181576616475,"Crimson","Crimson September"
"Itum9_37bands_30",16.8,0.0185,29.945945945946,"Itum9","Itum 9 September"
"AutumRoyal_37bands_30",25.8,0.1219,21.5955701394586,"AutumRoyal","Autumn Royal 1 November"
"Itum5_37bands_30",16.6,0.1055,0.246445497630332,"Itum5","Itum 5 October"
"Crimson_37bands_31",20.7,0.1163,2.77300085984523,"Crimson","Crimson September"
"Itum4_37bands_31",19.3,0.0871,0.0143513203214696,"Itum4","Itum 4 September"
"Itum9_37bands_31",18.4,0.128,49.685546875,"Itum9","Itum 9 September"
"Itum5_37bands_31",21.1,0.0712,0.354634831460674,"Itum5","Itum 5 October"
"AutumRoyal_37bands_31",21.4,0.1428,1.70168067226891,"AutumRoyal","Autumn Royal 1 November"
"Crimson_37bands_32",21,0.1199,3.41534612176814,"Crimson","Crimson September"
"Itum4_37bands_32",19.4,0.1477,0.00507786052809749,"Itum4","Itum 4 September"
"Itum9_37bands_32",16.5,0.1142,23.9470227670753,"Itum9","Itum 9 September"
"AutumRoyal_37bands_32",21.2,0.0867,27.8171856978085,"AutumRoyal","Autumn Royal 1 November"
"Itum5_37bands_32",20.2,0.1252,0.113817891373802,"Itum5","Itum 5 October"
"Crimson_37bands_33",20.2,0.1262,0.774564183835182,"Crimson","Crimson September"
"Itum5_37bands_33",21.5,0.1357,0.132645541635962,"Itum5","Itum 5 October"
"AutumRoyal_37bands_33",15.7,0.0832,12.0342548076923,"AutumRoyal","Autumn Royal 1 November"
"Itum9_37bands_33",17,0.086,45.8546511627907,"Itum9","Itum 9 September"
"Crimson_37bands_34",22.3,0.139,0.54136690647482,"Crimson","Crimson September"
"Itum4_37bands_34",17.4,0.1582,0.0410872313527181,"Itum4","Itum 4 September"
"Itum9_37bands_34",19.7,0.0402,29.6206467661692,"Itum9","Itum 9 September"
"Itum5_37bands_34",18.3,0.135,0.418518518518519,"Itum5","Itum 5 October"
"AutumRoyal_37bands_34",13.4,0.2131,3.99108399812295,"AutumRoyal","Autumn Royal 1 November"
"Crimson_37bands_35",19.3,0.0616,1.93993506493506,"Crimson","Crimson September"
"Itum9_37bands_35",20.1,0.0953,47.7833158447009,"Itum9","Itum 9 September"
"AutumRoyal_37bands_35",20.1,0.1543,33.6341542449773,"AutumRoyal","Autumn Royal 1 November"
"Itum5_37bands_35",16,0.0767,0.303129074315515,"Itum5","Itum 5 October"
"Crimson_37bands_36",19.4,0.0646,2.48839009287926,"Crimson","Crimson September"
"Itum9_37bands_36",16.1,0.1277,34.4322631166797,"Itum9","Itum 9 September"
"Itum5_37bands_36",17.3,0.1261,0.257731958762887,"Itum5","Itum 5 October"
"AutumRoyal_37bands_36",18.4,0.2777,5.19895570759813,"AutumRoyal","Autumn Royal 1 November"
"Itum4_37bands_37",19.1,0.0692,0.0289017341040462,"Itum4","Itum 4 September"
"Itum5_37bands_37",15.6,0.1064,0.300751879699248,"Itum5","Itum 5 October"
"AutumRoyal_37bands_37",19.5,0.1532,39.3847911227154,"AutumRoyal","Autumn Royal 1 November"
"Crimson_37bands_37",21.5,0.1568,1.42697704081633,"Crimson","Crimson September"
"Crimson_37bands_38",19.6,0.1906,2.13011542497377,"Crimson","Crimson September"
"Itum4_37bands_38",20.9,0.0952,0.123424369747899,"Itum4","Itum 4 September"
"Itum9_37bands_38",17.5,0.1316,43.8753799392097,"Itum9","Itum 9 September"
"Itum5_37bands_38",14.7,0.103,0.388349514563107,"Itum5","Itum 5 October"
"AutumRoyal_37bands_38",20.2,0.0818,24.1106356968215,"AutumRoyal","Autumn Royal 1 November"
"Crimson_37bands_39",19.5,0.0795,2.30503144654088,"Crimson","Crimson September"
"Itum9_37bands_39",19.3,0.1119,36.3427167113494,"Itum9","Itum 9 September"
"AutumRoyal_37bands_39",21.5,0.1716,62.6835664335664,"AutumRoyal","Autumn Royal 1 November"
"Itum4_37bands_39",17.5,0.0616,0.0527597402597403,"Itum4","Itum 4 September"
"Itum5_37bands_39",14.8,0.0876,0.393835616438356,"Itum5","Itum 5 October"
"Itum4_37bands_40",18.8,0.1128,0.0908687943262411,"Itum4","Itum 4 September"
"Itum5_37bands_40",14.2,0.1101,0.288374205267938,"Itum5","Itum 5 October"
"AutumRoyal_37bands_40",17.4,0.0925,30.5405405405405,"AutumRoyal","Autumn Royal 1 November"
"Crimson_37bands_40",21.2,0.1211,2.18827415359207,"Crimson","Crimson September"
"Itum9_37bands_40",20.9,0.125,92.73,"Itum9","Itum 9 September"
"AutumRoyal_37bands_41",22.5,0.0895,31.1312849162011,"AutumRoyal","Autumn Royal 1 November"
"Crimson_37bands_41",23.2,0.0612,2.63071895424837,"Crimson","Crimson September"
"Itum9_37bands_41",18.7,0.0454,26.6354625550661,"Itum9","Itum 9 September"
"Itum5_37bands_41",15.9,0.1062,0.25894538606403,"Itum5","Itum 5 October"
"Crimson_37bands_42",20.7,0.0645,2.87596899224806,"Crimson","Crimson September"
"Itum9_37bands_42",17.7,0.1189,19.3608074011775,"Itum9","Itum 9 September"
"AutumRoyal_37bands_42",14.2,0.0816,7.8094362745098,"AutumRoyal","Autumn Royal 1 November"
"Itum5_37bands_42",18.1,0.0876,0.430936073059361,"Itum5","Itum 5 October"
"Crimson_37bands_43",20,0.0957,0.318704284221526,"Crimson","Crimson September"
"Itum4_37bands_43",22,0.0618,0.149676375404531,"Itum4","Itum 4 September"
"Itum5_37bands_43",14.5,0.1102,0.263157894736842,"Itum5","Itum 5 October"
"AutumRoyal_37bands_43",12.3,0.0602,7.68687707641196,"AutumRoyal","Autumn Royal 1 November"
"Crimson_37bands_44",21.4,0.1223,0.729762878168438,"Crimson","Crimson September"
"Itum4_37bands_44",18.5,1283,8.57365549493375e-06,"Itum4","Itum 4 September"
"Itum9_37bands_44",19.2,0.1177,36.8946474086661,"Itum9","Itum 9 September"
"Itum5_37bands_44",22.9,0.1021,0.186092066601371,"Itum5","Itum 5 October"
"AutumRoyal_37bands_44",22.3,0.095,40.5789473684211,"AutumRoyal","Autumn Royal 1 November"
"Itum5_37bands_45",16.3,0.0713,0.245441795231417,"Itum5","Itum 5 October"
"AutumRoyal_37bands_45",20.9,0.1107,22.6377597109304,"AutumRoyal","Autumn Royal 1 November"
"Itum4_37bands_45",17.2,0.0555,0.130630630630631,"Itum4","Itum 4 September"
"Itum5_37bands_46",14.3,0.0853,0.723915592028136,"Itum5","Itum 5 October"
"AutumRoyal_37bands_46",13.2,0.0451,17.3281596452328,"AutumRoyal","Autumn Royal 1 November"
"Crimson_37bands_46",20.4,0.0658,1.04103343465046,"Crimson","Crimson September"
"Itum9_37bands_46",18.1,0.0731,16.4227086183311,"Itum9","Itum 9 September"
"Crimson_37bands_47",19.5,0.0965,1.08031088082902,"Crimson","Crimson September"
"Itum4_37bands_47",17.4,0.0615,0.016260162601626,"Itum4","Itum 4 September"
"Itum5_37bands_47",15.8,0.1037,0.29893924783028,"Itum5","Itum 5 October"
"AutumRoyal_37bands_47",21.4,0.1069,17.6753975678204,"AutumRoyal","Autumn Royal 1 November"
"Itum9_37bands_48",18.5,0.1013,56.2068114511352,"Itum9","Itum 9 September"
"AutumRoyal_37bands_48",22,0.2239,32.9432782492184,"AutumRoyal","Autumn Royal 1 November"
"Crimson_37bands_48",22.1,0.0394,1.98604060913706,"Crimson","Crimson September"
"Itum4_37bands_48",17,0.0574,0.152439024390244,"Itum4","Itum 4 September"
"Itum5_37bands_48",14.8,0.0442,0.480769230769231,"Itum5","Itum 5 October"
"Crimson_37bands_49",22.8,0.0475,3.65263157894737,"Crimson","Crimson September"
"Itum9_37bands_49",18.7,0.115,95.595652173913,"Itum9","Itum 9 September"
"Itum5_37bands_49",15.2,0.0727,0.46767537826685,"Itum5","Itum 5 October"
"AutumRoyal_37bands_49",20.2,0.1283,47.2155105222136,"AutumRoyal","Autumn Royal 1 November"
"Crimson_37bands_50",18.5,0.04,0.40625,"Crimson","Crimson September"
"Itum9_37bands_50",18.1,0.0367,15.3474114441417,"Itum9","Itum 9 September"
"AutumRoyal_37bands_50",22.9,0.1032,34.3822674418605,"AutumRoyal","Autumn Royal 1 November"
"Itum4_37bands_50",19.2,0.1414,0.0601131541725601,"Itum4","Itum 4 September"
"Itum5_37bands_50",19,0.1368,0.166301169590643,"Itum5","Itum 5 October"
"Itum4_37bands_51",18.7,0.0879,0.0284414106939704,"Itum4","Itum 4 September"
"Itum9_37bands_51",21.2,0.0545,54.6743119266055,"Itum9","Itum 9 September"
"Itum5_37bands_51",18.8,0.1045,0.26555023923445,"Itum5","Itum 5 October"
"AutumRoyal_37bands_51",13.7,0.0209,31.2320574162679,"AutumRoyal","Autumn Royal 1 November"
"Crimson_37bands_51",22.6,0.04,2.85625,"Crimson","Crimson September"
"Crimson_37bands_52",20.4,0.1198,2.99457429048414,"Crimson","Crimson September"
"Itum9_37bands_52",19.1,0.1084,22.5576568265683,"Itum9","Itum 9 September"
"Itum5_37bands_52",15,0.0919,0.252992383025027,"Itum5","Itum 5 October"
"AutumRoyal_37bands_52",20.7,0.1018,43.3742632612967,"AutumRoyal","Autumn Royal 1 November"
"Itum4_37bands_52",19.8,0.0258,0.0678294573643411,"Itum4","Itum 4 September"
"Crimson_37bands_53",18.2,0.0676,1.93786982248521,"Crimson","Crimson September"
"Itum4_37bands_53",16.2,0.0777,0.0933075933075933,"Itum4","Itum 4 September"
"Itum5_37bands_53",15.8,0.0731,0.300957592339261,"Itum5","Itum 5 October"
"Itum9_37bands_53",16.8,0.0626,9.66054313099042,"Itum9","Itum 9 September"
"Crimson_37bands_54",20.5,0.046,2.20652173913044,"Crimson","Crimson September"
"Itum9_37bands_54",18.1,0.0689,30.2975326560232,"Itum9","Itum 9 September"
"Itum5_37bands_54",15.9,0.1196,0.317725752508361,"Itum5","Itum 5 October"
"AutumRoyal_37bands_54",12.5,0.0736,11.015625,"AutumRoyal","Autumn Royal 1 November"
"Itum4_37bands_54",17.9,0.0854,0.00585480093676815,"Itum4","Itum 4 September"
"Crimson_37bands_55",21.9,0.0642,1.81464174454829,"Crimson","Crimson September"
"Itum4_37bands_55",19.7,0.0877,0.0456100342075257,"Itum4","Itum 4 September"
"Itum5_37bands_55",16.4,0.066,0.363636363636364,"Itum5","Itum 5 October"
"AutumRoyal_37bands_55",19.9,0.1291,25.2749806351665,"AutumRoyal","Autumn Royal 1 November"
"Itum9_37bands_55",19.8,0.0594,35.6271043771044,"Itum9","Itum 9 September"
"Crimson_37bands_56",21.4,0.022,7.11363636363636,"Crimson","Crimson September"
"Itum5_37bands_56",14.6,0.1011,0.321463897131553,"Itum5","Itum 5 October"
"Itum4_37bands_56",13.3,0.0904,0.116150442477876,"Itum4","Itum 4 September"
"AutumRoyal_37bands_56",14.2,0.0814,4.41953316953317,"AutumRoyal","Autumn Royal 1 November"
"Crimson_37bands_57",19.9,0.1133,0.900264783759929,"Crimson","Crimson September"
"Itum4_37bands_57",15.2,0.0811,0.0061652281134402,"Itum4","Itum 4 September"
"Itum9_37bands_57",18.1,0.0822,10.1307785888078,"Itum9","Itum 9 September"
"Itum5_37bands_57",15.3,0.1076,0.199814126394052,"Itum5","Itum 5 October"
"AutumRoyal_37bands_57",22.8,0.098,39.5382653061224,"AutumRoyal","Autumn Royal 1 November"
"Itum4_37bands_58",16.7,0.0677,0.0147710487444609,"Itum4","Itum 4 September"
"Itum9_37bands_58",19.2,0.1086,24.2610497237569,"Itum9","Itum 9 September"
"Itum5_37bands_58",14.3,0.0941,0.24442082890542,"Itum5","Itum 5 October"
"AutumRoyal_37bands_58",14.1,0.1415,10.7897526501767,"AutumRoyal","Autumn Royal 1 November"
"Crimson_37bands_58",21.1,0.1053,1.40075973409307,"Crimson","Crimson September"
"Crimson_37bands_59",22.8,0.0819,2.18559218559219,"Crimson","Crimson September"
"Itum9_37bands_59",18.3,0.1658,12.3582629674306,"Itum9","Itum 9 September"
"Itum5_37bands_59",18.9,0.068,0.202205882352941,"Itum5","Itum 5 October"
"AutumRoyal_37bands_59",13,0.0286,28.3479020979021,"AutumRoyal","Autumn Royal 1 November"
"Itum4_37bands_59",16.5,0.0487,0.0975359342915811,"Itum4","Itum 4 September"
"Itum4_37bands_60",17.9,0.1049,0.104861773117255,"Itum4","Itum 4 September"
"Itum9_37bands_60",17.3,0.1123,10.9127337488869,"Itum9","Itum 9 September"
"AutumRoyal_37bands_60",14.5,0.0787,13.6277001270648,"AutumRoyal","Autumn Royal 1 November"
"Crimson_37bands_60",22,0.1268,1.18493690851735,"Crimson","Crimson September"
"Itum5_37bands_60",18.3,0.1092,0.192307692307692,"Itum5","Itum 5 October"
"Crimson_37bands_61",20.7,0.1456,0.535714285714286,"Crimson","Crimson September"
"Itum4_37bands_61",14,0.06,0.145833333333333,"Itum4","Itum 4 September"
"Itum9_37bands_61",18.4,0.0404,59.2636138613861,"Itum9","Itum 9 September"
"Itum5_37bands_61",15.5,0.0998,0.127755511022044,"Itum5","Itum 5 October"
"AutumRoyal_37bands_61",21.1,0.0891,63.3473625140292,"AutumRoyal","Autumn Royal 1 November"
"Crimson_37bands_62",19.6,0.0437,0.652173913043478,"Crimson","Crimson September"
"Itum4_37bands_62",14,0.0679,0.0257731958762887,"Itum4","Itum 4 September"
"Itum9_37bands_62",17.9,0.121,21.202479338843,"Itum9","Itum 9 September"
"Itum5_37bands_62",17.3,0.0934,0.160599571734475,"Itum5","Itum 5 October"
"AutumRoyal_37bands_62",13.9,0.0994,12.1428571428571,"AutumRoyal","Autumn Royal 1 November"
"Crimson_37bands_63",18.5,0.0949,1.30400421496312,"Crimson","Crimson September"
"Itum9_37bands_63",17.5,0.124,17.0725806451613,"Itum9","Itum 9 September"
"AutumRoyal_37bands_63",14.2,0.1042,7.33445297504798,"AutumRoyal","Autumn Royal 1 November"
"Itum4_37bands_63",16,0.0711,0.0527426160337553,"Itum4","Itum 4 September"
"Itum5_37bands_63",15.4,0.1358,0.163843888070692,"Itum5","Itum 5 October"
"Crimson_37bands_64",18.9,0.0783,0.903575989782886,"Crimson","Crimson September"
"Itum4_37bands_64",15.9,0.1221,0.0675675675675676,"Itum4","Itum 4 September"
"Itum5_37bands_64",14.9,0.0697,0.143472022955524,"Itum5","Itum 5 October"
"AutumRoyal_37bands_64",20.7,0.0586,50.0511945392491,"AutumRoyal","Autumn Royal 1 November"
"Itum9_37bands_64",21.8,0.1067,41.0356138706654,"Itum9","Itum 9 September"
"Crimson_37bands_65",21.3,0.061,1.19672131147541,"Crimson","Crimson September"
"Itum4_37bands_65",20.2,0.0285,0.0526315789473684,"Itum4","Itum 4 September"
"Itum5_37bands_65",15.9,0.0967,0.279214064115822,"Itum5","Itum 5 October"
"AutumRoyal_37bands_65",16.2,0.1094,5.24223034734918,"AutumRoyal","Autumn Royal 1 November"
"Itum9_37bands_65",19.8,0.1282,23.2449297971919,"Itum9","Itum 9 September"
"Crimson_37bands_66",21.6,0.0272,1.78308823529412,"Crimson","Crimson September"
"Itum4_37bands_66",18.1,0.145,0.0431034482758621,"Itum4","Itum 4 September"
"Itum9_37bands_66",18.9,0.13,36.2615384615385,"Itum9","Itum 9 September"
"AutumRoyal_37bands_66",12.6,0.0771,16.352140077821,"AutumRoyal","Autumn Royal 1 November"
"Itum5_37bands_66",15.5,0.1052,0.313688212927757,"Itum5","Itum 5 October"
"Itum4_37bands_67",14.3,0.0593,0.223440134907251,"Itum4","Itum 4 September"
"AutumRoyal_37bands_67",20.8,0.115,30.7760869565217,"AutumRoyal","Autumn Royal 1 November"
"Crimson_37bands_67",22.6,0.0865,1.76878612716763,"Crimson","Crimson September"
"Itum9_37bands_67",17.9,0.012,67.1458333333333,"Itum9","Itum 9 September"
"Itum5_37bands_67",14.5,0.105,0.266666666666667,"Itum5","Itum 5 October"
"Crimson_37bands_68",20.5,0.1259,0.633439237490071,"Crimson","Crimson September"
"Itum4_37bands_68",16.3,0.1305,0.208812260536398,"Itum4","Itum 4 September"
"Itum9_37bands_68",16.9,0.0882,22.7947845804989,"Itum9","Itum 9 September"
"AutumRoyal_37bands_68",22.4,0.0769,37.2041612483745,"AutumRoyal","Autumn Royal 1 November"
"Itum5_37bands_68",16.3,0.1214,0.179159802306425,"Itum5","Itum 5 October"
"Crimson_37bands_69",18.2,0.0797,1.76599749058971,"Crimson","Crimson September"
"Itum9_37bands_69",18.8,0.0945,23.7248677248677,"Itum9","Itum 9 September"
"Itum4_37bands_69",13.7,0.0961,0.111862643080125,"Itum4","Itum 4 September"
"Itum5_37bands_69",16.1,0.1225,0.273469387755102,"Itum5","Itum 5 October"
"AutumRoyal_37bands_69",22.1,0.2113,22.411263606247,"AutumRoyal","Autumn Royal 1 November"
"Itum4_37bands_70",15.6,0.0631,0.0118858954041204,"Itum4","Itum 4 September"
"Itum9_37bands_70",20.8,0.1439,37.6077136900625,"Itum9","Itum 9 September"
"AutumRoyal_37bands_70",22.3,0.0582,29.463058419244,"AutumRoyal","Autumn Royal 1 November"
"Itum5_37bands_70",13.6,0.1106,0.266726943942134,"Itum5","Itum 5 October"
"Crimson_37bands_71",19,0.081,0.944444444444444,"Crimson","Crimson September"
"Itum4_37bands_71",18.6,0.1076,0.0116171003717472,"Itum4","Itum 4 September"
"Itum9_37bands_71",17.9,0.0772,54.1612694300518,"Itum9","Itum 9 September"
"Itum5_37bands_71",12.6,0.06,0.408333333333333,"Itum5","Itum 5 October"
"AutumRoyal_37bands_71",15.8,0.112,5.25,"AutumRoyal","Autumn Royal 1 November"
"Crimson_37bands_72",19.4,0.0163,1.57975460122699,"Crimson","Crimson September"
"Itum5_37bands_72",19,0.1064,0.19031954887218,"Itum5","Itum 5 October"
"AutumRoyal_37bands_72",21.5,0.1027,37.5827653359299,"AutumRoyal","Autumn Royal 1 November"
"Itum4_37bands_72",15.3,0.1025,0.0634146341463415,"Itum4","Itum 4 September"
"Crimson_37bands_73",21.6,0.445,0.27247191011236,"Crimson","Crimson September"
"Itum4_37bands_73",16,0.1016,0.147637795275591,"Itum4","Itum 4 September"
"Itum9_37bands_73",17.4,0.0992,33.5559475806452,"Itum9","Itum 9 September"
"Itum5_37bands_73",14.3,0.0721,0.190707350901526,"Itum5","Itum 5 October"
"AutumRoyal_37bands_73",16.9,0.1528,9.83638743455498,"AutumRoyal","Autumn Royal 1 November"
"Crimson_37bands_74",20.1,0.0595,2.09663865546218,"Crimson","Crimson September"
"Itum4_37bands_74",17.3,0.0861,0.0203252032520325,"Itum4","Itum 4 September"
"Itum9_37bands_74",22.1,0.1291,77.9550735863672,"Itum9","Itum 9 September"
"Itum5_37bands_74",19.2,0.0508,0.536417322834646,"Itum5","Itum 5 October"
"AutumRoyal_37bands_74",15,0.0729,5.78532235939643,"AutumRoyal","Autumn Royal 1 November"
"Crimson_37bands_75",17.6,0.0472,1.58898305084746,"Crimson","Crimson September"
"Itum9_37bands_75",19.2,0.0107,90.6308411214953,"Itum9","Itum 9 September"
"Itum5_37bands_75",17.3,0.0842,0.385985748218527,"Itum5","Itum 5 October"
"Itum4_37bands_75",16.8,0.0978,0.265848670756646,"Itum4","Itum 4 September"
"AutumRoyal_37bands_75",14.5,0.1951,3.31624807790877,"AutumRoyal","Autumn Royal 1 November"
"Crimson_37bands_76",16.4,0.0711,0.89662447257384,"Crimson","Crimson September"
"Itum4_37bands_76",13.9,0.0878,0.0626423690205011,"Itum4","Itum 4 September"
"Itum9_37bands_76",19.2,0.096,15.5963541666667,"Itum9","Itum 9 September"
"Itum5_37bands_76",17.9,0.1129,0.106288751107174,"Itum5","Itum 5 October"
"AutumRoyal_37bands_76",16.3,0.039,46.3525641025641,"AutumRoyal","Autumn Royal 1 November"
"Crimson_37bands_77",16.2,0.0745,0.929530201342282,"Crimson","Crimson September"
"Itum5_37bands_77",21.6,0.1265,0.177865612648221,"Itum5","Itum 5 October"
"Itum4_37bands_77",18.1,0.499,0.0140280561122244,"Itum4","Itum 4 September"
"Itum9_37bands_77",17.6,0.1354,16.6414327917282,"Itum9","Itum 9 September"
"AutumRoyal_37bands_77",15.6,0.1509,11.3187541418158,"AutumRoyal","Autumn Royal 1 November"
"Crimson_37bands_78",16.9,0.0978,0.825664621676891,"Crimson","Crimson September"
"Itum4_37bands_78",17.1,0.1026,0.13401559454191,"Itum4","Itum 4 September"
"Itum9_37bands_78",16.7,0.0802,39.0679551122195,"Itum9","Itum 9 September"
"Itum5_37bands_78",19.7,0.0926,0.215982721382289,"Itum5","Itum 5 October"
"AutumRoyal_37bands_78",14.7,0.1681,2.3051754907793,"AutumRoyal","Autumn Royal 1 November"
"Itum4_37bands_79",16.9,0.0985,0.0710659898477157,"Itum4","Itum 4 September"
"Itum9_37bands_79",17.5,0.0933,19.0889603429796,"Itum9","Itum 9 September"
"Itum5_37bands_79",19.1,0.1929,0.128304821150855,"Itum5","Itum 5 October"
"AutumRoyal_37bands_79",23.6,0.1018,28.909626719057,"AutumRoyal","Autumn Royal 1 November"
"Crimson_37bands_80",20,0.0555,3.09009009009009,"Crimson","Crimson September"
"Itum4_37bands_80",16.8,0.0896,0.131138392857143,"Itum4","Itum 4 September"
"Itum5_37bands_80",13.6,0.0712,0.368679775280899,"Itum5","Itum 5 October"
"AutumRoyal_37bands_80",18.6,0.0576,26.7317708333333,"AutumRoyal","Autumn Royal 1 November"
"Itum9_37bands_80",18.4,0.1264,17.9865506329114,"Itum9","Itum 9 September"
"Crimson_37bands_81",19.7,0.0694,0.914985590778098,"Crimson","Crimson September"
"Itum9_37bands_81",19.2,0.086,25.8604651162791,"Itum9","Itum 9 September"
"Itum5_37bands_81",14.9,0.1506,0.170982735723772,"Itum5","Itum 5 October"
"AutumRoyal_37bands_81",12.3,0.106,10.7216981132075,"AutumRoyal","Autumn Royal 1 November"
"Itum4_37bands_81",16.7,0.1485,0.069023569023569,"Itum4","Itum 4 September"
"Crimson_37bands_82",18.7,0.0546,2.97619047619048,"Crimson","Crimson September"
"Itum5_37bands_82",17.2,0.179,0.11731843575419,"Itum5","Itum 5 October"
"Itum9_37bands_82",15.9,0.1007,25.474180734856,"Itum9","Itum 9 September"
"Itum5_37bands_83",24.3,0.2392,0.198578595317726,"Itum5","Itum 5 October"
"Itum4_37bands_83",18.6,0.1062,0.124764595103578,"Itum4","Itum 4 September"
"Itum9_37bands_83",19.1,0.0994,27.5452716297787,"Itum9","Itum 9 September"
"AutumRoyal_37bands_83",21,0.1124,14.3883451957295,"AutumRoyal","Autumn Royal 1 November"
"Itum5_37bands_84",19.4,0.1016,0.135334645669291,"Itum5","Itum 5 October"
"Crimson_37bands_84",16.4,0.0771,1.99092088197147,"Crimson","Crimson September"
"Itum4_37bands_84",18.7,0.0604,0.0289735099337748,"Itum4","Itum 4 September"
"Itum9_37bands_84",16.7,0.0852,13.2042253521127,"Itum9","Itum 9 September"
"AutumRoyal_37bands_84",14.5,0.1695,11.4631268436578,"AutumRoyal","Autumn Royal 1 November"
"Crimson_37bands_85",19.3,0.1392,0.757902298850575,"Crimson","Crimson September"
"Itum9_37bands_85",18.8,0.1379,11.0714285714286,"Itum9","Itum 9 September"
"Itum5_37bands_85",17.4,0.1239,0.201775625504439,"Itum5","Itum 5 October"
"AutumRoyal_37bands_85",21.2,0.0633,34.4431279620853,"AutumRoyal","Autumn Royal 1 November"
"Itum4_37bands_85",18,0.0886,0.629232505643341,"Itum4","Itum 4 September"
"Itum4_37bands_86",14.4,0.0774,0.0904392764857881,"Itum4","Itum 4 September"
"Itum9_37bands_86",21.3,0.0902,34.2793791574279,"Itum9","Itum 9 September"
"AutumRoyal_37bands_86",20.1,0.1208,24.6461092715232,"AutumRoyal","Autumn Royal 1 November"
"Crimson_37bands_86",17.4,0.0632,1.57832278481013,"Crimson","Crimson September"
"Itum5_37bands_86",16.2,0.1528,0.147251308900524,"Itum5","Itum 5 October"
"Crimson_37bands_87",19.5,0.1097,0.895624430264357,"Crimson","Crimson September"
"Itum4_37bands_87",13.5,0.1302,0.130568356374808,"Itum4","Itum 4 September"
"Itum9_37bands_87",18,0.0737,31.2890094979647,"Itum9","Itum 9 September"
"Itum5_37bands_87",15.8,0.181,0.136740331491713,"Itum5","Itum 5 October"
"AutumRoyal_37bands_87",24.2,0.0763,40.1900393184797,"AutumRoyal","Autumn Royal 1 November"
"Crimson_37bands_88",21.9,0.0899,1.39043381535039,"Crimson","Crimson September"
"Itum4_37bands_88",16.8,0.1507,0.0696748506967485,"Itum4","Itum 4 September"
"Itum5_37bands_88",15.2,0.1064,0.335996240601504,"Itum5","Itum 5 October"
"AutumRoyal_37bands_88",21.1,0.112,13.8058035714286,"AutumRoyal","Autumn Royal 1 November"
"Itum9_37bands_88",17.6,0.1262,15.493264659271,"Itum9","Itum 9 September"
"Crimson_37bands_89",18.2,0.0973,1.75154162384378,"Crimson","Crimson September"
"Itum4_37bands_89",14.5,0.0789,0.304182509505703,"Itum4","Itum 4 September"
"Itum9_37bands_89",18.6,0.1306,11.2767993874426,"Itum9","Itum 9 September"
"Itum5_37bands_89",16.3,0.145,0.0551724137931035,"Itum5","Itum 5 October"
"AutumRoyal_37bands_89",18.2,0.0823,23.3262454434994,"AutumRoyal","Autumn Royal 1 November"
"Crimson_37bands_90",22.9,0.0926,3.20464362850972,"Crimson","Crimson September"
"Itum4_37bands_90",17.1,0.1244,0.0261254019292605,"Itum4","Itum 4 September"
"Itum9_37bands_90",20,0.1785,27.593837535014,"Itum9","Itum 9 September"
"Itum5_37bands_90",16.4,0.1999,0.422711355677839,"Itum5","Itum 5 October"
"AutumRoyal_37bands_90",17.4,0.104,11.7956730769231,"AutumRoyal","Autumn Royal 1 November"
"Crimson_37bands_91",22.7,0.1028,3.88618677042802,"Crimson","Crimson September"
"Itum4_37bands_91",14.1,0.1004,0.283864541832669,"Itum4","Itum 4 September"
"Itum9_37bands_91",19.9,0.0874,51.9994279176201,"Itum9","Itum 9 September"
"AutumRoyal_37bands_91",18.8,0.0895,28.7290502793296,"AutumRoyal","Autumn Royal 1 November"
"Itum5_37bands_91",15.3,0.0766,0.404699738903394,"Itum5","Itum 5 October"
"Crimson_37bands_92",20.9,0.037,2.50675675675676,"Crimson","Crimson September"
"Itum4_37bands_92",13.8,0.0855,0.359649122807017,"Itum4","Itum 4 September"
"Itum5_37bands_92",17.6,0.1599,0.220450281425891,"Itum5","Itum 5 October"
"Itum9_37bands_92",19,0.1014,10.8974358974359,"Itum9","Itum 9 September"
"Itum4_37bands_93",16.7,0.1193,0.490360435875943,"Itum4","Itum 4 September"
"Itum9_37bands_93",18.4,0.1076,12.6812267657993,"Itum9","Itum 9 September"
"Crimson_37bands_93",20.5,0.0847,2.59445100354191,"Crimson","Crimson September"
"Itum5_37bands_93",14.9,0.1096,0.264598540145985,"Itum5","Itum 5 October"
"AutumRoyal_37bands_93",19.5,0.0319,17.4216300940439,"AutumRoyal","Autumn Royal 1 November"
"Crimson_37bands_94",21.4,0.0354,1.94915254237288,"Crimson","Crimson September"
"Itum9_37bands_94",19.1,0.0334,21.2949101796407,"Itum9","Itum 9 September"
"Itum5_37bands_94",15.7,0.1377,0.185185185185185,"Itum5","Itum 5 October"
"Itum4_37bands_94",15.4,0.1223,0.723630417007359,"Itum4","Itum 4 September"
"Crimson_37bands_95",18.9,0.1017,2.69174041297935,"Crimson","Crimson September"
"Itum5_37bands_95",14.1,0.09,0.35,"Itum5","Itum 5 October"
"AutumRoyal_37bands_95",18.3,0.1065,10.8896713615023,"AutumRoyal","Autumn Royal 1 November"
"Itum4_37bands_95",12.8,0.0894,0.98993288590604,"Itum4","Itum 4 September"
"Itum9_37bands_95",17.4,0.0241,50.1763485477179,"Itum9","Itum 9 September"
"Crimson_37bands_96",20.5,0.096,1.71354166666667,"Crimson","Crimson September"
"Itum5_37bands_96",19,0.1083,0.0600184672206833,"Itum5","Itum 5 October"
"Itum9_37bands_96",18,0.0923,14.0438786565547,"Itum9","Itum 9 September"
"AutumRoyal_37bands_96",21.2,0.1463,24.6787423103213,"AutumRoyal","Autumn Royal 1 November"
"Crimson_37bands_97",18.8,0.097,3.77061855670103,"Crimson","Crimson September"
"Itum4_37bands_97",17.4,0.2246,0.0946126447016919,"Itum4","Itum 4 September"
"Itum9_37bands_97",16.4,0.1035,11.7270531400966,"Itum9","Itum 9 September"
"Itum5_37bands_97",19,0.0758,0.758575197889182,"Itum5","Itum 5 October"
"AutumRoyal_37bands_97",20.5,0.1105,47.8054298642534,"AutumRoyal","Autumn Royal 1 November"
"Crimson_37bands_98",19.7,0.1405,1.49466192170818,"Crimson","Crimson September"
"Itum4_37bands_98",19.3,0.1061,0.127238454288407,"Itum4","Itum 4 September"
"Itum5_37bands_98",16.2,0.1312,1.39862804878049,"Itum5","Itum 5 October"
"Itum9_37bands_98",17.7,0.045,20.5166666666667,"Itum9","Itum 9 September"
"AutumRoyal_37bands_98",19.4,0.1145,52.617903930131,"AutumRoyal","Autumn Royal 1 November"
"Crimson_37bands_99",19.8,0.1514,1.7057463672391,"Crimson","Crimson September"
"Itum5_37bands_99",18.8,0.1066,1.3391181988743,"Itum5","Itum 5 October"
"AutumRoyal_37bands_99",15.3,0.1041,19.8583093179635,"AutumRoyal","Autumn Royal 1 November"
"Itum9_37bands_99",18.2,0.474,2.78428270042194,"Itum9","Itum 9 September"
"Crimson_37bands_100",21.1,0.1089,2.1763085399449,"Crimson","Crimson September"
"Itum4_37bands_100",14.8,0.1384,0.0921242774566474,"Itum4","Itum 4 September"
"Itum9_37bands_100",17.1,0.1028,24.6716926070039,"Itum9","Itum 9 September"
"Itum5_37bands_100",15.5,0.1909,0.450497642744893,"Itum5","Itum 5 October"
"AutumRoyal_37bands_100",21,0.1218,30.2463054187192,"AutumRoyal","Autumn Royal 1 November"
"Crimson_37bands_101",21.2,0.1535,1.4413680781759,"Crimson","Crimson September"
"Itum4_37bands_101",15.1,0.1386,0.0505050505050505,"Itum4","Itum 4 September"
"Itum9_37bands_101",21.4,0.103,43.0533980582524,"Itum9","Itum 9 September"
"Itum5_37bands_101",17.1,0.1478,0.417794316644114,"Itum5","Itum 5 October"
"AutumRoyal_37bands_101",20.2,0.0702,39.9608262108262,"AutumRoyal","Autumn Royal 1 November"
"Crimson_37bands_102",20,0.1007,1.78003972194638,"Crimson","Crimson September"
"Itum9_37bands_102",17.7,0.0908,22.3100220264317,"Itum9","Itum 9 September"
"Itum5_37bands_102",18.1,0.1455,0.398625429553265,"Itum5","Itum 5 October"
"AutumRoyal_37bands_102",21.5,0.1812,29.3073951434879,"AutumRoyal","Autumn Royal 1 November"
"Itum4_37bands_102",16.8,0.0927,0.075512405609493,"Itum4","Itum 4 September"
"Crimson_37bands_197",20.3,0.0738,6.46341463414634,"Crimson","Crimson October"
"Crimson_37bands_198",18.8,0.0928,2.40032327586207,"Crimson","Crimson October"
"Crimson_37bands_199",21.3,0.1097,4.09981768459435,"Crimson","Crimson October"
"Crimson_37bands_200",20,0.0966,4.60403726708075,"Crimson","Crimson October"
"Crimson_37bands_201",23.2,0.0825,6.76666666666667,"Crimson","Crimson October"
"Crimson_37bands_202",18.8,0.0911,2.62623490669594,"Crimson","Crimson October"
"Crimson_37bands_203",19.9,0.0672,5.18973214285714,"Crimson","Crimson October"
"Crimson_37bands_204",23.9,0.0709,11.8088857545839,"Crimson","Crimson October"
"Crimson_37bands_205",20.3,0.0565,2.69026548672566,"Crimson","Crimson October"
"AutumRoyal_37bands_205",22.8,0.0828,20.8816425120773,"AutumRoyal","Autumn Royal 2 November"
"Itum5_37bands_205",22.2,0.0245,0.642857142857143,"Itum5","Itum 5 November"
"Itum5_37bands_206",21.4,0.0592,0.333614864864865,"Itum5","Itum 5 November"
"Crimson_37bands_206",19.3,0.1172,3.080204778157,"Crimson","Crimson October"
"AutumRoyal_37bands_206",14.7,0.0664,12.1084337349398,"AutumRoyal","Autumn Royal 2 November"
"Crimson_37bands_207",23,0.0636,24.4889937106918,"Crimson","Crimson October"
"Itum5_37bands_207",20.9,0.038,0.335526315789474,"Itum5","Itum 5 November"
"AutumRoyal_37bands_207",19,0.1917,12.9003651538863,"AutumRoyal","Autumn Royal 2 November"
"Crimson_37bands_208",19.3,0.0891,3.0611672278339,"Crimson","Crimson October"
"AutumRoyal_37bands_208",14.5,0.048,17.5989583333333,"AutumRoyal","Autumn Royal 2 November"
"Itum5_37bands_208",22.4,0.0616,0.178571428571429,"Itum5","Itum 5 November"
"AutumRoyal_37bands_209",12.9,0.1164,6.08247422680412,"AutumRoyal","Autumn Royal 2 November"
"Itum5_37bands_209",24.4,0.0443,0.36117381489842,"Itum5","Itum 5 November"
"Crimson_37bands_209",20.1,0.0714,13.3613445378151,"Crimson","Crimson October"
"Crimson_37bands_210",18.9,0.0964,3.22873443983402,"Crimson","Crimson October"
"AutumRoyal_37bands_210",20.5,0.1013,41.2364264560711,"AutumRoyal","Autumn Royal 2 November"
"Itum5_37bands_210",22.7,0.0615,0.268292682926829,"Itum5","Itum 5 November"
"Crimson_37bands_211",17.9,0.0957,2.9153605015674,"Crimson","Crimson October"
"AutumRoyal_37bands_211",16.5,0.1396,10.6626074498567,"AutumRoyal","Autumn Royal 2 November"
"Itum5_37bands_211",19.8,0.0151,0.380794701986755,"Itum5","Itum 5 November"
"Crimson_37bands_212",19.6,0.0975,6.26410256410256,"Crimson","Crimson October"
"Itum5_37bands_212",20.8,0.1709,0.22674078408426,"Itum5","Itum 5 November"
"AutumRoyal_37bands_212",14.3,0.0282,8.00531914893617,"AutumRoyal","Autumn Royal 2 November"
"Crimson_37bands_213",21.8,0.0242,7.87190082644628,"Crimson","Crimson October"
"AutumRoyal_37bands_213",21.3,0.115,24.3826086956522,"AutumRoyal","Autumn Royal 2 November"
"Itum5_37bands_213",22.5,0.1388,0.138688760806916,"Itum5","Itum 5 November"
"AutumRoyal_37bands_214",13.3,0.0474,19.8417721518987,"AutumRoyal","Autumn Royal 2 November"
"Crimson_37bands_214",19.1,0.085,2.21470588235294,"Crimson","Crimson October"
"Itum5_37bands_214",21.8,0.0748,0.471256684491979,"Itum5","Itum 5 November"
"AutumRoyal_37bands_215",12.2,0.1173,7.45524296675192,"AutumRoyal","Autumn Royal 2 November"
"Itum5_37bands_215",24.3,0.0597,0.251256281407035,"Itum5","Itum 5 November"
"Crimson_37bands_215",19.7,0.1126,2.37566607460036,"Crimson","Crimson October"
"Crimson_37bands_216",20.4,0.0693,6.01731601731602,"Crimson","Crimson October"
"Itum5_37bands_216",20.5,0.0747,0.204149933065596,"Itum5","Itum 5 November"
"AutumRoyal_37bands_216",21,0.0707,22.7899575671853,"AutumRoyal","Autumn Royal 2 November"
"AutumRoyal_37bands_217",16,0.1351,5.30717986676536,"AutumRoyal","Autumn Royal 2 November"
"Itum5_37bands_217",23.4,0.0262,0.391221374045802,"Itum5","Itum 5 November"
"Crimson_37bands_217",19.7,0.159,1.5,"Crimson","Crimson October"
"AutumRoyal_37bands_218",13.5,0.763,0.62778505897772,"AutumRoyal","Autumn Royal 2 November"
"Itum5_37bands_218",20.6,0.0886,0.304740406320542,"Itum5","Itum 5 November"
"Crimson_37bands_218",20.5,0.1482,1.06443994601889,"Crimson","Crimson October"
"Crimson_37bands_219",19.5,0.0592,2.96452702702703,"Crimson","Crimson October"
"AutumRoyal_37bands_219",12.9,0.0982,2.81313645621181,"AutumRoyal","Autumn Royal 2 November"
"Itum5_37bands_219",21.4,0.098,0.178571428571429,"Itum5","Itum 5 November"
"Crimson_37bands_220",20.1,0.1896,3.6207805907173,"Crimson","Crimson October"
"AutumRoyal_37bands_220",19,0.1546,14.977360931436,"AutumRoyal","Autumn Royal 2 November"
"Crimson_37bands_221",23,0.084,6.15773809523809,"Crimson","Crimson October"
"AutumRoyal_37bands_221",17.6,0.1176,4.74914965986395,"AutumRoyal","Autumn Royal 2 November"
"Itum5_37bands_221",20.4,0.0894,0.153803131991051,"Itum5","Itum 5 November"
"Crimson_37bands_222",20.2,0.1026,1.33771929824561,"Crimson","Crimson October"
"AutumRoyal_37bands_222",13.5,0.0767,3.3148631029987,"AutumRoyal","Autumn Royal 2 November"
"Itum5_37bands_222",18,0.036,0.166666666666667,"Itum5","Itum 5 November"
"Crimson_37bands_223",18.7,0.1987,1.35883241066935,"Crimson","Crimson October"
"AutumRoyal_37bands_223",14.9,0.0882,3.65646258503401,"AutumRoyal","Autumn Royal 2 November"
"Itum5_37bands_223",18.5,0.0957,0.151515151515152,"Itum5","Itum 5 November"
"Crimson_37bands_224",19.7,0.1399,1.5421729807005,"Crimson","Crimson October"
"AutumRoyal_37bands_224",15,0.0907,11.6786108048512,"AutumRoyal","Autumn Royal 2 November"
"Itum5_37bands_224",19,0.0637,0.149136577708006,"Itum5","Itum 5 November"
"AutumRoyal_37bands_225",14.7,0.1385,3.90613718411552,"AutumRoyal","Autumn Royal 2 November"
"Itum5_37bands_225",17.8,0.1052,0.28041825095057,"Itum5","Itum 5 November"
"Crimson_37bands_225",21.9,0.1142,6.22591943957968,"Crimson","Crimson October"
"Crimson_37bands_226",22.3,0.1188,2.5,"Crimson","Crimson October"
"AutumRoyal_37bands_226",19.8,0.0703,18.0547652916074,"AutumRoyal","Autumn Royal 2 November"
"Itum5_37bands_226",28.9,0.0353,0.432011331444759,"Itum5","Itum 5 November"
"AutumRoyal_37bands_227",15.6,0.1513,3.51619299405155,"AutumRoyal","Autumn Royal 2 November"
"Itum5_37bands_227",21.4,0.1067,0.100749765698219,"Itum5","Itum 5 November"
"Crimson_37bands_227",21.7,0.0875,3.56571428571429,"Crimson","Crimson October"
"Crimson_37bands_228",21.3,0.1437,2.73486430062631,"Crimson","Crimson October"
"AutumRoyal_37bands_228",14,0.0733,11.081173260573,"AutumRoyal","Autumn Royal 2 November"
"Itum5_37bands_228",19.4,0.1007,0.208540218470705,"Itum5","Itum 5 November"
"AutumRoyal_37bands_229",12.4,0.0991,3.57467204843592,"AutumRoyal","Autumn Royal 2 November"
"Itum5_37bands_229",19.8,0.0655,0.511450381679389,"Itum5","Itum 5 November"
"Crimson_37bands_229",23.1,0.097,6.81958762886598,"Crimson","Crimson October"
"Crimson_37bands_230",19,0.1206,8.67951907131012,"Crimson","Crimson October"
"AutumRoyal_37bands_230",16.4,0.1769,6.99547767100057,"AutumRoyal","Autumn Royal 2 November"
"Itum5_37bands_230",23.6,0.0268,0.438432835820895,"Itum5","Itum 5 November"
"Crimson_37bands_231",17.5,0.1239,1.35794995964487,"Crimson","Crimson October"
"AutumRoyal_37bands_231",22.3,0.1003,12.8614157527418,"AutumRoyal","Autumn Royal 2 November"
"Itum5_37bands_231",23.6,0.0864,0.124421296296296,"Itum5","Itum 5 November"
"AutumRoyal_37bands_232",15.9,0.1334,24.8556971514243,"AutumRoyal","Autumn Royal 2 November"
"Itum5_37bands_232",22.2,0.085,0.270588235294118,"Itum5","Itum 5 November"
"Crimson_37bands_232",22.3,0.1225,4.33061224489796,"Crimson","Crimson October"
"Crimson_37bands_233",24.5,0.2051,4.54168698196002,"Crimson","Crimson October"
"AutumRoyal_37bands_233",21.3,0.2168,16.3860701107011,"AutumRoyal","Autumn Royal 2 November"
"Itum5_37bands_233",22.6,0.0439,0.421412300683371,"Itum5","Itum 5 November"
"Crimson_37bands_234",17,0.147,0.511904761904762,"Crimson","Crimson October"
"AutumRoyal_37bands_234",14.1,0.1161,4.49612403100775,"AutumRoyal","Autumn Royal 2 November"
"Itum5_37bands_234",21.1,0.0907,0.264608599779493,"Itum5","Itum 5 November"
"Crimson_37bands_235",22.8,0.0975,4.29230769230769,"Crimson","Crimson October"
"AutumRoyal_37bands_235",22.1,0.2219,24.5324470482199,"AutumRoyal","Autumn Royal 2 November"
"Itum5_37bands_235",20.7,0.1167,0.167095115681234,"Itum5","Itum 5 November"
"Crimson_37bands_236",19.3,0.1514,2.21598414795244,"Crimson","Crimson October"
"AutumRoyal_37bands_236",15.8,0.2721,7.73796398382947,"AutumRoyal","Autumn Royal 2 November"
"Itum5_37bands_236",17.9,0.0392,0.17219387755102,"Itum5","Itum 5 November"
"Crimson_37bands_237",22.9,0.109,6.97477064220183,"Crimson","Crimson October"
"Itum5_37bands_237",19,0.0864,0.29224537037037,"Itum5","Itum 5 November"
"AutumRoyal_37bands_237",15.6,0.0814,4.60995085995086,"AutumRoyal","Autumn Royal 2 November"
"Crimson_37bands_238",21.1,0.1465,2.64846416382253,"Crimson","Crimson October"
"AutumRoyal_37bands_238",16.6,0.1401,5.25695931477516,"AutumRoyal","Autumn Royal 2 November"
"Itum5_37bands_238",20.2,0.1013,0.273938795656466,"Itum5","Itum 5 November"
"Crimson_37bands_239",19.9,0.1081,2.12997224791859,"Crimson","Crimson October"
"AutumRoyal_37bands_239",20.9,0.0514,20.4620622568093,"AutumRoyal","Autumn Royal 2 November"
"Itum5_37bands_239",22.3,0.0406,0.246305418719212,"Itum5","Itum 5 November"
"Itum5_37bands_240",17.7,0.0648,0.111882716049383,"Itum5","Itum 5 November"
"Crimson_37bands_240",22.8,0.1094,1.62705667276051,"Crimson","Crimson October"
"AutumRoyal_37bands_240",21.6,0.1249,18.8430744595677,"AutumRoyal","Autumn Royal 2 November"
"AutumRoyal_37bands_241",21.3,0.0971,23.7229660144181,"AutumRoyal","Autumn Royal 2 November"
"Itum5_37bands_241",21.4,0.0929,0.258342303552207,"Itum5","Itum 5 November"
"Crimson_37bands_241",23.4,0.1245,3.37349397590361,"Crimson","Crimson October"
"AutumRoyal_37bands_242",13.4,0.1043,10.666347075743,"AutumRoyal","Autumn Royal 2 November"
"Itum5_37bands_242",16.7,0.1037,0.151880424300868,"Itum5","Itum 5 November"
"Crimson_37bands_242",20.5,0.1337,8.91361256544503,"Crimson","Crimson October"
"Itum5_37bands_243",20.5,0.0528,0.137310606060606,"Itum5","Itum 5 November"
"Crimson_37bands_243",21.7,0.1571,1.18555060471038,"Crimson","Crimson October"
"AutumRoyal_37bands_243",26,0.0769,8.38751625487646,"AutumRoyal","Autumn Royal 2 November"
"Crimson_37bands_244",17.5,0.1531,0.710320052253429,"Crimson","Crimson October"
"AutumRoyal_37bands_244",23.2,0.2488,13.5942524115756,"AutumRoyal","Autumn Royal 2 November"
"Itum5_37bands_244",19.2,0.169,0.152366863905325,"Itum5","Itum 5 November"
"Crimson_37bands_245",20.6,0.095,1.44736842105263,"Crimson","Crimson October"
"AutumRoyal_37bands_245",20.8,0.0623,33.5032102728732,"AutumRoyal","Autumn Royal 2 November"
"Itum5_37bands_245",20,0.1046,0.145793499043977,"Itum5","Itum 5 November"
"Itum5_37bands_246",20.8,0.1119,0.221179624664879,"Itum5","Itum 5 November"
"Crimson_37bands_246",21.5,0.1161,1.11757105943152,"Crimson","Crimson October"
"AutumRoyal_37bands_246",22.2,0.0878,18.621867881549,"AutumRoyal","Autumn Royal 2 November"
"Crimson_37bands_247",18.4,0.2427,0.360527400082406,"Crimson","Crimson October"
"AutumRoyal_37bands_247",23.6,0.0664,16.6980421686747,"AutumRoyal","Autumn Royal 2 November"
"Itum5_37bands_247",21.7,0.1186,0.160202360876897,"Itum5","Itum 5 November"
"Crimson_37bands_248",20.9,0.1465,0.902730375426621,"Crimson","Crimson October"
"AutumRoyal_37bands_248",21.3,0.0338,23.8905325443787,"AutumRoyal","Autumn Royal 2 November"
"Itum5_37bands_248",19.9,0.1647,0.245901639344262,"Itum5","Itum 5 November"
"Crimson_37bands_249",18.7,0.1037,1.18370298939248,"Crimson","Crimson October"
"AutumRoyal_37bands_249",22.4,0.0861,20.1480836236934,"AutumRoyal","Autumn Royal 2 November"
"Itum5_37bands_249",20.8,0.1208,0.138658940397351,"Itum5","Itum 5 November"
"Crimson_37bands_250",18.8,0.1983,1.25819465456379,"Crimson","Crimson October"
"AutumRoyal_37bands_250",21.2,0.0654,26.3723241590214,"AutumRoyal","Autumn Royal 2 November"
"Itum5_37bands_250",19.2,0.2063,0.0690741638390693,"Itum5","Itum 5 November"
"AutumRoyal_37bands_251",25.3,0.1019,17.8974484789009,"AutumRoyal","Autumn Royal 2 November"
"Itum5_37bands_251",18.8,0.118,0.351694915254237,"Itum5","Itum 5 November"
"Crimson_37bands_251",19.9,0.1126,2.57770870337478,"Crimson","Crimson October"
"Crimson_37bands_252",20.5,0.1381,0.825488776249095,"Crimson","Crimson October"
"AutumRoyal_37bands_252",19.9,0.0468,20.7371794871795,"AutumRoyal","Autumn Royal 2 November"
"Itum5_37bands_252",19.9,0.1619,0.163681284743669,"Itum5","Itum 5 November"
"Crimson_37bands_253",19.6,0.0859,0.704307334109429,"Crimson","Crimson October"
"Itum5_37bands_253",19.2,0.0486,0.354938271604938,"Itum5","Itum 5 November"
"AutumRoyal_37bands_253",20.9,0.0268,27.5,"AutumRoyal","Autumn Royal 2 November"
"Crimson_37bands_254",21.7,0.1056,1.03219696969697,"Crimson","Crimson October"
"AutumRoyal_37bands_254",23.1,0.1053,29.710351377018,"AutumRoyal","Autumn Royal 2 November"
"Itum5_37bands_254",21,0.1019,0.171736997055937,"Itum5","Itum 5 November"
"Crimson_37bands_255",19.7,0.1949,0.809389430477168,"Crimson","Crimson October"
"AutumRoyal_37bands_255",22.2,0.1591,31.208359522313,"AutumRoyal","Autumn Royal 2 November"
"Itum5_37bands_255",18.7,0.093,0.274193548387097,"Itum5","Itum 5 November"
"AutumRoyal_37bands_256",22.1,0.1035,35.9057971014493,"AutumRoyal","Autumn Royal 2 November"
"Itum5_37bands_256",20,0.1148,0.228658536585366,"Itum5","Itum 5 November"
"Crimson_37bands_256",20,0.1153,2.09453599306158,"Crimson","Crimson October"
"Crimson_37bands_257",21.9,0.1327,1.77844762622457,"Crimson","Crimson October"
"Itum5_37bands_257",21.9,0.0795,0.138364779874214,"Itum5","Itum 5 November"
"AutumRoyal_37bands_257",19.5,0.1661,20.8338350391331,"AutumRoyal","Autumn Royal 2 November"
"AutumRoyal_37bands_258",22,0.0766,43.3746736292428,"AutumRoyal","Autumn Royal 2 November"
"Itum5_37bands_258",18.9,0.1727,0.107122177185871,"Itum5","Itum 5 November"
"AutumRoyal_37bands_259",23.3,0.1495,45.9464882943144,"AutumRoyal","Autumn Royal 2 November"
"Crimson_37bands_259",20.3,0.1323,0.570672713529856,"Crimson","Crimson October"
"Itum5_37bands_259",18,0.0268,0.139925373134328,"Itum5","Itum 5 November"
"Crimson_37bands_260",20,0.1145,1.97816593886463,"Crimson","Crimson October"
"AutumRoyal_37bands_260",20.7,0.1465,68.8668941979522,"AutumRoyal","Autumn Royal 2 November"
"Itum5_37bands_260",17.8,0.1285,0.0642023346303502,"Itum5","Itum 5 November"
"Crimson_37bands_261",19.5,0.1042,1.33637236084453,"Crimson","Crimson October"
"AutumRoyal_37bands_261",15,0.0336,19.8511904761905,"AutumRoyal","Autumn Royal 2 November"
"Itum5_37bands_261",18.9,0.0686,0.123906705539359,"Itum5","Itum 5 November"
"AutumRoyal_37bands_262",23,0.1501,32.9447035309793,"AutumRoyal","Autumn Royal 2 November"
"Itum5_37bands_262",19.3,0.0931,0.0617615467239527,"Itum5","Itum 5 November"
"Crimson_37bands_262",21.5,0.1192,1.44085570469799,"Crimson","Crimson October"
"Crimson_37bands_263",22.6,0.1613,4.0778053316801,"Crimson","Crimson October"
"AutumRoyal_37bands_263",20.7,0.0957,5.82810867293626,"AutumRoyal","Autumn Royal 2 November"
"Itum5_37bands_263",18.6,0.0819,0.161782661782662,"Itum5","Itum 5 November"
"Crimson_37bands_264",22.1,0.0986,0.725152129817444,"Crimson","Crimson October"
"AutumRoyal_37bands_264",22.3,0.0835,61.2964071856287,"AutumRoyal","Autumn Royal 2 November"
"Itum5_37bands_264",18.6,0.085,0.161764705882353,"Itum5","Itum 5 November"
"Crimson_37bands_265",21.5,0.1727,2.84308048639259,"Crimson","Crimson October"
"AutumRoyal_37bands_265",13.3,0.1731,5.10254188330445,"AutumRoyal","Autumn Royal 2 November"
"Itum5_37bands_265",19.2,0.0842,0.115795724465558,"Itum5","Itum 5 November"
"Crimson_37bands_266",21.8,0.1092,3.74084249084249,"Crimson","Crimson October"
"AutumRoyal_37bands_266",19.6,0.0546,19.0521978021978,"AutumRoyal","Autumn Royal 2 November"
"Itum5_37bands_266",18.6,0.1065,0.2018779342723,"Itum5","Itum 5 November"
"AutumRoyal_37bands_267",18.9,0.1317,15.7061503416856,"AutumRoyal","Autumn Royal 2 November"
"Itum5_37bands_267",24.2,0.0622,0.245176848874598,"Itum5","Itum 5 November"
"Crimson_37bands_267",22.8,0.1025,2.08048780487805,"Crimson","Crimson October"
"Crimson_37bands_268",22.9,0.1712,3.21407710280374,"Crimson","Crimson October"
"Itum5_37bands_268",17.7,0.0378,0.178571428571429,"Itum5","Itum 5 November"
"AutumRoyal_37bands_268",21.6,0.1675,15.0029850746269,"AutumRoyal","Autumn Royal 2 November"
"AutumRoyal_37bands_269",16.9,0.0962,9.36070686070686,"AutumRoyal","Autumn Royal 2 November"
"Crimson_37bands_269",24.1,0.0698,3.99713467048711,"Crimson","Crimson October"
"Itum5_37bands_269",20.4,0.108,0.143518518518519,"Itum5","Itum 5 November"
"Crimson_37bands_270",22.1,0.1361,11.0911094783248,"Crimson","Crimson October"
"AutumRoyal_37bands_270",18.6,0.0741,17.1592442645074,"AutumRoyal","Autumn Royal 2 November"
"Itum5_37bands_270",19.5,0.0554,0.153429602888087,"Itum5","Itum 5 November"
"Crimson_37bands_271",24.2,0.0887,9.23900789177001,"Crimson","Crimson October"
"AutumRoyal_37bands_271",14.9,0.0624,5.44871794871795,"AutumRoyal","Autumn Royal 2 November"
"Itum5_37bands_271",20.2,0.0948,0.371835443037975,"Itum5","Itum 5 November"
"Crimson_37bands_272",21,0.1936,3.11079545454545,"Crimson","Crimson October"
"Itum5_37bands_272",20.5,0.2995,0.149415692821369,"Itum5","Itum 5 November"
"AutumRoyal_37bands_272",20.1,0.2088,10.1676245210728,"AutumRoyal","Autumn Royal 2 November"
"Crimson_37bands_273",24.5,0.1378,6.44412191582003,"Crimson","Crimson October"
"Itum5_37bands_273",20.2,0.0277,0.324909747292419,"Itum5","Itum 5 November"
"AutumRoyal_37bands_273",22.3,0.044,24.8579545454545,"AutumRoyal","Autumn Royal 2 November"
"AutumRoyal_37bands_274",19.7,0.182,23.239010989011,"AutumRoyal","Autumn Royal 2 November"
"Itum5_37bands_274",18,0.1373,0.142024763292061,"Itum5","Itum 5 November"
"Itum5_37bands_275",26.5,0.0881,0.0851305334846765,"Itum5","Itum 5 November"
"Crimson_37bands_275",19.2,0.1324,0.439954682779456,"Crimson","Crimson October"
"AutumRoyal_37bands_275",21.1,0.3,8.79083333333333,"AutumRoyal","Autumn Royal 2 November"
"Crimson_37bands_276",20,0.143,2.19230769230769,"Crimson","Crimson October"
"AutumRoyal_37bands_276",19.6,0.1026,6.92251461988304,"AutumRoyal","Autumn Royal 2 November"
"Itum5_37bands_276",18.3,0.0374,0.294117647058823,"Itum5","Itum 5 November"
"Crimson_37bands_277",22.1,0.1249,1.30504403522818,"Crimson","Crimson October"
"Itum5_37bands_277",18.3,0.0561,0.231729055258467,"Itum5","Itum 5 November"
"Crimson_37bands_278",20.3,0.147,1.45918367346939,"Crimson","Crimson October"
"AutumRoyal_37bands_278",12.6,0.129,7.2984496124031,"AutumRoyal","Autumn Royal 2 November"
"Itum5_37bands_278",21.8,0.0942,0.230891719745223,"Itum5","Itum 5 November"
"Crimson_37bands_279",23.5,0.0896,2.91015625,"Crimson","Crimson October"
"AutumRoyal_37bands_279",19.6,0.1431,25.0052410901467,"AutumRoyal","Autumn Royal 2 November"
"Itum5_37bands_279",22.5,0.1201,0.170691090757702,"Itum5","Itum 5 November"
"Crimson_37bands_280",22.1,0.1222,4.25736497545008,"Crimson","Crimson October"
"AutumRoyal_37bands_280",24.8,0.0722,19.6779778393352,"AutumRoyal","Autumn Royal 2 November"
"Itum5_37bands_280",19,0.1517,0.03955174686882,"Itum5","Itum 5 November"
"Crimson_37bands_281",23.2,0.1167,7.96058269065981,"Crimson","Crimson October"
"Itum5_37bands_281",20.9,0.0698,0.154011461318052,"Itum5","Itum 5 November"
"AutumRoyal_37bands_281",15.2,0.0777,5.83655083655084,"AutumRoyal","Autumn Royal 2 November"
"AutumRoyal_37bands_282",15.6,0.0405,30.6111111111111,"AutumRoyal","Autumn Royal 2 November"
"Itum5_37bands_282",19.3,0.074,0.10472972972973,"Itum5","Itum 5 November"
"Crimson_37bands_282",20.2,0.137,1.70802919708029,"Crimson","Crimson October"
"Crimson_37bands_283",22.1,0.061,5.2172131147541,"Crimson","Crimson October"
"AutumRoyal_37bands_283",20.4,0.1097,28.637192342753,"AutumRoyal","Autumn Royal 2 November"
"Itum5_37bands_283",20.5,0.0507,0.241617357001972,"Itum5","Itum 5 November"
"Crimson_37bands_284",20.9,0.0725,1.31724137931035,"Crimson","Crimson October"
"Itum5_37bands_284",20.5,0.125,0.074,"Itum5","Itum 5 November"
"AutumRoyal_37bands_284",20.9,0.1485,28.8501683501683,"AutumRoyal","Autumn Royal 2 November"
"Crimson_37bands_285",24.1,0.1568,2.09821428571429,"Crimson","Crimson October"
"AutumRoyal_37bands_285",22,0.0958,30.3444676409186,"AutumRoyal","Autumn Royal 2 November"
"Itum5_37bands_285",18.5,0.0464,0.554956896551724,"Itum5","Itum 5 November"
"Crimson_37bands_286",21.1,0.1226,4.23531810766721,"Crimson","Crimson October"
"Itum5_37bands_286",18.4,0.0707,0.127298444130127,"Itum5","Itum 5 November"
"AutumRoyal_37bands_286",21.6,0.173,20.1705202312139,"AutumRoyal","Autumn Royal 2 November"
"AutumRoyal_37bands_287",18.9,0.1053,16.1633428300095,"AutumRoyal","Autumn Royal 2 November"
"Itum5_37bands_287",18.9,0.0946,0.124207188160677,"Itum5","Itum 5 November"
"Crimson_37bands_287",20.7,0.1775,0.999577464788732,"Crimson","Crimson October"
"Crimson_37bands_288",25.3,0.1513,6.0641110376735,"Crimson","Crimson October"
"Itum5_37bands_288",21,0.1149,0.0913838120104438,"Itum5","Itum 5 November"
"AutumRoyal_37bands_288",23.6,0.1469,24.4469026548673,"AutumRoyal","Autumn Royal 2 November"
"Crimson_37bands_289",20.8,0.0534,0.950374531835206,"Crimson","Crimson October"
"AutumRoyal_37bands_289",20.8,0.091,42.2637362637363,"AutumRoyal","Autumn Royal 2 November"
"Itum5_37bands_289",18,0.1864,0.173015021459227,"Itum5","Itum 5 November"
"Itum5_37bands_290",17.4,0.0691,0.1410998552822,"Itum5","Itum 5 November"
"Crimson_37bands_290",19.2,0.1012,0.538537549407115,"Crimson","Crimson October"
"AutumRoyal_37bands_290",22.7,0.0758,84.0996042216359,"AutumRoyal","Autumn Royal 2 November"
"Crimson_37bands_291",21.5,0.0942,4.27016985138004,"Crimson","Crimson October"
"AutumRoyal_37bands_291",21.4,0.1371,95.227935813275,"AutumRoyal","Autumn Royal 2 November"
"Itum5_37bands_291",20.6,0.0679,0.169366715758468,"Itum5","Itum 5 November"
"Crimson_37bands_292",20.3,0.1295,1.43629343629344,"Crimson","Crimson October"
"Itum5_37bands_292",19.9,0.0788,0.187182741116751,"Itum5","Itum 5 November"
"AutumRoyal_37bands_292",22.4,0.1271,36.308025177026,"AutumRoyal","Autumn Royal 2 November"
"AutumRoyal_37bands_293",21.3,0.21,49.947619047619,"AutumRoyal","Autumn Royal 2 November"
"Crimson_37bands_293",20.9,0.0784,1.58482142857143,"Crimson","Crimson October"
"Itum5_37bands_293",19.5,0.1585,0.0820189274447949,"Itum5","Itum 5 November"
"Crimson_37bands_294",19.7,0.1311,0.741800152555301,"Crimson","Crimson October"
"Itum5_37bands_294",19.1,0.1407,0.248756218905473,"Itum5","Itum 5 November"
"AutumRoyal_37bands_294",24.7,0.1079,37.1292863762743,"AutumRoyal","Autumn Royal 2 November"
"AutumRoyal_37bands_295",21.1,0.1484,46.2516846361186,"AutumRoyal","Autumn Royal 2 November"
"Itum5_37bands_295",17.1,0.0831,0.219614921780987,"Itum5","Itum 5 November"
"Crimson_37bands_295",20.6,0.1365,1.75641025641026,"Crimson","Crimson October"
"Crimson_37bands_296",21.9,0.1283,2.49805144193297,"Crimson","Crimson October"
"AutumRoyal_37bands_296",15.6,0.0776,15.2512886597938,"AutumRoyal","Autumn Royal 2 November"
"Itum5_37bands_296",21.8,0.063,0.543650793650794,"Itum5","Itum 5 November"
"Crimson_37bands_297",21.9,0.174,0.829022988505747,"Crimson","Crimson October"
"AutumRoyal_37bands_297",23.1,0.15,11.13,"AutumRoyal","Autumn Royal 2 November"
"Itum5_37bands_297",19.4,0.0683,0.340409956076135,"Itum5","Itum 5 November"
"Crimson_37bands_298",21.7,0.1127,4.08606921029281,"Crimson","Crimson October"
"Itum5_37bands_298",19.3,0.0474,0.379746835443038,"Itum5","Itum 5 November"
"AutumRoyal_37bands_298",20.9,0.1378,10.5823657474601,"AutumRoyal","Autumn Royal 2 November"
"AutumRoyal_37bands_299",15.2,0.1751,1.54197601370645,"AutumRoyal","Autumn Royal 2 November"
"Itum5_37bands_299",19.7,0.0855,0.166666666666667,"Itum5","Itum 5 November"
"AutumRoyal_37bands_300",17.1,0.112,5.04910714285714,"AutumRoyal","Autumn Royal 2 November"
"Itum5_37bands_300",22.4,0.1996,0.266783567134269,"Itum5","Itum 5 November"
"AutumRoyal_37bands_301",22.6,0.1432,17.1892458100559,"AutumRoyal","Autumn Royal 2 November"
"Itum5_37bands_301",22.3,0.1602,0.230961298377029,"Itum5","Itum 5 November"
"AutumRoyal_37bands_302",20.5,0.1001,15.511988011988,"AutumRoyal","Autumn Royal 2 November"
"Itum5_37bands_302",20.2,0.0846,0.511229314420804,"Itum5","Itum 5 November"
"AutumRoyal_37bands_303",13.4,0.07,5.3,"AutumRoyal","Autumn Royal 2 November"
"Itum5_37bands_303",18.1,0.0718,0.135793871866295,"Itum5","Itum 5 November"
"AutumRoyal_37bands_304",13.7,0.1247,9.79550922213312,"AutumRoyal","Autumn Royal 2 November"
"Itum5_37bands_304",17.6,0.0689,0.0943396226415094,"Itum5","Itum 5 November"
"AutumRoyal_37bands_305",19.5,0.2362,21.9062235393734,"AutumRoyal","Autumn Royal 2 November"
"Itum5_37bands_305",18.5,0.0355,0.443661971830986,"Itum5","Itum 5 November"
"AutumRoyal_37bands_306",20.7,0.1396,12.9494985673352,"AutumRoyal","Autumn Royal 2 November"
"Itum5_37bands_306",20.2,0.0663,0.354449472096531,"Itum5","Itum 5 November"
"Crimson_37bands_401",22.9,0.0423,13.5520094562648,"Crimson","Crimson November"
"Crimson_37bands_402",20.8,0.1303,8.03914044512663,"Crimson","Crimson November"
"Crimson_37bands_403",18.6,0.1056,1.8655303030303,"Crimson","Crimson November"
"Crimson_37bands_404",19.3,0.1102,7.15744101633394,"Crimson","Crimson November"
"Crimson_37bands_405",14.2,0.1436,1.11072423398329,"Crimson","Crimson November"
"Crimson_37bands_406",17.5,0.1317,0.895975702353834,"Crimson","Crimson November"
"Crimson_37bands_407",20.9,0.0978,7.01942740286299,"Crimson","Crimson November"
"Crimson_37bands_408",24.2,0.0732,2.12431693989071,"Crimson","Crimson November"
"Itum5_37bands_409",16.6,0.13,0.175,"Itum5","Itum 5 December 1"
"Crimson_37bands_409",19.7,0.079,3.80379746835443,"Crimson","Crimson November"
"Crimson_37bands_410",20.4,0.0952,7.2531512605042,"Crimson","Crimson November"
"Itum5_37bands_410",17.8,0.0859,0.366705471478463,"Itum5","Itum 5 December 1"
"Crimson_37bands_411",18.4,0.1478,9.61265223274696,"Crimson","Crimson November"
"Itum5_37bands_411",18.6,0.0754,0.331564986737401,"Itum5","Itum 5 December 1"
"Crimson_37bands_412",20.6,0.149,3.1510067114094,"Crimson","Crimson November"
"Itum5_37bands_412",19.7,0.074,0.0675675675675676,"Itum5","Itum 5 December 1"
"Crimson_37bands_413",13.5,0.1299,1.0161662817552,"Crimson","Crimson November"
"Itum5_37bands_413",20,0.0445,0.157303370786517,"Itum5","Itum 5 December 1"
"Crimson_37bands_414",19.1,0.1554,1.56853281853282,"Crimson","Crimson November"
"Itum5_37bands_414",17.5,0.0709,0.0493653032440056,"Itum5","Itum 5 December 1"
"Crimson_37bands_415",23.4,0.0864,4.20138888888889,"Crimson","Crimson November"
"Itum5_37bands_415",18.7,0.0741,0.256410256410256,"Itum5","Itum 5 December 1"
"Crimson_37bands_416",19.4,0.149,4.34731543624161,"Crimson","Crimson November"
"Itum5_37bands_416",20,0.037,0.168918918918919,"Itum5","Itum 5 December 1"
"Crimson_37bands_417",18,0.0842,2.18230403800475,"Crimson","Crimson November"
"Itum5_37bands_417",20.1,0.1447,0.169315825846579,"Itum5","Itum 5 December 1"
"Crimson_37bands_418",16.2,0.1395,1.13082437275986,"Crimson","Crimson November"
"Itum5_37bands_418",17.9,0.0513,0.0730994152046784,"Itum5","Itum 5 December 1"
"Crimson_37bands_419",18.7,0.1139,1.25548726953468,"Crimson","Crimson November"
"Itum5_37bands_419",17.9,0.1145,0.281659388646288,"Itum5","Itum 5 December 1"
"Crimson_37bands_420",18.2,0.1393,2.46769562096195,"Crimson","Crimson November"
"Itum5_37bands_420",18.9,0.0716,0.118715083798883,"Itum5","Itum 5 December 1"
"Crimson_37bands_421",20.9,0.0737,3.3887381275441,"Crimson","Crimson November"
"Itum5_37bands_421",16.7,0.144,0.654513888888889,"Itum5","Itum 5 December 1"
"Crimson_37bands_422",20,0.1084,2.34778597785978,"Crimson","Crimson November"
"Itum5_37bands_422",19,0.1043,0.551294343240652,"Itum5","Itum 5 December 1"
"Crimson_37bands_423",18.6,0.0706,1.10481586402266,"Crimson","Crimson November"
"Itum5_37bands_423",20.3,0.0468,0.213675213675214,"Itum5","Itum 5 December 1"
"Crimson_37bands_424",17,0.0676,1.32026627218935,"Crimson","Crimson November"
"Itum5_37bands_424",19.1,0.1168,0.391695205479452,"Itum5","Itum 5 December 1"
"Crimson_37bands_425",17.8,0.1548,1.48417312661499,"Crimson","Crimson November"
"Itum5_37bands_425",19.5,0.0902,0.0831485587583149,"Itum5","Itum 5 December 1"
"Itum5_37bands_426",16.5,0.1725,0.282608695652174,"Itum5","Itum 5 December 1"
"Crimson_37bands_426",14.3,0.0815,1.05521472392638,"Crimson","Crimson November"
"Crimson_37bands_427",19.6,0.0908,4.08590308370044,"Crimson","Crimson November"
"Itum5_37bands_427",14.6,0.1197,0.2109440267335,"Itum5","Itum 5 December 1"
"Itum5_37bands_428",19.2,0.0429,0.110722610722611,"Itum5","Itum 5 December 1"
"Crimson_37bands_428",19.7,0.103,1.47572815533981,"Crimson","Crimson November"
"Crimson_37bands_429",16.9,0.0881,0.865493757094211,"Crimson","Crimson November"
"Itum5_37bands_429",15.4,0.0764,0.183246073298429,"Itum5","Itum 5 December 1"
"Crimson_37bands_430",18,0.0813,1.04858548585486,"Crimson","Crimson November"
"Itum5_37bands_430",18.8,0.094,0.316489361702128,"Itum5","Itum 5 December 1"
"Crimson_37bands_431",19.6,0.0802,0.854114713216958,"Crimson","Crimson November"
"Itum5_37bands_431",19,0.0641,0.15990639625585,"Itum5","Itum 5 December 1"
"Crimson_37bands_432",17.1,0.1003,0.331505483549352,"Crimson","Crimson November"
"Itum5_37bands_432",17.6,0.1921,0.161374284226965,"Itum5","Itum 5 December 1"
"Itum5_37bands_433",18.7,0.147,0.127551020408163,"Itum5","Itum 5 December 1"
"Crimson_37bands_433",13.1,0.0859,2.80558789289872,"Crimson","Crimson November"
"Crimson_37bands_434",20,0.1072,2.79384328358209,"Crimson","Crimson November"
"Itum5_37bands_434",20.2,0.1604,0.101309226932668,"Itum5","Itum 5 December 1"
"Crimson_37bands_435",24.4,0.069,2.27898550724638,"Crimson","Crimson November"
"Itum5_37bands_435",19.8,0.1238,1.26413570274637,"Itum5","Itum 5 December 1"
"Crimson_37bands_436",18.6,0.2178,1.26262626262626,"Crimson","Crimson November"
"Itum5_37bands_436",18.2,0.2308,0.396447140381282,"Itum5","Itum 5 December 1"
"Crimson_37bands_437",24,0.0734,3.72615803814714,"Crimson","Crimson November"
"Itum5_37bands_437",20.2,0.3504,0.152682648401826,"Itum5","Itum 5 December 1"
"Crimson_37bands_438",14.5,0.1806,0.589700996677741,"Crimson","Crimson November"
"Itum5_37bands_438",18.6,0.1545,0.0436893203883495,"Itum5","Itum 5 December 1"
"Crimson_37bands_439",21.3,0.1521,2.70052596975674,"Crimson","Crimson November"
"Itum5_37bands_439",19.1,0.0751,0.472703062583222,"Itum5","Itum 5 December 1"
"Crimson_37bands_440",17.6,0.2095,1.40214797136038,"Crimson","Crimson November"
"Itum5_37bands_440",19.3,0.2203,0.217884702678166,"Itum5","Itum 5 December 1"
"Crimson_37bands_441",22.4,0.2003,3.27508736894658,"Crimson","Crimson November"
"Itum5_37bands_441",19.8,0.0273,0.476190476190476,"Itum5","Itum 5 December 1"
"Crimson_37bands_442",22.1,0.1292,4.79102167182663,"Crimson","Crimson November"
"Itum5_37bands_442",20.5,0.2391,0.126516102049352,"Itum5","Itum 5 December 1"
"Crimson_37bands_443",17.8,0.1944,1.75925925925926,"Crimson","Crimson November"
"Itum5_37bands_443",18.7,0.0372,0.349462365591398,"Itum5","Itum 5 December 1"
"Crimson_37bands_444",20.2,0.1381,1.43917451122375,"Crimson","Crimson November"
"Crimson_37bands_445",18.5,0.2659,1.02764197066566,"Crimson","Crimson November"
"Itum5_37bands_445",19.1,0.4464,0.125448028673835,"Itum5","Itum 5 December 1"
"Crimson_37bands_446",19.4,0.1074,3.12616387337058,"Crimson","Crimson November"
"Itum5_37bands_446",20.7,0.1347,0.230141054194506,"Itum5","Itum 5 December 1"
"Crimson_37bands_447",19,0.1489,1.01410342511753,"Crimson","Crimson November"
"Itum5_37bands_447",19.6,0.2913,0.115859938208033,"Itum5","Itum 5 December 1"
"Crimson_37bands_448",23.2,0.1579,4.55193160227992,"Crimson","Crimson November"
"Itum5_37bands_448",19.8,0.1401,0.0481798715203426,"Itum5","Itum 5 December 1"
"Crimson_37bands_449",23.4,0.1186,2.5885328836425,"Crimson","Crimson November"
"Itum5_37bands_449",19.3,0.1382,0.0705499276410999,"Itum5","Itum 5 December 1"
"Crimson_37bands_450",19.7,0.1972,1.88387423935091,"Crimson","Crimson November"
"Itum5_37bands_450",21.4,0.137,0.248175182481752,"Itum5","Itum 5 December 1"
"Crimson_37bands_451",16.9,0.203,0.596059113300493,"Crimson","Crimson November"
"Itum5_37bands_451",20.8,0.1841,0.17925040738729,"Itum5","Itum 5 December 1"
"Crimson_37bands_452",19.3,0.2353,1.43433914152146,"Crimson","Crimson November"
"Itum5_37bands_452",20,0.2639,0.127889352027283,"Itum5","Itum 5 December 1"
"Crimson_37bands_453",23.3,0.1376,2.67260174418605,"Crimson","Crimson November"
"Itum5_37bands_453",18,0.1567,0.118059987236758,"Itum5","Itum 5 December 1"
"Crimson_37bands_454",19.3,0.1386,0.824314574314574,"Crimson","Crimson November"
"Itum5_37bands_454",19.4,0.1457,0.15442690459849,"Itum5","Itum 5 December 1"
"Crimson_37bands_455",21.9,0.0949,7.15489989462592,"Crimson","Crimson November"
"Itum5_37bands_455",21.3,0.1798,0.0417130144605117,"Itum5","Itum 5 December 1"
"Crimson_37bands_456",20.6,0.1119,2.74575513851653,"Crimson","Crimson November"
"Itum5_37bands_456",19.1,0.1175,0.0702127659574468,"Itum5","Itum 5 December 1"
"Crimson_37bands_457",18.3,0.0861,1.47502903600465,"Crimson","Crimson November"
"Itum5_37bands_457",22.1,0.096,0.143229166666667,"Itum5","Itum 5 December 1"
"Crimson_37bands_458",17.7,0.1301,0.833973866256726,"Crimson","Crimson November"
"Itum5_37bands_458",17.9,0.116,0.146551724137931,"Itum5","Itum 5 December 1"
"Crimson_37bands_459",18.4,0.0749,1.31174899866489,"Crimson","Crimson November"
"Itum5_37bands_459",20.1,0.1868,0.036134903640257,"Itum5","Itum 5 December 1"
"Crimson_37bands_460",20,0.1029,3.98445092322643,"Crimson","Crimson November"
"Itum5_37bands_460",21.2,0.2082,0.102065321805956,"Itum5","Itum 5 December 1"
"Crimson_37bands_461",17.9,0.187,1.45588235294118,"Crimson","Crimson November"
"Itum5_37bands_461",19.2,0.1643,0.235849056603774,"Itum5","Itum 5 December 1"
"Crimson_37bands_462",19.1,0.0536,2.75186567164179,"Crimson","Crimson November"
"Itum5_37bands_462",24,0.0888,0.146396396396396,"Itum5","Itum 5 December 1"
"Crimson_37bands_463",24.5,0.1162,1.14027538726334,"Crimson","Crimson November"
"Itum5_37bands_463",18,0.1352,0.23853550295858,"Itum5","Itum 5 December 1"
"Crimson_37bands_464",14.2,0.1521,1.5844838921762,"Crimson","Crimson November"
"Itum5_37bands_464",23.7,0.196,0.108418367346939,"Itum5","Itum 5 December 1"
"Crimson_37bands_465",19.6,0.1692,1.28989361702128,"Crimson","Crimson November"
"Itum5_37bands_465",18.8,0.123,0.323170731707317,"Itum5","Itum 5 December 1"
"Crimson_37bands_466",20.5,0.1316,4.12234042553192,"Crimson","Crimson November"
"Itum5_37bands_466",17.1,0.0678,0.147492625368732,"Itum5","Itum 5 December 1"
"Crimson_37bands_467",17.5,0.0869,0.195627157652474,"Crimson","Crimson November"
"Itum5_37bands_467",19.4,0.1052,0.31606463878327,"Itum5","Itum 5 December 1"
"Crimson_37bands_468",16,0.0984,0.447154471544715,"Crimson","Crimson November"
"Itum5_37bands_468",22,0.047,0.265957446808511,"Itum5","Itum 5 December 1"
"Crimson_37bands_469",23.4,0.1174,4.94037478705281,"Crimson","Crimson November"
"Itum5_37bands_469",19.6,0.132,0.212121212121212,"Itum5","Itum 5 December 1"
"Itum5_37bands_470",20.9,0.1472,0.0849184782608696,"Itum5","Itum 5 December 1"
"Crimson_37bands_470",19.2,0.1077,3.19405756731662,"Crimson","Crimson November"
"Itum5_37bands_471",23.9,0.0802,0.246259351620948,"Itum5","Itum 5 December 1"
"Crimson_37bands_471",19.6,0.1555,3.86173633440514,"Crimson","Crimson November"
"Crimson_37bands_472",20.5,0.0835,1.73952095808383,"Crimson","Crimson November"
"Itum5_37bands_472",19.8,0.0861,0.174216027874564,"Itum5","Itum 5 December 1"
"Itum5_37bands_473",19.9,0.1057,0.0804162724692526,"Itum5","Itum 5 December 1"
"Crimson_37bands_473",18.2,0.1849,0.488101676581936,"Crimson","Crimson November"
"Crimson_37bands_474",20.6,0.0858,2.11538461538462,"Crimson","Crimson November"
"Itum5_37bands_474",17.8,0.1183,0.238799661876585,"Itum5","Itum 5 December 1"
"Crimson_37bands_475",19.6,0.1311,1.39969488939741,"Crimson","Crimson November"
"Itum5_37bands_475",17.3,0.1373,0.0655498907501821,"Itum5","Itum 5 December 1"
"Crimson_37bands_476",22.3,0.1013,2.66288252714709,"Crimson","Crimson November"
"Itum5_37bands_476",17.8,0.0914,0.489606126914661,"Itum5","Itum 5 December 1"
"Crimson_37bands_477",18.2,0.1295,0.689189189189189,"Crimson","Crimson November"
"Itum5_37bands_477",22.8,0.0558,0.103046594982079,"Itum5","Itum 5 December 1"
"Crimson_37bands_478",23.8,0.1051,3.37535680304472,"Crimson","Crimson November"
"Itum5_37bands_478",20.1,0.2096,0.107347328244275,"Itum5","Itum 5 December 1"
"Crimson_37bands_479",22.9,0.0922,5.68058568329718,"Crimson","Crimson November"
"Itum5_37bands_479",17.4,0.151,0.0463576158940397,"Itum5","Itum 5 December 1"
"Crimson_37bands_480",18.3,1413,0.000145612172682236,"Crimson","Crimson November"
"Itum5_37bands_480",21.4,0.106,0.268867924528302,"Itum5","Itum 5 December 1"
"Crimson_37bands_481",21.4,0.1283,6.82774746687451,"Crimson","Crimson November"
"Itum5_37bands_481",18,0.1208,0.113824503311258,"Itum5","Itum 5 December 1"
"Crimson_37bands_482",20,0.0506,2.16403162055336,"Crimson","Crimson November"
"Itum5_37bands_482",18.2,0.1084,0.0299815498154982,"Itum5","Itum 5 December 1"
"Itum5_37bands_483",17.2,0.1581,0.0838077166350411,"Itum5","Itum 5 December 1"
"Crimson_37bands_483",21.7,0.0643,4.97278382581649,"Crimson","Crimson November"
"Crimson_37bands_484",24.2,0.0982,4.75050916496945,"Crimson","Crimson November"
"Itum5_37bands_484",23.2,0.1554,0.287966537966538,"Itum5","Itum 5 December 1"
"Itum5_37bands_485",19,0.1526,0.163826998689384,"Itum5","Itum 5 December 1"
"Crimson_37bands_485",18.8,0.1242,2.04307568438003,"Crimson","Crimson November"
"Itum5_37bands_486",16.9,0.177,0.187853107344633,"Itum5","Itum 5 December 1"
"Crimson_37bands_486",20.3,0.1797,3.73260990539789,"Crimson","Crimson November"
"Crimson_37bands_487",18.7,0.1755,1.11111111111111,"Crimson","Crimson November"
"Itum5_37bands_487",22.2,0.2858,0.0577326801959412,"Itum5","Itum 5 December 1"
"Crimson_37bands_488",21.7,0.0576,0.794270833333333,"Crimson","Crimson November"
"Itum5_37bands_488",21.6,0.0248,2.96370967741936,"Itum5","Itum 5 December 1"
"Itum5_37bands_489",20.2,0.06,0.1375,"Itum5","Itum 5 December 1"
"Crimson_37bands_489",17.7,0.1588,0.546284634760705,"Crimson","Crimson November"
"Crimson_37bands_490",18.5,0.0629,0.512718600953895,"Crimson","Crimson November"
"Itum5_37bands_490",20.9,0.1183,0.143702451394759,"Itum5","Itum 5 December 1"
"Crimson_37bands_491",23.5,0.1165,3.33476394849785,"Crimson","Crimson November"
"Itum5_37bands_491",20.1,0.0476,0.0315126050420168,"Itum5","Itum 5 December 1"
"Crimson_37bands_492",17.5,0.1694,1.79161747343566,"Crimson","Crimson November"
"Itum5_37bands_492",18.1,0.1402,0.0392296718972896,"Itum5","Itum 5 December 1"
"Itum5_37bands_493",18.1,0.0596,0.037751677852349,"Itum5","Itum 5 December 1"
"Crimson_37bands_493",19.8,0.0855,1.17251461988304,"Crimson","Crimson November"
"Crimson_37bands_494",19.3,0.1821,1.62959912136189,"Crimson","Crimson November"
"Itum5_37bands_494",19.4,0.0689,0.134252539912917,"Itum5","Itum 5 December 1"
"Itum5_37bands_495",23.6,0.1331,0.197220135236664,"Itum5","Itum 5 December 1"
"Crimson_37bands_495",18.6,0.1063,1.66745061147695,"Crimson","Crimson November"
"Crimson_37bands_496",18,0.1184,0.988175675675676,"Crimson","Crimson November"
"Itum5_37bands_496",20,0.0925,0.0432432432432432,"Itum5","Itum 5 December 1"
"Crimson_37bands_497",23.8,0.1126,1.45870337477798,"Crimson","Crimson November"
"Itum5_37bands_497",19.1,0.1027,0.00730282375851996,"Itum5","Itum 5 December 1"
"Crimson_37bands_498",18.6,0.157,1.81687898089172,"Crimson","Crimson November"
"Itum5_37bands_498",18.3,0.0969,0.139318885448916,"Itum5","Itum 5 December 1"
"Itum5_37bands_499",20.8,0.243,0.0699588477366255,"Itum5","Itum 5 December 1"
"Crimson_37bands_499",17.1,0.0976,0.829918032786885,"Crimson","Crimson November"
"Crimson_37bands_500",21.2,0.1438,3.11543810848401,"Crimson","Crimson November"
"Itum5_37bands_500",20.2,0.2224,0.237185251798561,"Itum5","Itum 5 December 1"
"Crimson_37bands_501",18.4,0.1149,0.472149695387293,"Crimson","Crimson November"
"Itum5_37bands_501",15.4,0.1815,0.0413223140495868,"Itum5","Itum 5 December 1"
"Crimson_37bands_502",20,0.1254,0.434609250398724,"Crimson","Crimson November"
"Itum5_37bands_502",20.4,0.1796,0.190701559020045,"Itum5","Itum 5 December 1"
"Itum5_37bands_503",18.9,0.0779,0.0962772785622593,"Itum5","Itum 5 December 1"
"Itum5_37bands_504",21,0.0943,0.156415694591729,"Itum5","Itum 5 December 1"
"Itum5_37bands_505",22.7,0.1926,0.09865005192108,"Itum5","Itum 5 December 1"
"Itum5_37bands_506",19.4,0.1877,0.127863612147043,"Itum5","Itum 5 December 1"
"Itum5_37bands_507",22.8,0.0417,0.107913669064748,"Itum5","Itum 5 December 1"
"Itum5_37bands_508",19,0.15,0.03,"Itum5","Itum 5 December 1"
"Itum5_37bands_509",21.3,0.0854,0.105386416861827,"Itum5","Itum 5 December 1"
"Itum5_37bands_510",17.4,0.0549,0.23224043715847,"Itum5","Itum 5 December 1"
"Crimson_37bands_605",17.9,0.0803,2.4346201743462,"Crimson","Crimson December"
"Crimson_37bands_606",18.2,0.108,0.180555555555556,"Crimson","Crimson December"
"Crimson_37bands_607",18.5,0.1255,1.19521912350598,"Crimson","Crimson December"
"Crimson_37bands_608",19,0.0917,0.468920392584515,"Crimson","Crimson December"
"Crimson_37bands_609",21.3,0.1443,5.12820512820513,"Crimson","Crimson December"
"Crimson_37bands_610",17.4,0.1035,0.311594202898551,"Crimson","Crimson December"
"Crimson_37bands_611",16.6,0.0616,0.921266233766234,"Crimson","Crimson December"
"Crimson_37bands_612",18.4,0.0803,0.535491905354919,"Crimson","Crimson December"
"Itum5_37bands_613",21.2,0.0556,1.13309352517986,"Itum5","Itum 5 December 2"
"Crimson_37bands_613",19,0.1074,1.20577281191806,"Crimson","Crimson December"
"Crimson_37bands_614",17.9,0.0843,0.370699881376038,"Crimson","Crimson December"
"Itum5_37bands_614",19.9,0.096,0.401041666666667,"Itum5","Itum 5 December 2"
"Itum5_37bands_615",21.9,0.1049,0.698284080076263,"Itum5","Itum 5 December 2"
"Crimson_37bands_615",18.2,0.093,4.49193548387097,"Crimson","Crimson December"
"Crimson_37bands_616",16.4,0.1504,0.66156914893617,"Crimson","Crimson December"
"Itum5_37bands_616",21.4,0.0811,0.283600493218249,"Itum5","Itum 5 December 2"
"Itum5_37bands_617",21.1,0.0769,0.35110533159948,"Itum5","Itum 5 December 2"
"Crimson_37bands_617",17.2,0.1256,1.45501592356688,"Crimson","Crimson December"
"Itum5_37bands_618",20.8,0.1078,0.139146567717996,"Itum5","Itum 5 December 2"
"Crimson_37bands_618",17.7,0.0748,10.668449197861,"Crimson","Crimson December"
"Itum5_37bands_619",18.4,0.102,0.198529411764706,"Itum5","Itum 5 December 2"
"Crimson_37bands_619",23,0.0908,7.48623348017621,"Crimson","Crimson December"
"Itum5_37bands_620",21.7,0.1713,0.751605370694687,"Itum5","Itum 5 December 2"
"Crimson_37bands_620",19.3,0.0144,2.53472222222222,"Crimson","Crimson December"
"Itum5_37bands_621",20.6,0.1013,0.27147087857848,"Itum5","Itum 5 December 2"
"Crimson_37bands_621",17.1,0.147,0.482993197278912,"Crimson","Crimson December"
"Itum5_37bands_622",23.9,0.1011,0.388229475766568,"Itum5","Itum 5 December 2"
"Crimson_37bands_622",16.9,0.0826,0.729418886198547,"Crimson","Crimson December"
"Itum5_37bands_623",23.7,0.0621,0.35829307568438,"Itum5","Itum 5 December 2"
"Crimson_37bands_623",17.3,0.0643,1.43468118195956,"Crimson","Crimson December"
"Itum5_37bands_624",21.6,0.1006,0.986580516898608,"Itum5","Itum 5 December 2"
"Crimson_37bands_624",17,0.1079,0.183039851714551,"Crimson","Crimson December"
"Itum5_37bands_625",19.6,0.1015,0.140394088669951,"Itum5","Itum 5 December 2"
"Crimson_37bands_625",20.7,0.0806,0.431141439205955,"Crimson","Crimson December"
"Itum5_37bands_626",21,0.0964,0.178941908713693,"Itum5","Itum 5 December 2"
"Crimson_37bands_626",17.8,0.1446,1.80843706777317,"Crimson","Crimson December"
"Crimson_37bands_627",18.1,0.0977,0.373592630501535,"Crimson","Crimson December"
"Itum5_37bands_627",19.1,0.051,0.504901960784314,"Itum5","Itum 5 December 2"
"Crimson_37bands_628",14.5,0.1407,0.565031982942431,"Crimson","Crimson December"
"Itum5_37bands_628",20.1,0.1057,1.05014191106906,"Itum5","Itum 5 December 2"
"Itum5_37bands_629",20.9,0.1026,0.489766081871345,"Itum5","Itum 5 December 2"
"Crimson_37bands_629",20.6,0.1386,1.3546176046176,"Crimson","Crimson December"
"Itum5_37bands_630",21.6,0.1031,0.172162948593598,"Itum5","Itum 5 December 2"
"Crimson_37bands_630",15.7,0.1232,0.588474025974026,"Crimson","Crimson December"
"Itum5_37bands_631",19,0.0814,0.0614250614250614,"Itum5","Itum 5 December 2"
"Crimson_37bands_631",15.1,0.1044,0.258620689655172,"Crimson","Crimson December"
"Itum5_37bands_632",16.4,0.1034,0.113636363636364,"Itum5","Itum 5 December 2"
"Crimson_37bands_632",15.2,0.0548,0.816605839416058,"Crimson","Crimson December"
"Crimson_37bands_633",16.8,0.0956,2.2907949790795,"Crimson","Crimson December"
"Crimson_37bands_634",16.3,0.0991,0.232088799192735,"Crimson","Crimson December"
"Itum5_37bands_634",16.1,0.0642,0.319314641744548,"Itum5","Itum 5 December 2"
"Itum5_37bands_635",20.2,0.1015,0.0689655172413793,"Itum5","Itum 5 December 2"
"Itum5_37bands_636",20.8,0.0844,0.207345971563981,"Itum5","Itum 5 December 2"
"Crimson_37bands_636",17.1,0.1144,1.32211538461538,"Crimson","Crimson December"
"Itum5_37bands_637",19.4,0.1019,1.12855740922473,"Itum5","Itum 5 December 2"
"Crimson_37bands_637",17.8,0.0845,0.233727810650888,"Crimson","Crimson December"
"Crimson_37bands_638",19.4,0.0208,0.324519230769231,"Crimson","Crimson December"
"Itum5_37bands_638",17.7,0.071,0.144366197183099,"Itum5","Itum 5 December 2"
"Itum5_37bands_639",18.7,0.1999,0.251375687843922,"Itum5","Itum 5 December 2"
"Crimson_37bands_639",17.7,0.1248,0.831330128205128,"Crimson","Crimson December"
"Itum5_37bands_640",19.7,0.1036,0.27992277992278,"Itum5","Itum 5 December 2"
"Crimson_37bands_640",15.9,0.094,0.377659574468085,"Crimson","Crimson December"
"Crimson_37bands_641",18.2,0.1512,3.21263227513228,"Crimson","Crimson December"
"Itum5_37bands_642",17,0.1013,0.212240868706811,"Itum5","Itum 5 December 2"
"Crimson_37bands_642",17.1,0.1234,0.702998379254457,"Crimson","Crimson December"
"Itum5_37bands_643",19.2,0.1035,0.693236714975845,"Itum5","Itum 5 December 2"
"Crimson_37bands_643",18.1,0.1237,1.82295877122069,"Crimson","Crimson December"
"Itum5_37bands_644",20.6,0.062,0.149193548387097,"Itum5","Itum 5 December 2"
"Crimson_37bands_644",18.4,0.0753,2.11819389110226,"Crimson","Crimson December"
"Itum5_37bands_645",18.1,0.1017,0.196656833824975,"Itum5","Itum 5 December 2"
"Crimson_37bands_645",19.8,0.0873,1.25715922107675,"Crimson","Crimson December"
"Itum5_37bands_646",17.8,0.1035,0.321256038647343,"Itum5","Itum 5 December 2"
"Crimson_37bands_646",17.4,0.0824,1.27123786407767,"Crimson","Crimson December"
"Itum5_37bands_647",20.3,0.0645,0.449612403100775,"Itum5","Itum 5 December 2"
"Crimson_37bands_647",16.9,0.1504,1.96974734042553,"Crimson","Crimson December"
"Itum5_37bands_648",19.5,0.0496,0.136088709677419,"Itum5","Itum 5 December 2"
"Crimson_37bands_648",21.7,0.1152,0.78125,"Crimson","Crimson December"
"Itum5_37bands_649",15.3,0.0642,0.183021806853583,"Itum5","Itum 5 December 2"
"Crimson_37bands_649",16.3,0.1459,0.387251542152159,"Crimson","Crimson December"
"Itum5_37bands_650",21.5,0.0661,0.14750378214826,"Itum5","Itum 5 December 2"
"Crimson_37bands_650",17.8,0.186,1.47043010752688,"Crimson","Crimson December"
"Itum5_37bands_651",18.2,0.1054,0.0901328273244782,"Itum5","Itum 5 December 2"
"Crimson_37bands_651",17.2,0.1138,0.413005272407733,"Crimson","Crimson December"
"Itum5_37bands_652",19.5,0.0796,0.226130653266332,"Itum5","Itum 5 December 2"
"Crimson_37bands_652",19.3,0.1384,1.16148843930636,"Crimson","Crimson December"
"Itum5_37bands_653",18.9,0.0363,1.43939393939394,"Itum5","Itum 5 December 2"
"Crimson_37bands_653",18.3,0.1283,0.865159781761497,"Crimson","Crimson December"
"Itum5_37bands_654",13,0.0694,0.205331412103746,"Itum5","Itum 5 December 2"
"Crimson_37bands_654",15.3,0.096,0.971354166666667,"Crimson","Crimson December"
"Itum5_37bands_655",17.8,0.0915,0.278688524590164,"Itum5","Itum 5 December 2"
"Crimson_37bands_655",16.8,0.1117,0.192479856759176,"Crimson","Crimson December"
"Crimson_37bands_656",17.9,0.0846,1.52777777777778,"Crimson","Crimson December"
"Itum5_37bands_656",19.1,0.072,0.149305555555556,"Itum5","Itum 5 December 2"
"Itum5_37bands_657",19.7,0.0589,0.517826825127334,"Itum5","Itum 5 December 2"
"Crimson_37bands_657",18.5,0.1105,0.472850678733032,"Crimson","Crimson December"
"Itum5_37bands_658",18.1,0.0523,0.10038240917782,"Itum5","Itum 5 December 2"
"Crimson_37bands_658",16.8,0.1346,2.37369985141159,"Crimson","Crimson December"
"Itum5_37bands_659",17.7,0.1325,0.141509433962264,"Itum5","Itum 5 December 2"
"Crimson_37bands_659",17.8,0.1006,0.73558648111332,"Crimson","Crimson December"
"Crimson_37bands_660",17.1,0.0761,0.371222076215506,"Crimson","Crimson December"
"Itum5_37bands_660",19.4,0.0872,0.361238532110092,"Itum5","Itum 5 December 2"
"Itum5_37bands_661",16,0.0649,0.161787365177196,"Itum5","Itum 5 December 2"
"Crimson_37bands_661",18.3,0.097,0.224226804123711,"Crimson","Crimson December"
"Crimson_37bands_662",17.8,0.1025,1.2609756097561,"Crimson","Crimson December"
"Itum5_37bands_663",22.1,0.1005,0.0149253731343284,"Itum5","Itum 5 December 2"
"Crimson_37bands_663",16.4,0.0619,0.488691437802908,"Crimson","Crimson December"
"Itum5_37bands_664",22.1,0.0947,0.356388595564942,"Itum5","Itum 5 December 2"
"Crimson_37bands_664",17.2,0.1019,0.596172718351325,"Crimson","Crimson December"
"Itum5_37bands_665",21,0.0588,0.144557823129252,"Itum5","Itum 5 December 2"
"Crimson_37bands_665",24.2,0.0869,6.04142692750288,"Crimson","Crimson December"
"Itum5_37bands_666",16.8,0.1006,0.0720675944333996,"Itum5","Itum 5 December 2"
"Crimson_37bands_666",20.6,0.0838,0.996420047732697,"Crimson","Crimson December"
"Crimson_37bands_667",18.1,0.0506,2.65810276679842,"Crimson","Crimson December"
"Itum5_37bands_667",17.9,0.0603,0.381426202321725,"Itum5","Itum 5 December 2"
"Itum5_37bands_668",20.2,0.1417,0.239943542695836,"Itum5","Itum 5 December 2"
"Crimson_37bands_668",17.5,0.1231,1.32412672623883,"Crimson","Crimson December"
"Itum5_37bands_669",18.9,0.0629,0.190779014308426,"Itum5","Itum 5 December 2"
"Crimson_37bands_669",20.7,0.0915,3.15846994535519,"Crimson","Crimson December"
"Itum5_37bands_670",18.5,0.1086,0.563996316758748,"Itum5","Itum 5 December 2"
"Crimson_37bands_670",18.4,0.099,2.85858585858586,"Crimson","Crimson December"
"Itum5_37bands_671",18.6,0.0978,0.0587934560327198,"Itum5","Itum 5 December 2"
"Crimson_37bands_671",17.8,0.0984,1.79369918699187,"Crimson","Crimson December"
"Itum5_37bands_672",18.8,0.0361,0.0831024930747922,"Itum5","Itum 5 December 2"
"Crimson_37bands_672",15.9,0.1308,0.210244648318043,"Crimson","Crimson December"
"Itum5_37bands_673",17.9,0.1183,0.211327134404057,"Itum5","Itum 5 December 2"
"Crimson_37bands_673",16.6,0.1461,0.268651608487337,"Crimson","Crimson December"
"Itum5_37bands_674",20.7,0.0989,0.32355915065723,"Itum5","Itum 5 December 2"
"Crimson_37bands_674",15.7,0.1169,0.335757057313944,"Crimson","Crimson December"
"Itum5_37bands_675",19.7,0.0601,0.0540765391014975,"Itum5","Itum 5 December 2"
"Crimson_37bands_675",22.8,0.115,22.1195652173913,"Crimson","Crimson December"
"Crimson_37bands_676",17,0.1244,0.69935691318328,"Crimson","Crimson December"
"Itum5_37bands_676",19.3,0.069,0.195652173913043,"Itum5","Itum 5 December 2"
"Crimson_37bands_677",17.4,0.098,1.28316326530612,"Crimson","Crimson December"
"Itum5_37bands_677",16.5,0.0653,0.114854517611026,"Itum5","Itum 5 December 2"
"Itum5_37bands_678",18.3,0.0305,0.0409836065573771,"Itum5","Itum 5 December 2"
"Crimson_37bands_678",20,0.0589,0.674872665534805,"Crimson","Crimson December"
"Itum5_37bands_679",19.1,0.1149,0.0630983463881636,"Itum5","Itum 5 December 2"
"Crimson_37bands_679",22.5,0.0887,6.62344983089064,"Crimson","Crimson December"
"Itum5_37bands_680",19.2,0.192,0.23828125,"Itum5","Itum 5 December 2"
"Crimson_37bands_680",18.6,0.1446,0.684647302904564,"Crimson","Crimson December"
"Itum5_37bands_681",20,0.1036,0.294401544401544,"Itum5","Itum 5 December 2"
"Crimson_37bands_681",17.4,0.1351,0.214655810510733,"Crimson","Crimson December"
"Itum5_37bands_682",20.5,0.162,0.191358024691358,"Itum5","Itum 5 December 2"
"Crimson_37bands_682",19.3,0.1389,0.734341252699784,"Crimson","Crimson December"
"Itum5_37bands_683",20,0.1331,0.13335837716003,"Itum5","Itum 5 December 2"
"Crimson_37bands_683",20.4,0.0852,2.35035211267606,"Crimson","Crimson December"
"Itum5_37bands_684",20.1,0.0684,0.986842105263158,"Itum5","Itum 5 December 2"
"Crimson_37bands_684",16,0.1655,0.27190332326284,"Crimson","Crimson December"
"Crimson_37bands_685",19.3,0.1894,2.62935586061246,"Crimson","Crimson December"
"Itum5_37bands_685",16.9,0.0669,0.104633781763827,"Itum5","Itum 5 December 2"
"Itum5_37bands_686",19.5,0.1625,0.186153846153846,"Itum5","Itum 5 December 2"
"Crimson_37bands_686",19.2,0.1378,1.30624092888244,"Crimson","Crimson December"
"Itum5_37bands_687",21,0.0807,0.492565055762082,"Itum5","Itum 5 December 2"
"Crimson_37bands_687",15.9,0.1364,0.461876832844575,"Crimson","Crimson December"
"Itum5_37bands_688",18.7,0.227,0.101321585903084,"Itum5","Itum 5 December 2"
"Crimson_37bands_688",20.9,0.0946,1.49048625792812,"Crimson","Crimson December"
"Itum5_37bands_689",18.5,0.0667,0.239880059970015,"Itum5","Itum 5 December 2"
"Crimson_37bands_689",17.6,0.1159,0.530629853321829,"Crimson","Crimson December"
"Crimson_37bands_690",21.7,0.0916,0.925218340611354,"Crimson","Crimson December"
"Itum5_37bands_690",20.9,0.085,0.202941176470588,"Itum5","Itum 5 December 2"
"Itum5_37bands_691",17.5,0.1063,0.0564440263405456,"Itum5","Itum 5 December 2"
"Crimson_37bands_691",19.9,0.0979,2.34933605720123,"Crimson","Crimson December"
"Itum5_37bands_692",19.5,0.1431,0.155485674353599,"Itum5","Itum 5 December 2"
"Crimson_37bands_692",18.5,0.1494,1.1144578313253,"Crimson","Crimson December"
"Itum5_37bands_693",15.9,0.0804,0.180348258706468,"Itum5","Itum 5 December 2"
"Crimson_37bands_693",16.3,0.1543,0.147440051847051,"Crimson","Crimson December"
"Itum5_37bands_694",21.2,0.1268,0.0768927444794953,"Itum5","Itum 5 December 2"
"Crimson_37bands_694",17.4,0.1529,0.364617396991498,"Crimson","Crimson December"
"Itum5_37bands_695",19.6,0.108,0.0671296296296296,"Itum5","Itum 5 December 2"
"Crimson_37bands_695",14.6,0.1677,0.496422182468694,"Crimson","Crimson December"
"Itum5_37bands_696",19.2,0.0369,0.128726287262873,"Itum5","Itum 5 December 2"
"Crimson_37bands_696",18.7,0.1371,0.811451495258935,"Crimson","Crimson December"
"Itum5_37bands_697",18.7,0.1868,0.258297644539615,"Itum5","Itum 5 December 2"
"Crimson_37bands_697",21.7,0.0912,0.567434210526316,"Crimson","Crimson December"
"Crimson_37bands_698",18.3,0.1323,0.659486016628874,"Crimson","Crimson December"
"Itum5_37bands_698",18.3,0.1684,0.0786817102137767,"Itum5","Itum 5 December 2"
"Itum5_37bands_699",17.7,0.0257,0.194552529182879,"Itum5","Itum 5 December 2"
"Crimson_37bands_699",16.4,0.1333,0.116279069767442,"Crimson","Crimson December"
"Itum5_37bands_700",16.6,0.1716,0.0903263403263403,"Itum5","Itum 5 December 2"
"Crimson_37bands_700",16.2,0.1585,0.123028391167192,"Crimson","Crimson December"
"Itum5_37bands_701",17.1,0.1624,0.0523399014778325,"Itum5","Itum 5 December 2"
"Crimson_37bands_701",18.4,0.0666,0.259009009009009,"Crimson","Crimson December"
"Crimson_37bands_702",19,0.1126,0.537300177619893,"Crimson","Crimson December"
"Itum5_37bands_702",19.4,0.1831,0.442381212452212,"Itum5","Itum 5 December 2"
"Itum5_37bands_703",18.7,0.1231,0.298537774167344,"Itum5","Itum 5 December 2"
"Crimson_37bands_703",22.7,0.0813,4.09594095940959,"Crimson","Crimson December"
"Itum5_37bands_704",18.5,0.0802,0.0654613466334165,"Itum5","Itum 5 December 2"
"Crimson_37bands_704",18.7,0.0715,1.36363636363636,"Crimson","Crimson December"
"Itum5_37bands_705",20.3,0.1557,0.218368657675016,"Itum5","Itum 5 December 2"
"Crimson_37bands_705",15.3,0.1352,0.218195266272189,"Crimson","Crimson December"
"Itum5_37bands_706",20.5,0.0999,0.0500500500500501,"Itum5","Itum 5 December 2"
"Crimson_37bands_706",22.8,0.079,2.25632911392405,"Crimson","Crimson December"
"Itum5_37bands_707",21.5,0.0918,0.748910675381264,"Itum5","Itum 5 December 2"
"Itum5_37bands_708",20.4,0.1762,0.201475595913734,"Itum5","Itum 5 December 2"
"Itum5_37bands_709",22.2,0.1771,0.302089215132693,"Itum5","Itum 5 December 2"
"Itum5_37bands_710",21.1,0.2131,0.170107930549038,"Itum5","Itum 5 December 2"
"Itum5_37bands_711",19.7,0.153,0.274509803921569,"Itum5","Itum 5 December 2"
"Itum5_37bands_712",21.7,0.0679,0.158321060382916,"Itum5","Itum 5 December 2"
"Itum5_37bands_713",19.1,0.0488,0.317622950819672,"Itum5","Itum 5 December 2"
"Itum5_37bands_714",16.6,0.212,0.189858490566038,"Itum5","Itum 5 December 2"
"Itum5_37bands_817",21.7,0.0391,0.242966751918159,"Itum5","Itum 5 December 3"
"Itum5_37bands_818",13.8,0.0561,0.0222816399286988,"Itum5","Itum 5 December 3"
"Itum5_37bands_819",18.2,0.1342,0.135991058122206,"Itum5","Itum 5 December 3"
"Itum5_37bands_820",17.6,0.0619,0.197899838449111,"Itum5","Itum 5 December 3"
"Itum5_37bands_821",19.9,0.0289,0.0432525951557093,"Itum5","Itum 5 December 3"
"Itum5_37bands_822",20.8,0.1028,0.267509727626459,"Itum5","Itum 5 December 3"
"Itum5_37bands_823",19,0.0926,0.296976241900648,"Itum5","Itum 5 December 3"
"Itum5_37bands_824",16.8,0.0537,0.577281191806332,"Itum5","Itum 5 December 3"
"Itum5_37bands_825",20.2,0.085,0.0352941176470588,"Itum5","Itum 5 December 3"
"Itum5_37bands_826",19.6,0.0877,0.0912200684150513,"Itum5","Itum 5 December 3"
"Itum5_37bands_827",19.5,0.0553,0.397830018083183,"Itum5","Itum 5 December 3"
"Itum5_37bands_828",18,0.0864,0.15625,"Itum5","Itum 5 December 3"
"Itum5_37bands_829",17.3,0.1082,0.496765249537893,"Itum5","Itum 5 December 3"
"Itum5_37bands_830",20.8,0.0858,0.41958041958042,"Itum5","Itum 5 December 3"
"Itum5_37bands_831",20.2,0.1319,0.0644427596664139,"Itum5","Itum 5 December 3"
"Itum5_37bands_832",20.3,0.121,0.636363636363636,"Itum5","Itum 5 December 3"
"Itum5_37bands_833",18.2,0.1232,0.180600649350649,"Itum5","Itum 5 December 3"
"Itum5_37bands_834",18.7,0.0989,0.0606673407482305,"Itum5","Itum 5 December 3"
"Itum5_37bands_835",19.4,0.1263,0.122723673792557,"Itum5","Itum 5 December 3"
"Itum5_37bands_836",18.6,0.0729,0.123456790123457,"Itum5","Itum 5 December 3"
"Itum5_37bands_837",17.7,0.1176,0.261479591836735,"Itum5","Itum 5 December 3"
"Itum5_37bands_838",15.4,0.0587,0.30664395229983,"Itum5","Itum 5 December 3"
"Itum5_37bands_839",16.7,0.1572,0.405534351145038,"Itum5","Itum 5 December 3"
"Itum5_37bands_840",16.2,0.0736,0.584239130434783,"Itum5","Itum 5 December 3"
"Itum5_37bands_841",20.2,0.1286,0.0797045101088647,"Itum5","Itum 5 December 3"
"Itum5_37bands_842",20,0.1138,0.215289982425308,"Itum5","Itum 5 December 3"
"Itum5_37bands_843",20.7,0.1094,0.0228519195612431,"Itum5","Itum 5 December 3"
"Itum5_37bands_844",20,0.161,0.0822981366459627,"Itum5","Itum 5 December 3"
"Itum5_37bands_845",20.3,0.0744,0.147849462365591,"Itum5","Itum 5 December 3"
"Itum5_37bands_846",19.2,0.1271,0.0649095200629426,"Itum5","Itum 5 December 3"
"Itum5_37bands_847",14.4,0.1248,0.078125,"Itum5","Itum 5 December 3"
"Itum5_37bands_848",14.8,0.1499,0.410273515677118,"Itum5","Itum 5 December 3"
"Itum5_37bands_849",17.3,0.0588,0.0170068027210884,"Itum5","Itum 5 December 3"
"Itum5_37bands_850",20.1,0.0962,0.0207900207900208,"Itum5","Itum 5 December 3"
"Itum5_37bands_851",20.7,0.0454,1.09030837004405,"Itum5","Itum 5 December 3"
"Itum5_37bands_852",19,0.0845,0.180473372781065,"Itum5","Itum 5 December 3"
"Itum5_37bands_853",15.9,0.0355,0.492957746478873,"Itum5","Itum 5 December 3"
"Itum5_37bands_854",15.6,0.0729,0.541838134430727,"Itum5","Itum 5 December 3"
"Itum5_37bands_855",17.3,0.0957,0.175026123301985,"Itum5","Itum 5 December 3"
"Itum5_37bands_856",19.4,0.072,0.510416666666667,"Itum5","Itum 5 December 3"
"Itum5_37bands_857",19.7,0.0643,0.808709175738725,"Itum5","Itum 5 December 3"
"Itum5_37bands_858",20,0.0669,0.164424514200299,"Itum5","Itum 5 December 3"
"Itum5_37bands_859",18.8,0.1001,0.16983016983017,"Itum5","Itum 5 December 3"
"Itum5_37bands_860",19,0.0813,0.116851168511685,"Itum5","Itum 5 December 3"
"Itum5_37bands_861",18.6,0.1156,0.13840830449827,"Itum5","Itum 5 December 3"
"Itum5_37bands_862",19.3,0.0983,0.584944048830112,"Itum5","Itum 5 December 3"
"Itum5_37bands_863",20.4,0.0471,0.148619957537155,"Itum5","Itum 5 December 3"
"Itum5_37bands_864",20.6,0.0504,0.317460317460317,"Itum5","Itum 5 December 3"
"Itum5_37bands_865",19.6,0.0361,0.650969529085873,"Itum5","Itum 5 December 3"
"Itum5_37bands_866",18.8,0.1295,0.540540540540541,"Itum5","Itum 5 December 3"
"Itum5_37bands_867",20.4,0.0685,0.412408759124088,"Itum5","Itum 5 December 3"
"Itum5_37bands_868",20,0.0486,0.576131687242798,"Itum5","Itum 5 December 3"
"Itum5_37bands_869",18.2,0.1215,0.248971193415638,"Itum5","Itum 5 December 3"
"Itum5_37bands_870",19.5,0.0898,0.559576837416481,"Itum5","Itum 5 December 3"
"Itum5_37bands_871",17.2,0.0521,0.599808061420345,"Itum5","Itum 5 December 3"
"Itum5_37bands_872",17.4,0.0961,0.392819979188345,"Itum5","Itum 5 December 3"
"Itum5_37bands_873",17.1,0.202,0.287128712871287,"Itum5","Itum 5 December 3"
"Itum5_37bands_874",17.4,0.0549,0.519125683060109,"Itum5","Itum 5 December 3"
"Itum5_37bands_875",20.6,0.1334,0.144302848575712,"Itum5","Itum 5 December 3"
"Itum5_37bands_876",19.4,0.1246,0.333065810593901,"Itum5","Itum 5 December 3"
"Itum5_37bands_877",19.2,0.0565,0.15929203539823,"Itum5","Itum 5 December 3"
"Itum5_37bands_878",20.3,0.2185,0.617848970251716,"Itum5","Itum 5 December 3"
"Itum5_37bands_879",17.6,0.0927,0.167206040992449,"Itum5","Itum 5 December 3"
"Itum5_37bands_881",20.4,0.1834,0.498909487459106,"Itum5","Itum 5 December 3"
"Itum5_37bands_882",20.5,0.166,0.164156626506024,"Itum5","Itum 5 December 3"
"Itum5_37bands_883",21.6,0.1645,0.816109422492401,"Itum5","Itum 5 December 3"
"Itum5_37bands_884",20,0.1527,0.420759659462999,"Itum5","Itum 5 December 3"
"Itum5_37bands_885",17.5,0.1025,0.426829268292683,"Itum5","Itum 5 December 3"
"Itum5_37bands_886",22.3,0.106,0.497641509433962,"Itum5","Itum 5 December 3"
"Itum5_37bands_887",21.2,0.1033,0.525169409486931,"Itum5","Itum 5 December 3"
"Itum5_37bands_888",18.9,0.108,0.569444444444444,"Itum5","Itum 5 December 3"
"Itum5_37bands_889",20.3,0.1073,0.174743709226468,"Itum5","Itum 5 December 3"
"Itum5_37bands_890",19.5,0.1001,0.154845154845155,"Itum5","Itum 5 December 3"
"Itum5_37bands_891",20.6,0.1013,0.153010858835143,"Itum5","Itum 5 December 3"
"Itum5_37bands_892",18.7,0.1082,0.0785582255083179,"Itum5","Itum 5 December 3"
"Itum5_37bands_893",20.8,0.1094,0.21709323583181,"Itum5","Itum 5 December 3"
"Itum5_37bands_894",22,0.1067,0.0820056232427366,"Itum5","Itum 5 December 3"
"Itum5_37bands_895",17.8,0.1099,0.213830755232029,"Itum5","Itum 5 December 3"
"Itum5_37bands_896",20.8,0.1071,0.289449112978525,"Itum5","Itum 5 December 3"
"Itum5_37bands_897",18.8,0.1041,0.276176753121998,"Itum5","Itum 5 December 3"
"Itum5_37bands_898",20.2,0.1001,0.212287712287712,"Itum5","Itum 5 December 3"
"Itum5_37bands_899",16.5,0.1008,0.205853174603175,"Itum5","Itum 5 December 3"
"Itum5_37bands_900",16.1,0.1054,0.161290322580645,"Itum5","Itum 5 December 3"
"Itum5_37bands_901",19.9,0.1015,0.231527093596059,"Itum5","Itum 5 December 3"
"Itum5_37bands_902",20.5,0.1016,0.324803149606299,"Itum5","Itum 5 December 3"
"Itum5_37bands_903",19.7,0.107,0.5,"Itum5","Itum 5 December 3"
"Itum5_37bands_904",19.3,0.1014,0.470907297830375,"Itum5","Itum 5 December 3"
"Itum5_37bands_905",21,0.1028,0.218871595330739,"Itum5","Itum 5 December 3"
"Itum5_37bands_906",19.6,0.1009,0.222993062438057,"Itum5","Itum 5 December 3"
"Itum5_37bands_907",17.9,0.1086,0.0483425414364641,"Itum5","Itum 5 December 3"
"Itum5_37bands_908",20.4,0.1097,0.120783956244303,"Itum5","Itum 5 December 3"
"Itum5_37bands_909",16.9,0.104,0.09375,"Itum5","Itum 5 December 3"
"Itum5_37bands_910",20.6,0.1069,0.231524789522919,"Itum5","Itum 5 December 3"
"Itum5_37bands_911",19.8,0.1029,0.11175898931001,"Itum5","Itum 5 December 3"
"Itum5_37bands_912",20.1,0.1056,0.286458333333333,"Itum5","Itum 5 December 3"
"Itum5_37bands_913",18.3,0.1018,0.370825147347741,"Itum5","Itum 5 December 3"
"Itum5_37bands_914",30.8,0.1078,0.306122448979592,"Itum5","Itum 5 December 3"
"Itum5_37bands_915",18.5,0.1011,0.168150346191889,"Itum5","Itum 5 December 3"
"Itum5_37bands_916",20.9,0.1014,0.520216962524655,"Itum5","Itum 5 December 3"
"Itum5_37bands_917",23.4,0.1024,0.06103515625,"Itum5","Itum 5 December 3"
"Itum5_37bands_918",20.7,0.1007,0.141509433962264,"Itum5","Itum 5 December 3"
