"","Channel1","Channel2","Channel3","Channel4","Channel5","Channel6","Channel7","Channel8","Channel9","Channel10","Channel11","Channel12","Channel13","Channel14","Channel15","Channel16","Channel17","Channel18","Channel19","Channel20","Channel21","Channel22","Channel23","Channel24","Channel25","Channel26","Channel27","Channel28","Channel29","Channel30","Channel31","Channel32","Channel33","Channel34","Channel35","Channel36","Channel37","class"
"Crimson_37bands_1",23.61309,23.61291,25.5278,25.38579,25.48922,26.3176,30.25213,31.76837,34.61309,36.98705,38.3272,47.59023,18.10351,79.46099,94.25048,87.41826,86.21967,91.51842,88.10695,89.63707,86.35373,84.19618,81.34797,78.72054,74.22078,70.17447,67.88773,63.57549,63.47622,72.05493,84.5963,85.71679,85.05354,80.46256,77.62939,66.60282,53.91676,"Crimson"
"Itum9_37bands_1",30.54284,30.54352,28.66604,27.31058,27.54785,28.83229,28.96457,26.05182,25.29728,23.18039,20.27098,16.67329,10.10619,63.88708,74.56043,74.38849,81.79159,90.67642,87.42601,93.94584,87.57686,86.77703,90.84471,86.2357,74.02933,67.90967,62.38217,54.73476,56.56851,70.70486,87.48497,88.93665,85.66155,74.72438,64.19719,47.91489,32.38202,"Itum9"
"Itum5_37bands_1",39.25874,39.25884,43.94287,46.84558,49.08637,51.40017,55.02424,55.17385,54.83091,54.89822,52.22442,51.03386,60.85742,83.61903,91.44037,84.55551,82.96998,86.85784,84.6955,81.84049,76.48483,74.27082,71.67968,64.51318,57.95591,52.47141,45.51443,39.06875,37.53576,43.18311,55.57277,57.34821,56.83577,53.34211,51.20415,44.52655,39.41904,"Itum5"
"AutumRoyal_37bands_1",29.26487,29.26492,30.13082,30.01248,30.06942,30.73461,31.97847,30.29607,30.72208,30.55449,30.67492,29.08507,47.02189,81.29368,95.30829,88.65282,89.34749,94.73924,91.78312,89.69057,84.25504,83.02189,79.90942,67.73575,56.14793,47.9688,39.05127,28.87458,29.50021,37.75468,52.56006,53.1301,48.65069,40.4478,33.33392,23.41956,17.23154,"AutumRoyal"
"Itum9_37bands_2",29.94961,29.9502,27.99015,26.60293,26.80506,28.13459,28.19137,25.49449,24.77401,22.61635,19.6466,16.15915,11.83063,66.71132,76.69209,76.19537,83.51595,92.5935,89.43957,96.18354,89.60692,88.51387,92.72602,88.30115,76.0334,69.90003,64.8719,56.88858,59.12149,73.49241,90.18045,91.56511,88.27984,77.33209,66.79009,50.16927,34.11238,"Itum9"
"Itum5_37bands_2",40.13367,40.1339,44.16716,46.73462,48.67628,50.80176,53.72518,53.55843,53.05169,52.78422,49.92109,48.18089,59.69722,85.64116,94.86745,87.76086,85.84335,89.48446,86.86419,83.9484,78.40532,75.99451,73.30371,66.10747,59.46376,53.8856,46.95208,40.24839,38.98963,44.72397,57.33935,59.07067,58.48372,55.06611,53.14339,46.11692,40.60487,"Itum5"
"AutumRoyal_37bands_2",26.13314,26.13351,26.36965,25.8728,25.94876,26.75398,27.1878,25.18164,25.27622,24.45362,24.39519,23.06505,43.99126,75.94545,89.65114,84.39612,85.99705,92.06686,89.50977,87.97337,82.594,81.55341,78.75424,66.94974,55.34462,47.27347,38.36939,28.34018,28.89349,37.39928,52.22275,52.72342,48.36262,40.36965,33.52694,23.71841,17.4243,"AutumRoyal"
"Crimson_37bands_2",22.63244,22.63249,24.6109,24.69876,24.81549,25.7978,29.50419,31.05843,33.54741,35.74363,37.04012,46.15999,16.9288,78.56501,94.71539,87.86461,86.61901,91.55295,88.29986,90.07177,86.43578,84.52206,81.80348,79.221,74.53797,70.50109,68.56062,64.49036,64.30088,73.20176,85.4623,86.67066,86.00222,81.04185,77.98768,66.83229,53.9761,"Crimson"
"Crimson_37bands_3",11,11,11,8,8,10,11,10,8,7,6,4,16.5256,73.80895,86.1953,81.60519,82.02914,88.03186,85.41225,87.45798,84.56773,82.49891,80.17708,77.48994,73.30713,69.12806,66.74772,62.69976,63.29436,72.32313,84.81871,85.71586,85.19072,81.16191,78.8182,67.42099,54.32678,"Crimson"
"Itum4_37bands_3",14.28463,14.28489,17.14751,19.38679,21.08555,22.82011,23.58468,23.44988,22.71699,22.86035,20.9834,20.62117,4.33077,45.40374,67.85541,69.42332,68.03657,67.89413,69.5433,68.09268,65.38875,70.84475,69.45255,64.0319,59.97125,58.31862,53.95347,50.11064,52.09058,56.62942,60.73525,58.53753,55.31701,51.99585,49.25527,45.20541,41.16342,"Itum4"
"Itum5_37bands_3",35.49255,35.4929,39.9886,42.93241,45.50169,48.01911,50.97064,50.44505,49.59948,49.1884,45.73044,43.85387,50.9859,81.44611,94.48501,87.51499,85.93232,89.51264,86.94008,84.39046,78.53375,76.26104,74.09535,66.71993,59.79861,54.29031,47.72508,40.64494,39.06777,44.32322,56.78242,58.50284,57.71638,53.82406,51.36553,43.93866,37.85679,"Itum5"
"Itum9_37bands_3",26.16083,26.16183,24.27775,22.91174,23.1358,24.57989,24.74477,22.09807,21.32146,19.15144,16.2333,12.77127,8.26804,61.79603,72.17873,72.13795,79.94952,89.04114,85.42231,92.37571,85.58635,84.73731,89.30871,84.52495,72.35362,65.81083,59.88959,51.10128,53.27748,68.43118,86.55051,88.41423,85.5736,74.70489,64.33925,47.12531,30.05095,"Itum9"
"AutumRoyal_37bands_3",22.63374,22.63404,21.00138,19.7602,19.75251,20.67837,20.4567,17.42586,16.55934,14.63215,12.4111,9.39378,41.21997,55.31969,51.6632,49.12559,55.47407,66.20768,67.37216,69.16776,66.88963,67.57312,68.71418,58.62472,47.98837,41.14101,33.34392,24.10233,24.46121,32.65239,45.27121,45.08706,41.23873,33.31256,26.86975,16.65628,10.88784,"AutumRoyal"
"Crimson_37bands_4",11,11,8,7,7,10,6,9,7,5,4,3,15.87499,73.14965,86.08124,81.78583,82.08418,87.87042,85.296,87.41788,84.42853,82.57872,80.39087,77.35186,73.09506,69.09388,66.93385,63.21789,63.63114,72.58566,84.76213,85.85279,85.2385,80.78705,78.16587,66.99647,54.00041,"Crimson"
"Itum9_37bands_4",27.62962,27.63064,25.66904,24.27784,24.58259,25.78531,25.88276,22.96942,22.33813,20.14237,17.14879,13.64267,6.39692,62.40846,73.59624,73.83498,81.81432,91.06639,87.88664,94.92391,87.73154,87.37642,91.78224,87.25427,75.10468,68.72281,62.94181,54.71035,56.87801,72.3329,90.46298,92.23373,89.02497,77.8215,67.2286,49.221,31.18503,"Itum9"
"AutumRoyal_37bands_4",22.6045,22.60493,21.06979,19.85145,19.85805,20.82409,20.43476,17.47748,16.60691,14.69144,12.56385,9.40817,40.52849,53.38938,46.4285,44.2681,51.42811,63.16671,64.90945,67.06936,65.24088,66.31771,67.93358,58.27118,48.04354,41.33337,33.7728,24.95655,26.05852,34.21487,46.38654,46.03694,42.41144,35.14792,28.73431,18.3391,12.24271,"AutumRoyal"
"Itum5_37bands_4",36.6973,36.69752,41.79983,45.19102,47.88361,50.62696,53.84801,53.7073,53.01277,52.96046,49.57538,48.12273,50.32557,80.37679,92.84711,86.01327,84.36674,88.09719,85.77637,83.05493,77.34609,74.97319,72.92093,65.74204,58.60672,53.03007,46.66967,39.47235,37.47838,42.79308,55.4008,57.1706,56.50192,52.69123,50.10104,42.73239,36.69277,"Itum5"
"Crimson_37bands_5",11,11,10,9,8,10,8,9,10,8,6,4,13.12395,70.89335,86.4575,82.40856,82.5531,88.06259,84.93321,86.98434,83.92832,82.25466,79.91207,77.26904,72.77675,68.69115,65.59907,61.27689,61.37167,70.77246,84.07715,85.16321,84.78374,80.69234,78.20846,66.874,53.42691,"Crimson"
"Itum9_37bands_5",28.66542,28.66601,26.60066,25.18204,25.40972,26.56393,26.7289,23.92393,23.23653,21.16498,18.2051,14.59392,11.89182,63.48235,70.53108,70.40627,78.58443,87.75767,84.96204,91.59746,85.61246,84.24267,88.35272,83.94601,71.69242,65.29578,59.02803,50.46941,53.57706,68.39349,86.08335,88.33881,85.43175,74.81353,65.42653,48.57165,32.3301,"Itum9"
"Itum5_37bands_5",35.84258,35.8428,40.44334,43.88886,47.07738,49.99933,52.69049,51.66242,50.26896,49.59952,45.58953,43.47621,41.51197,79.91218,94.63568,88.37232,87.03016,90.68405,87.71097,84.78128,78.68485,76.63017,73.97144,66.60738,59.89366,54.36241,47.44401,40.56701,39.04997,44.66997,57.38236,59.12077,58.53542,54.93804,52.73189,44.98965,38.37005,"Itum5"
"AutumRoyal_37bands_5",28.22656,28.22671,28.2565,27.68024,27.57171,28.26757,28.72044,26.59265,26.65151,25.92232,26.06569,24.72863,46.07399,72.67923,79.28148,74.30697,76.94083,84.3052,82.68747,81.81552,77.40128,76.76773,75.45236,64.08081,52.69303,45.23657,36.71463,28.27824,29.16092,36.7431,49.08531,49.42126,45.52164,38.57828,33.09416,24.96763,19.64807,"AutumRoyal"
"Crimson_37bands_6",15.86986,15.86981,16.13491,15.74208,15.673,16.60902,17.26042,16.84011,17.10267,17.50269,18.59665,22.86606,14.09215,72.02418,86.2986,82.00968,82.4375,88.13714,84.95038,86.89247,83.91799,81.74782,79.54656,76.95436,72.64997,68.58914,65.62898,61.51673,62.11282,71.30824,84.07144,85.11967,84.70928,80.40549,78.18259,66.99829,53.87815,"Crimson"
"Itum4_37bands_6",14.40219,14.40224,17.30487,19.50529,21.01075,22.5519,23.25742,23.23773,22.55177,22.77099,20.98035,20.6672,4.26077,44.2969,65.25716,66.60397,65.4985,65.97643,67.15878,66.11054,63.20923,68.31968,66.99062,61.66363,57.596,55.77024,51.62525,48.00656,49.9633,54.38717,58.05789,56.04124,52.80677,49.52705,46.92114,43.10856,39.23112,"Itum4"
"Itum9_37bands_6",29.68336,29.68404,27.81547,26.45311,26.78569,27.88891,27.9503,25.07696,24.4811,22.29887,19.5168,16.02144,11.26999,65.45043,74.29835,73.92896,81.57489,90.46726,87.27214,94.12697,87.27701,86.1417,90.45777,86.07245,73.67151,67.04592,60.79439,52.37374,54.9006,69.94176,88.31864,90.07067,87.17515,76.37473,65.88582,48.72896,31.85468,"Itum9"
"Itum5_37bands_6",35.28256,35.283,40.06567,43.75393,46.88664,49.87165,52.0731,50.87845,49.37078,48.56311,44.38777,42.29697,42.98665,80.55403,94.67567,88.31592,86.87925,90.52956,87.53108,84.80353,78.79308,76.31574,73.84322,66.55323,59.69907,54.12466,47.40028,40.41385,38.90577,44.49953,57.33661,59.09236,58.52463,54.9645,52.7505,45.06197,38.45909,"Itum5"
"AutumRoyal_37bands_6",24.94292,24.94297,24.54969,23.75514,23.81974,24.60476,24.64232,22.04755,21.8574,20.56854,20.0426,18.36526,51.18088,78.92056,86.08459,79.7639,81.62851,88.19242,85.86863,84.85112,80.0595,78.69121,77.00268,65.86873,54.00283,46.23188,37.71459,28.95096,29.62944,37.13394,49.87059,50.38447,46.62779,39.47159,33.40776,24.7267,19.24862,"AutumRoyal"
"Crimson_37bands_7",20.53716,20.53707,20.88305,20.37289,20.81442,21.3059,23.06222,22.34453,24.41407,25.15817,26.5602,36.99668,17.21817,76.41703,91.40098,85.57538,84.97709,90.14395,86.65442,88.50789,85.4303,82.84287,80.72442,77.97846,73.52693,69.31344,66.58066,62.20795,62.69815,71.57461,84.6152,85.84178,85.38689,81.07431,78.23731,67.29399,54.59202,"Crimson"
"Itum4_37bands_7",14.94504,14.94508,18.18097,20.73235,22.39302,24.03342,24.55815,24.5828,23.81894,24.01792,22.07301,21.74108,4.63197,47.87957,69.96488,71.8536,70.51073,70.9742,72.44887,71.35185,68.41848,73.90268,72.16024,66.66637,62.25117,60.28697,55.96024,51.92737,53.90068,58.76897,62.61677,60.4725,56.67361,53.17126,50.05564,45.94044,41.70728,"Itum4"
"Itum9_37bands_7",27.30988,27.31053,25.40636,24.01268,24.34813,25.59446,25.57465,22.60915,21.92279,19.6794,16.67554,12.99298,7.32903,57.0542,62.60186,63.60436,72.94113,84.46991,82.76978,90.46441,83.83589,84.0123,89.44417,85.42709,73.0518,67.25765,62.7497,55.57422,57.5093,72.69023,89.29285,90.65388,87.70372,77.17282,68.0617,50.9087,33.27147,"Itum9"
"Itum5_37bands_7",35.09308,35.09371,39.13175,42.11731,44.64628,47.02191,49.02405,48.13332,47.04614,46.35421,42.58405,40.52647,46.56438,80.14485,93.60265,86.77875,85.23417,89.08074,86.37822,83.63622,77.70748,75.30007,73.21271,65.74772,58.7728,53.09554,46.51323,39.46473,37.6237,42.87084,55.62013,57.41957,56.84013,52.99548,50.66363,43.04936,36.62057,"Itum5"
"AutumRoyal_37bands_7",25.90547,25.90608,24.21069,23.02353,23.01661,23.88753,23.56277,20.20885,19.33111,17.2757,14.8824,11.44246,40.69478,58.32824,55.66791,53.221,59.10565,69.3325,69.83739,70.91654,68.1947,68.64464,68.99682,58.7179,47.99764,40.88727,33.3164,25.59881,26.42728,33.46317,44.8763,44.95294,41.82288,35.66345,30.80643,22.47388,17.26606,"AutumRoyal"
"Crimson_37bands_8",21.35518,21.35508,21.53141,20.99094,21.50292,21.83904,23.24775,22.36578,24.6976,25.39852,27.31632,38.60381,18.20029,75.94899,91.82428,85.98253,85.41053,90.22589,86.82395,88.33308,85.60386,82.95334,80.90172,77.72563,73.95535,69.71629,66.20828,61.89243,63.02382,72.05297,85.24854,86.12457,85.39306,81.30511,78.85534,67.84011,55.15947,"Crimson"
"Itum4_37bands_8",14.66589,14.66589,17.66152,19.96439,21.48778,23.02147,23.61352,23.66759,23.00008,23.19042,21.35469,21.02113,4.85792,47.21575,68.54074,70.10766,68.87006,69.27245,70.57079,69.72148,66.89429,71.87252,70.6616,64.96766,60.82872,59.1804,54.78896,50.62307,52.77215,57.61025,61.49733,59.29851,55.87536,52.55772,49.89518,45.6131,41.28662,"Itum4"
"Itum9_37bands_8",31.61149,31.61239,29.65515,28.22756,28.42848,29.87634,29.83811,26.66489,25.9367,23.57847,20.25516,16.67706,6.47656,57.37892,64.06641,64.62366,73.92348,84.83384,82.91063,90.77296,84.75564,84.18101,89.69017,85.59385,73.4594,67.2776,61.87992,53.81615,55.94449,71.01069,88.90094,90.51817,87.78992,77.08184,67.36012,49.10043,30.51654,"Itum9"
"Itum5_37bands_8",35.98756,35.98774,40.15849,43.29948,45.92461,48.32759,50.32952,49.43373,48.29674,47.56573,43.75709,41.64965,46.18229,81.88398,96.03704,89.19563,87.68548,91.33787,88.51527,85.90028,79.84999,77.42053,75.09977,67.83508,60.73204,55.24955,48.65055,41.53861,40.09528,45.4371,58.11081,59.89354,59.15248,55.38973,53.12518,45.39862,38.78251,"Itum5"
"AutumRoyal_37bands_8",21.96895,21.96951,20.40907,19.23025,19.29133,20.21261,19.86752,16.85238,16.00488,14.07739,11.7416,8.77057,41.10468,59.91402,57.63418,55.04726,60.7601,70.7692,71.03989,71.94817,69.20682,69.26297,69.43092,59.28543,48.31912,41.32832,33.60567,25.84522,26.96646,34.18975,45.35642,45.64536,42.40221,36.24666,31.57244,23.54921,18.60349,"AutumRoyal"
"Crimson_37bands_9",19.27205,19.272,19.41669,18.91063,19.23524,19.64376,20.54423,19.68797,21.57164,22.27672,24.59506,34.43653,23.02732,76.8303,90.36926,84.33227,83.78641,89.09699,86.00967,88.13993,84.99419,82.49167,80.49167,77.76195,73.10439,68.96405,66.42436,62.44229,62.70009,71.6783,84.45436,85.68638,84.92588,80.21731,77.20315,66.37884,54.01321,"Crimson"
"Itum4_37bands_9",14.4244,14.42457,17.64974,20.30483,22.14554,23.79892,24.07633,23.80106,22.93829,23.04778,21.0147,20.62647,3.43649,46.45054,68.99636,71.26849,70.1722,70.42359,71.24312,70.20387,67.00407,72.3299,70.77882,65.27222,60.80376,59.06424,54.73806,50.62107,52.75911,57.44266,61.35918,59.0609,55.39646,51.96143,49.23648,45.03068,40.71021,"Itum4"
"Itum5_37bands_9",33.75647,33.75692,37.196,39.52463,41.58683,43.71777,45.63581,44.87345,43.98672,43.26555,39.96217,37.79339,50.89824,82.76068,93.58969,86.65584,85.15862,89.16782,86.63581,84.01504,78.39106,76.08754,73.97454,66.67151,59.8136,54.18957,47.37071,40.30606,38.69295,43.9556,56.50591,58.32083,57.93666,54.3762,52.10444,44.91958,38.88107,"Itum5"
"AutumRoyal_37bands_9",38.83072,38.83086,41.12674,42.06801,42.35615,43.41789,45.87412,44.6406,44.72505,44.85275,43.89151,40.66278,43.74852,75.90107,87.79426,82.75143,84.40528,89.66818,86.36389,84.41039,78.79454,77.36996,74.69705,63.21086,51.54273,43.46683,33.99995,24.57513,25.24269,33.08698,47.73193,48.49651,44.70006,37.23781,31.04072,22.71597,17.7164,"AutumRoyal"
"Crimson_37bands_10",20.57678,20.57683,21.20185,20.67546,21.0737,21.49757,23.34702,23.14387,25.65757,26.90952,28.84644,39.69641,22.15597,78.79384,92.3486,86.24232,85.61238,90.70591,87.4787,89.48584,86.05543,83.82067,81.4927,78.9543,74.27564,70.00895,67.71384,63.56501,64.15759,73.23805,85.98572,86.86985,85.85006,81.16093,77.99448,66.86118,54.39676,"Crimson"
"Itum4_37bands_10",14.44923,14.44945,17.59892,20.1856,21.89706,23.54713,23.7457,23.56262,22.69617,22.77258,20.76402,20.3614,3.1984,45.70418,68.19335,70.61283,69.605,69.77125,70.79274,69.74215,66.7207,71.95758,70.5619,65.0271,60.70623,58.95326,54.66279,50.50967,52.74424,57.59682,61.35271,58.9807,55.48712,51.96914,49.07144,45.01558,40.82861,"Itum4"
"AutumRoyal_37bands_10",32.47788,32.47803,33.4711,33.50197,33.5444,34.24387,36.04812,34.40682,34.99327,34.94652,34.98587,33.13715,43.34514,74.83449,85.9167,80.9066,82.9213,88.74911,85.74214,83.98492,78.45783,76.98786,74.58721,63.31958,51.83397,43.59053,33.95819,24.34054,25.06661,32.90684,48.13768,49.01038,45.38036,37.72285,31.2398,22.25444,16.72948,"AutumRoyal"
"Itum9_37bands_10",28.03896,28.03945,26.018,24.61249,24.88484,26.2627,26.30571,23.26788,22.53678,20.27537,17.16113,13.62618,8.95694,62.16899,68.81344,69.10885,77.46915,87.78951,84.95667,92.27962,85.58614,84.6792,89.12906,85.06046,72.95576,66.72765,61.12265,53.43396,55.76569,71.20844,89.36746,91.12922,88.57461,78.07674,68.70992,51.00895,33.14598,"Itum9"
"Itum5_37bands_10",35.97764,35.97822,40.02099,42.98243,45.39885,47.80323,49.85682,49.05407,47.92121,47.254,43.57243,41.46899,49.83591,84.10862,96.0224,89.12825,87.61529,91.57436,89.29146,86.56566,80.97703,78.78637,76.4859,69.10528,62.25878,56.66488,49.74491,42.69365,41.34131,46.67156,59.38106,61.11437,60.66782,57.04581,54.6304,47.04375,40.7991,"Itum5"
"Crimson_37bands_11",20.845,20.84495,21.084,20.38204,20.77592,21.15778,22.51693,21.88872,24.18681,25.05085,26.90888,36.55179,17.9828,77.37089,90.84925,85.19716,85.27251,90.96559,87.42769,89.44593,86.07732,83.33053,81.20746,78.56948,74.01465,69.79316,67.31615,63.19631,64.19774,72.92089,85.83747,86.96452,86.41941,82.037,79.46945,68.22731,55.35342,"Crimson"
"Itum4_37bands_11",14.30781,14.30798,17.16778,19.64759,21.3992,22.97908,23.48397,23.16787,22.30321,22.38962,20.43559,20.01139,5.06312,45.67303,65.79982,66.47435,65.48427,66.30485,67.40002,67.07102,64.05066,68.02569,67.24224,61.87071,57.41626,55.5104,51.50486,47.60265,49.32087,53.65618,57.86616,56.09977,53.28328,49.95089,47.5006,43.31176,38.82337,"Itum4"
"Itum9_37bands_11",30.58572,30.58612,29.24408,28.13203,28.42195,29.56096,29.84211,27.11375,26.97285,25.47805,24.73375,23.54621,8.0007,72.00179,86.50745,85.7171,92.31289,99.91271,95.05012,100.57835,93.0851,91.48767,94.91685,90.37915,77.91754,71.41144,65.2954,56.79852,59.40292,74.15256,90.91246,93.21384,90.30113,79.87484,69.68925,52.27936,35.20961,"Itum9"
"Itum5_37bands_11",29.10894,29.10912,32.98452,36.17904,39.30753,42.15824,43.63064,42.11645,40.50716,39.49101,35.25662,33.04545,37.74919,76.91866,93.37885,87.95289,86.91978,91.08442,88.36538,85.67954,79.60102,77.66021,75.29434,67.92287,60.86999,55.24445,48.57556,41.49199,39.98233,45.2372,57.81339,59.42037,58.70799,54.77259,52.21331,44.24293,37.35872,"Itum5"
"AutumRoyal_37bands_11",17.62311,17.62336,16.1834,15.03298,15.10949,16.24838,15.98216,13.12243,12.19707,10.28823,7.88071,5.30955,41.01642,57.07459,53.2228,51.30724,57.41061,67.53195,67.98231,69.20011,66.57543,66.90992,67.12797,57.02411,46.49647,39.34135,31.42506,22.73936,23.52573,31.22236,43.90036,43.98437,40.54053,33.5497,27.80151,18.72711,13.26583,"AutumRoyal"
"Crimson_37bands_12",19.64892,19.64897,19.66059,19.02819,19.4476,19.886,21.09185,20.21332,22.23245,22.84352,24.41227,34.05199,18.08362,76.88384,89.95423,84.24311,84.41638,90.15043,86.7649,88.83643,85.65451,82.64311,80.58412,78.00911,73.40229,69.03469,66.64911,62.3827,63.60842,72.46453,85.17826,86.34805,85.98233,81.67455,79.30023,68.05579,55.04526,"Crimson"
"Itum4_37bands_12",14.75512,14.75534,17.79376,20.32115,22.18716,23.86863,24.35074,23.89673,22.88745,22.83555,20.73569,20.21333,3.82627,42.66086,64.34916,66.21985,64.9113,65.19609,66.02245,65.00092,62.01864,66.61185,65.50761,60.12883,56.09947,54.26444,50.15123,46.28798,48.47418,52.96149,56.42316,54.5386,51.2977,48.03015,45.55076,41.72878,37.73398,"Itum4"
"Itum5_37bands_12",31.56066,31.56089,35.95968,39.4595,42.71904,45.6958,47.54893,46.14225,44.635,43.74114,39.48478,37.37284,37.88973,77.79668,93.95008,88.42566,87.58861,91.65226,88.84004,86.21097,80.2054,77.91587,75.69417,68.23113,61.15058,55.56922,48.76538,41.62635,40.33777,45.4581,58.22212,60.07978,59.43898,55.49574,53.07054,44.9233,37.79732,"Itum5"
"Itum9_37bands_12",30.57384,30.57435,28.83191,27.52169,27.7048,29.00405,29.06994,26.2269,25.71946,23.70603,21.56425,18.8494,11.06604,79.93575,95.42508,92.96872,98.34222,104.62835,99.45165,104.56246,97.10209,94.99487,98.23541,93.89032,81.24792,74.44129,68.44929,59.62881,62.15916,76.63665,94.11276,96.26536,93.90524,83.14978,72.50554,55.20752,38.26013,"Itum9"
"AutumRoyal_37bands_12",24.5658,24.56653,23.07301,21.83335,21.86202,22.72764,22.41083,19.34907,18.52915,16.58698,14.3518,11.21269,40.49713,57.04507,53.48248,51.74112,58.04035,68.18451,69.00531,70.23912,67.7345,68.13278,68.71995,58.49095,47.89477,40.77762,32.73688,23.94651,24.78375,32.70048,45.73095,45.77645,42.46496,35.42023,29.48773,19.90417,13.95449,"AutumRoyal"
"Itum4_37bands_13",14.04372,14.04377,16.76582,18.91286,20.55105,22.16652,22.84395,22.656,21.88746,22.02251,20.21844,19.82011,5.75047,45.95067,65.76423,66.3687,65.27466,66.15876,67.3299,66.96883,64.32283,68.20115,67.53691,62.35072,58.26005,56.25638,52.39333,48.35637,50.35422,54.78497,58.81416,57.14483,54.20619,50.91031,48.36853,44.4198,40.30243,"Itum4"
"Itum9_37bands_13",29.40423,29.40494,27.21882,25.76542,26.06298,27.3998,27.62928,24.62367,23.92108,21.61248,18.33368,14.89799,6.43117,52.66646,53.51809,54.64685,64.5755,76.47986,74.79608,82.46382,77.54137,76.11077,80.81136,77.58406,66.43117,60.43088,55.27385,48.02309,51.49053,67.60696,85.99576,87.96197,85.64328,76.55074,69.43098,51.89647,33.56997,"Itum9"
"Itum5_37bands_13",38.00293,38.00333,42.31958,45.07045,47.2803,49.5707,52.57119,52.1799,51.47502,51.16738,47.94667,45.99554,52.41196,84.55921,95.35219,88.14454,86.56259,90.82992,88.70934,85.9146,80.25283,77.97185,75.77055,68.34643,61.30598,55.75325,48.9373,42.02797,40.51655,46.0759,58.56043,60.14153,59.39124,55.45412,52.95293,45.55943,39.53894,"Itum5"
"AutumRoyal_37bands_13",27.40549,27.40575,27.73798,27.277,27.2825,28.06353,28.40208,26.34649,26.23782,25.28296,25.1963,23.60409,48.11713,75.56562,85.82938,79.91955,81.72208,87.80686,84.84145,83.91186,78.29519,76.20007,74.965,63.72825,51.15223,43.17806,34.74501,26.00255,27.04106,34.0995,46.7151,47.69798,43.80339,36.4624,30.80029,23.12059,18.2956,"AutumRoyal"
"Crimson_37bands_13",11,11,9,9.42599,8,11,9,10.42576,10,10,7,4,21.9164,70.31675,79.38352,75.51343,76.94763,83.407,81.87299,85.19115,82.24638,80.47452,78.79774,76.61212,71.96765,68.2032,66.86052,63.23414,63.44325,72.51203,85.4883,86.9428,87.32739,83.1272,81.42144,70.78241,57.83131,"Crimson"
"Crimson_37bands_14",11,11,9.91837,9,9,8.92483,11.41991,8.42205,9.41896,9,8,5,18.66798,66.57534,74.9262,71.69551,73.55109,80.31285,78.55161,81.46106,79.47236,76.5929,75.44882,73.06507,68.88363,64.88624,62.24987,58.42623,59.60975,68.61093,81.15348,82.40373,82.438,78.87461,77.54696,67.05472,54.5136,"Crimson"
"Itum4_37bands_14",14.30918,14.30936,17.20604,19.52799,21.28068,22.96951,23.62467,23.51578,22.69013,22.89362,21.02234,20.65127,4.67085,46.07477,67.89733,69.07779,67.76076,67.84976,69.02967,68.37516,65.48288,69.86912,68.87715,63.45571,59.30595,57.69996,53.50884,49.51716,51.82777,56.22057,60.13213,58.24028,55.07305,51.68392,48.98469,44.9934,40.75515,"Itum4"
"Itum9_37bands_14",28.26206,28.26244,26.1255,24.66799,24.95076,26.31531,26.44649,23.33974,22.60586,20.26989,16.95801,13.4995,7.05125,52.82421,54.30539,54.99342,64.14616,76.045,74.53834,82.39987,77.07678,75.61641,80.65549,78.50098,66.80293,60.95868,56.22556,49.22766,51.98945,68.24378,87.35368,89.34251,87.23844,77.85065,70.86849,53.49382,34.78356,"Itum9"
"Itum5_37bands_14",39.87671,39.87697,44.70972,47.97927,50.51661,52.98497,55.75793,55.07148,54.10935,53.6484,49.89924,47.82731,60.01604,87.05369,96.08249,88.57639,86.94337,91.14236,88.86005,86.44521,81.02073,78.44644,76.32442,69.16427,62.18632,56.59936,50.03817,43.06075,41.54208,47.16037,59.48444,61.27906,60.69114,57.00088,54.59967,47.23107,41.51999,"Itum5"
"AutumRoyal_37bands_14",33.17918,33.17918,34.71253,34.97762,35.20415,36.13463,37.64978,35.89259,36.13777,35.70676,35.40708,33.52269,47.36413,74.17175,84.7914,79.61838,82.14442,88.36127,85.82616,85.05753,79.4535,77.73618,76.70186,65.82324,53.35759,45.44652,36.87246,27.86377,29.00577,36.42633,49.30853,50.12869,46.37568,39.0991,32.82456,24.35737,19.34615,"AutumRoyal"
"Crimson_37bands_15",31.7134,31.7134,32.1508,31.29034,30.84876,31.09788,32.39253,32.56577,32.26223,32.37929,32.26047,30.30714,15.12269,76.85637,96.3203,89.53924,88.57214,93.38479,89.2921,91.41483,87.29821,85.10083,83.45904,80.34194,75.23135,71.01188,68.3474,63.8547,64.17737,72.77613,84.61482,85.71692,84.69708,79.14363,75.16391,63.93445,51.142,"Crimson"
"Itum9_37bands_15",30.31784,30.31872,28.89195,27.6775,27.94804,29.04963,29.26465,26.64448,26.33958,24.70819,23.23789,20.96207,10.47356,80.54885,93.24022,91.28224,97.25947,103.66787,98.19934,102.88336,95.82695,93.44452,96.04461,91.91115,79.65489,73.15654,66.71238,58.11411,61.01185,74.69732,90.98675,93.27349,90.77929,80.93464,71.1288,54.24736,38.07809,"Itum9"
"Itum5_37bands_15",34.6619,34.66263,39.07823,42.70273,45.9073,48.74523,50.92473,49.41892,47.72607,46.86948,42.58849,40.4607,39.4151,80.87767,93.70482,87.96596,87.03741,90.88536,87.59227,84.68962,78.67278,76.2043,73.23779,66.39995,59.5033,53.71788,46.78082,40.03231,39.11805,44.92727,58.03509,59.92159,59.64688,56.46143,54.84963,46.91562,39.94193,"Itum5"
"AutumRoyal_37bands_15",23.5511,23.55154,21.89847,20.60751,20.60075,21.57977,21.13552,17.93822,17.09572,15.03449,12.56626,9.28554,41.80176,50.50459,40.2717,37.68517,44.84959,56.60784,57.96042,60.88015,59.22874,59.2319,61.62461,53.31787,43.09472,36.63812,30.29606,23.55442,25.11055,32.33774,43.03266,43.37295,40.66209,34.73378,30.34444,22.16669,17.20704,"AutumRoyal"
"Itum4_37bands_15",14.00524,14.0055,16.93649,19.44143,21.26726,22.77946,22.80526,22.11929,21.05934,20.87285,18.77521,18.15424,4.27662,46.44581,67.50571,69.06454,68.60246,68.89724,69.60452,68.97003,65.79831,70.066,69.23768,63.81175,59.43666,57.38067,53.38389,49.05496,51.27499,55.71973,60.01773,58.05647,54.9583,51.4632,48.83661,44.5651,40.0462,"Itum4"
"Itum9_37bands_16",30.01684,30.01748,28.66006,27.48193,27.7581,28.99011,29.23778,26.5363,26.31364,24.73859,23.66193,21.83508,10.69363,85.26205,97.72405,95.11579,100.5441,106.83545,100.79573,105.48193,98.02796,95.42767,98.5463,94.06265,81.26296,74.59248,68.6337,60.00315,62.53437,76.24634,93.027,95.35326,92.8215,82.32498,72.29777,55.24473,38.43911,"Itum9"
"Itum5_37bands_16",34.61971,34.61998,38.60841,41.87336,44.80821,47.56124,49.45349,47.84938,46.26673,45.29849,41.18626,38.97401,39.31514,80.03395,92.84412,87.11726,86.0544,90.15377,86.9558,83.93032,78.15203,75.5267,72.79101,65.97086,59.0469,53.38203,46.50277,39.79274,38.66285,44.41675,57.48968,59.32749,58.98847,55.85552,54.45111,46.56019,39.71208,"Itum5"
"AutumRoyal_37bands_16",24.11468,24.11562,22.59476,21.4323,21.45208,22.38811,22.02071,18.94642,18.06938,16.1144,13.73921,10.34414,39.96829,49.49307,39.44788,37.51014,45.01287,57.0775,58.8719,61.76717,60.18284,60.95509,63.11932,54.44368,44.0928,37.72905,31.13059,24.18472,26.0279,33.5572,44.24173,44.21317,41.11412,35.04469,30.56046,22.03905,16.67906,"AutumRoyal"
"Crimson_37bands_16",34.42395,34.42395,34.13869,33.31803,33.27936,33.59442,35.04614,34.64929,34.24551,35.36115,35.65856,33.40851,16.67743,74.68854,95.40261,88.76781,87.68337,92.07905,88.1088,90.36084,86.23011,84.11996,82.81035,79.57299,74.53675,70.24398,67.41931,63.08764,62.94621,71.36412,83.67941,84.9097,83.89624,78.37893,74.21472,63.22993,50.66752,"Crimson"
"Itum4_37bands_17",12.58775,12.58805,15.21674,17.72193,19.6852,21.38126,21.188,20.38877,19.19174,19.00625,16.87629,16.21101,3.94266,42.45227,63.71181,65.30138,65.16074,66.50484,67.3049,67.31467,64.19625,67.99627,67.35174,61.99193,57.48717,55.18436,51.2733,47.12996,49.23619,53.53727,57.51452,55.84408,52.95442,49.62495,47.07149,42.57286,37.95742,"Itum4"
"Itum9_37bands_17",29.10767,29.10852,27.41583,26.09512,26.42331,27.65451,27.77927,24.79662,24.26132,22.21144,19.95156,17.37289,11.23307,79.4146,92.48953,90.39436,96.58892,104.22143,98.72025,104.17416,96.42603,94.24631,97.79732,92.94723,80.28242,73.77622,68.27937,60.23761,62.03274,76.14842,92.6607,94.76645,92.30405,81.61237,71.24092,54.93062,38.66572,"Itum9"
"Itum5_37bands_17",38.1292,38.12959,42.80474,46.93778,50.25866,53.03917,54.52996,53.21234,51.40982,50.55179,45.92819,43.58918,44.50242,82.90631,95.31988,88.83738,87.76278,93.10929,90.61772,88.60133,82.63998,79.73302,78.04824,71.20925,63.77175,57.8589,51.56011,44.58848,43.13452,48.62486,61.23626,63.13517,62.77629,58.82814,56.50704,48.2557,40.94549,"Itum5"
"AutumRoyal_37bands_17",24.07961,24.08062,22.59801,21.4449,21.46938,22.38705,22.00635,18.85853,18.01771,16.02511,13.71495,10.53563,41.10448,59.84917,56.28906,54.03088,60.05212,70.23822,70.20338,71.48508,68.2449,67.74249,68.28657,58.56599,47.63353,40.28777,32.36982,24.76469,26.2009,34.11503,46.49897,46.93461,43.64808,36.66574,31.23479,22.3965,16.80025,"AutumRoyal"
"Crimson_37bands_17",17.99693,17.9967,18.45631,18.01559,18.29012,18.84922,19.77368,19.18091,20.78701,21.72953,24.07491,33.25267,23.49539,78.24946,91.0028,84.9887,84.69013,90.06077,87.03072,89.42671,86.09046,83.56172,81.91542,79.44808,74.5586,70.40295,68.0028,63.88713,64.19262,72.85216,85.60519,86.96164,86.32794,81.71128,78.83232,68.12895,55.71177,"Crimson"
"Crimson_37bands_18",19.55531,19.55517,19.9544,19.52094,19.92444,20.24524,21.30216,20.38154,22.53776,23.4276,26.07406,37.00082,23.1368,80.09243,92.79595,86.80996,86.7002,92.2155,88.91975,91.21719,88.03051,85.14699,83.49943,80.93721,76.397,72.1408,69.72798,65.54626,66.65629,75.61446,88.06933,89.21046,88.42755,83.89998,81.17368,70.16899,57.80059,"Crimson"
"Itum4_37bands_18",12.25999,12.26042,14.85266,17.2464,19.18327,20.77356,20.65234,19.79686,18.59882,18.3988,16.24098,15.54903,3.8699,42.26471,63.49249,64.9306,64.73512,65.79274,66.59112,66.30891,63.35277,67.10776,66.79963,61.44872,56.95896,54.73382,50.9312,46.99277,49.17881,53.09395,57.1485,55.55457,52.60644,49.06048,46.59332,42.14898,37.56873,"Itum4"
"Itum9_37bands_18",32.99663,32.99724,31.48327,30.2859,30.63891,31.70001,32.00664,28.92154,28.78337,27.09302,25.77295,24.26449,8.9337,72.35143,84.62461,83.79236,91.04863,99.68928,95.16964,101.31721,93.88236,92.43245,96.93942,92.07141,79.71063,73.50733,67.89539,59.98524,61.82112,75.41779,91.47382,93.49829,91.21009,81.00352,71.61363,54.70164,37.75813,"Itum9"
"Itum5_37bands_18",35.74333,35.7438,39.9702,43.60474,46.73082,49.3573,50.81212,49.41117,47.7623,46.87194,42.52538,40.24813,45.30028,83.8659,96.43045,89.75911,88.48833,93.63709,90.67617,88.64486,82.66151,79.62316,77.73824,70.88117,63.56838,57.56795,51.18025,44.08277,42.9391,48.42075,61.1275,63.01863,62.67971,58.94721,56.63852,48.35212,40.95109,"Itum5"
"AutumRoyal_37bands_18",22.1232,22.12374,20.70662,19.49499,19.58618,20.51908,20.22817,17.22367,16.39786,14.5022,12.37875,9.67358,39.72544,59.18314,56.41049,54.56001,60.83413,71.08291,71.2081,72.3788,68.835,68.87573,69.35375,59.36642,48.40386,40.94858,32.63697,24.4813,26.02303,34.29817,47.2289,47.51923,43.90364,36.58651,30.81014,21.72631,16.17245,"AutumRoyal"
"Crimson_37bands_19",17.83236,17.83241,17.28713,16.63184,17.07173,17.68012,17.90436,16.07924,16.73856,16.02789,16.80983,24.20872,29.45385,75.80685,86.27161,80.68218,80.76948,86.1342,83.45413,86.12078,82.99826,79.99666,78.47593,76.17666,71.24028,66.96006,64.51944,60.27774,61.27376,70.15893,83.21944,84.49966,84.03696,79.54537,76.90391,66.68644,54.9165,"Crimson"
"Itum4_37bands_19",13.76758,13.76784,16.39927,18.55975,20.17868,21.62847,21.75786,20.96732,19.95213,19.77539,17.7867,17.12175,4.67572,41.76577,60.2564,60.97046,60.83435,61.8026,62.95019,62.42099,59.7061,63.17488,63.11972,58.16737,53.82675,51.88054,48.0953,44.24024,46.52526,50.5042,54.56708,53.21109,50.5556,47.62745,45.43747,41.68177,37.69007,"Itum4"
"Itum9_37bands_19",29.93941,29.94011,27.91052,26.44859,26.70893,28.02138,28.11902,24.97106,24.26839,21.91349,18.71795,15.23588,12.85522,59.73221,61.70434,60.75397,69.02705,79.42029,76.69435,83.99039,78.17313,75.41743,79.64262,76.72178,64.53813,57.63587,52.55389,44.77265,48.1694,63.70072,82.1161,85.00081,82.85592,73.39227,65.72502,49.34842,33.06842,"Itum9"
"Itum5_37bands_19",32.17726,32.17791,36.0025,39.0329,41.92283,44.58514,46.1326,44.664,43.20719,42.25556,38.17364,35.87929,44.95866,82.6286,94.63966,88.34182,87.19156,92.28213,89.20099,87.34513,81.51697,78.11292,76.23566,69.62976,62.32403,56.37524,50.37196,43.5562,42.60431,47.87227,60.18342,62.20327,61.97459,58.21481,55.95146,47.8025,40.73725,"Itum5"
"AutumRoyal_37bands_19",24.82013,24.82085,23.61963,22.59279,22.61585,23.50604,23.28637,20.39675,19.66316,17.87485,16.23511,13.58652,40.22677,63.0084,62.75483,60.3527,66.09188,75.889,75.55703,76.19827,72.51868,72.18941,72.33207,62.32974,50.86215,43.62616,35.87646,28.20946,29.57325,37.04742,48.67829,48.99772,45.62124,39.01016,33.89698,25.357,19.86749,"AutumRoyal"
"Crimson_37bands_20",16.87492,16.87469,16.53705,15.91238,16.42405,16.89103,17.40928,15.84385,16.98889,16.64504,17.9761,26.0025,29.2441,75.88038,85.24141,79.9843,80.52982,86.64448,84.15824,86.93457,84.28976,80.99157,79.8369,77.50116,72.94702,68.6224,66.11962,61.92378,63.47972,72.42507,85.19473,86.50065,85.97291,81.97597,79.98615,69.36394,57.43447,"Crimson"
"Itum4_37bands_20",13.43212,13.43234,16.00171,18.22255,19.87574,21.28962,21.43098,20.71389,19.73674,19.64029,17.70411,17.09601,4.72582,42.26865,60.95066,62.0779,61.75073,62.69275,63.64946,63.23799,60.39559,64.11878,63.77867,58.76381,54.56516,52.70753,48.71648,44.82872,47.16711,51.284,55.24641,53.65327,51.12983,48.08676,45.97851,42.0325,37.88548,"Itum4"
"Itum9_37bands_20",29.04118,29.04202,27.02861,25.60258,25.97352,27.26869,27.509,24.48335,23.81937,21.59007,18.40245,14.94698,11.04034,60.37574,63.71371,63.22701,71.75288,82.12493,79.30098,86.65197,80.23818,77.83171,82.53,79.26288,66.83199,60.21293,54.96799,47.19768,49.99994,64.83825,83.17555,85.88434,83.86769,74.15041,66.393,49.69896,32.64639,"Itum9"
"Itum5_37bands_20",33.04949,33.04976,37.40976,41.05491,44.32048,47.17917,48.87614,47.43966,45.75219,44.84833,40.48028,38.22984,45.72084,82.92432,95.1859,88.52803,87.43918,92.75149,89.89839,88.24432,82.42336,78.93477,77.27693,70.64279,63.27833,57.26989,51.11184,44.20405,43.05203,48.29827,61.06178,63.12023,62.93245,59.19268,57.09829,48.69679,41.17567,"Itum5"
"AutumRoyal_37bands_20",24.35826,24.3592,23.10335,21.94533,21.94496,22.95195,22.55548,19.52781,18.70355,16.80039,14.77089,11.76646,42.11607,63.39626,62.11534,59.53948,65.28801,75.13322,74.73982,75.71934,71.96388,71.66008,71.80091,61.63861,50.24715,42.93892,35.21155,27.71981,29.1857,36.49586,47.99062,48.30807,44.76745,38.02288,32.85777,24.28248,18.87799,"AutumRoyal"
"Crimson_37bands_21",19.23438,19.23424,19.37584,18.84077,19.39694,19.69156,20.52472,19.31527,21.21456,21.58647,23.80887,34.754,25.84505,77.98136,89.91742,83.67949,83.44456,88.66121,85.23926,87.71649,84.35542,81.38386,79.91132,77.35068,72.44789,68.18142,65.30438,60.92563,61.58073,70.33523,83.34321,84.91437,84.66449,80.03509,77.3639,67.14729,55.15978,"Crimson"
"Itum9_37bands_21",31.21935,31.21988,29.49262,28.15672,28.38736,29.63963,29.56161,26.54723,25.85604,23.64934,21.17063,18.07392,12.54586,80.92167,92.6653,90.2486,96.13682,103.08448,97.15194,102.57888,94.67491,92.22192,95.12847,89.97406,77.07755,70.10936,64.36672,55.50454,57.82974,72.05486,89.33333,91.17331,87.71371,76.24256,65.10416,48.90943,34.44128,"Itum9"
"Itum5_37bands_21",30.82314,30.82372,34.53166,37.53397,40.70803,43.56258,45.13606,43.57597,42.05771,41.06202,36.95284,34.74247,43.50732,81.28716,95.3887,89.2586,88.06078,93.18038,89.93855,87.93224,81.74541,78.23462,76.49944,69.56409,62.20098,56.01273,49.81126,42.72578,41.33744,46.89339,59.88231,62.11515,61.83377,57.78407,55.59399,47.1325,39.41299,"Itum5"
"AutumRoyal_37bands_21",22.07483,22.07541,20.58413,19.35703,19.34419,20.38709,20.14241,17.10249,16.10931,14.18755,11.86239,8.98257,43.11672,52.07994,43.77456,41.13058,48.1827,59.15957,59.96498,62.43421,60.18462,59.7914,61.75819,52.66738,41.68832,34.69664,27.56931,18.88728,20.41022,28.52348,40.86068,41.05436,37.58615,30.08426,23.92954,14.57715,9.84432,"AutumRoyal"
"Crimson_37bands_22",19.29065,19.2906,19.58206,19.05769,19.58975,19.82226,20.91084,20.01443,22.35117,23.09901,25.63975,36.76034,25.26942,78.25674,88.95661,83.2848,83.48817,89.1513,86.05265,88.3705,85.27819,82.19613,80.78462,78.27846,73.57163,69.11866,66.51533,62.46497,63.62329,72.23008,84.52284,85.98817,85.40737,81.15468,78.8911,68.50719,56.61488,"Crimson"
"Itum4_37bands_22",13.55011,13.55029,16.18771,18.41788,19.96027,21.38518,21.48757,21.14104,20.18485,20.19725,18.33504,17.83619,4.3284,45.08826,64.77204,66.246,65.78089,66.45353,67.37802,67.06315,63.69771,68.19478,67.70451,62.4354,58.02186,56.14625,52.09078,47.84473,50.37364,54.80821,58.84504,57.08796,53.98903,50.54487,47.8953,43.99805,39.91239,"Itum4"
"Itum9_37bands_22",27.42072,27.42112,25.95696,24.78315,25.12007,26.4136,26.42951,23.49735,22.91691,20.81694,18.93221,16.72036,12.59746,78.8127,92.21104,89.88695,95.95035,103.11042,97.77017,103.29868,95.05183,93.22332,96.91246,91.75279,78.79229,71.90913,66.71814,58.1969,60.1377,74.16907,91.01677,92.86341,89.59287,78.35808,67.30828,51.52417,36.07244,"Itum9"
"Itum5_37bands_22",33.39051,33.39108,37.31993,40.60655,43.86996,46.81332,48.35597,46.73461,45.06803,44.02663,39.69673,37.37341,43.08561,81.00312,95.3307,89.30015,88.23217,93.27594,90.10068,88.13575,82.0105,78.76146,77.04201,70.21446,62.85603,56.76695,50.2737,43.39574,42.12169,47.70719,60.63608,62.6668,62.45243,58.5731,56.27304,47.93733,40.61525,"Itum5"
"AutumRoyal_37bands_22",24.37052,24.37116,22.88072,21.63285,21.581,22.63692,22.33789,19.23371,18.29681,16.43563,14.15403,10.9266,43.04135,51.30341,41.19479,38.77352,46.44434,58.25372,59.5688,62.5123,60.47254,60.47846,62.88948,54.07028,43.40897,36.61194,29.50776,20.92581,22.5696,31.18106,43.67378,43.62192,40.23989,32.87449,26.79517,16.35907,10.67024,"AutumRoyal"
"Itum4_37bands_23",14.41926,14.41947,17.27629,19.65142,21.37096,22.94916,23.10383,22.6722,21.67262,21.61714,19.61034,19.04527,5.09256,48.30724,68.22494,69.49333,69.14842,70.41027,71.45693,71.43797,68.22659,72.45174,71.89549,66.44827,61.42518,59.38063,55.24449,50.87809,53.24111,57.92602,62.12558,60.30475,56.95203,53.43066,50.62068,46.23731,41.68643,"Itum4"
"Itum9_37bands_23",31.77754,31.77824,29.70799,28.22094,28.46951,29.77437,29.90027,26.84097,26.07494,23.72631,20.35473,16.77574,10.89351,67.06633,74.98305,74.83214,82.5372,91.57883,88.19483,94.83879,88.06867,86.00033,90.70374,86.37419,74.12121,67.43828,62.35086,54.29271,56.46297,70.9267,88.5512,90.85781,88.7601,78.87013,70.05379,53.57158,36.72778,"Itum9"
"Crimson_37bands_23",22.70988,22.70944,23.69361,23.21544,23.60297,23.97014,26.45613,26.64409,29.95835,31.67492,33.89753,46.27934,24.68064,78.8145,92.42042,85.92906,85.59303,90.54206,86.84476,89.00554,85.35556,82.36633,80.55737,78.01544,73.09464,68.72391,66.11856,61.82339,62.80527,71.44527,84.42715,85.75755,85.14231,80.61401,77.71023,67.16061,54.9854,"Crimson"
"Itum5_37bands_23",33.17172,33.1724,36.55525,39.51961,42.51948,45.23655,46.79958,45.10073,43.46594,42.41911,38.24154,35.91479,40.82032,80.60037,93.60955,88.19484,87.16443,92.48353,89.61607,87.425,81.49433,78.38487,76.42195,69.60212,62.5121,56.41196,49.87561,43.11265,42.14527,48.0552,61.06406,63.06078,62.95209,59.36868,57.49213,49.34722,42.02236,"Itum5"
"AutumRoyal_37bands_23",30.38698,30.38739,31.3209,31.19068,31.36606,32.42887,33.41321,31.27738,31.01776,30.05985,29.19798,27.17277,46.60134,74.91637,83.55725,78.53807,81.33713,87.66849,84.92285,84.22451,78.83391,77.00281,76.052,65.20609,52.49939,44.55159,36.57608,28.28942,29.87922,36.97561,48.45367,49.12261,45.127,38.09047,32.27018,24.29141,19.4452,"AutumRoyal"
"Crimson_37bands_24",20.97834,20.97821,21.72962,21.23617,21.65795,21.99104,24.26852,24.32944,27.37018,28.81127,30.67952,41.89585,25.62072,79.11657,92.92301,86.03466,85.60936,90.46275,86.5404,89.01149,85.31764,82.08462,80.84952,78.01544,73.00426,68.51662,65.67278,61.24917,61.79805,70.38984,83.6576,85.46048,85.18726,80.38385,77.27655,66.785,54.72319,"Crimson"
"Itum4_37bands_24",15.19609,15.19635,18.25134,20.87517,22.72642,24.43367,24.67683,24.11306,23.02419,22.94548,20.77388,20.14395,4.11635,46.70249,68.17454,70.19821,69.57957,70.42502,71.1472,70.69678,67.19488,71.99039,71.16749,65.80062,61.00104,59.10142,54.66974,50.63828,52.87561,57.69669,61.7134,59.57875,56.10912,52.62028,49.6851,45.37677,41.00965,"Itum4"
"Itum9_37bands_24",30.2171,30.21767,28.21219,26.71219,26.98015,28.31147,28.4754,25.55525,24.74995,22.56069,19.5774,16.1515,8.40088,68.07604,77.34259,77.01353,84.99149,94.22791,90.34724,96.703,89.12497,87.43963,91.46391,87.22535,74.30651,67.36207,62.06711,53.45211,56.27663,71.82097,90.73057,92.66649,89.62147,78.67965,68.62518,50.9918,33.45864,"Itum9"
"Itum5_37bands_24",32.00013,32.00018,35.47399,38.50392,41.52952,44.22649,45.74123,44.17309,42.57673,41.54787,37.44144,35.17113,44.92394,80.97618,92.91708,87.07869,85.99109,91.10042,87.71286,85.93552,79.8363,76.28442,74.30273,67.73838,60.61908,54.48432,47.80731,41.1669,40.41833,46.14014,59.11836,61.22502,61.30598,58.03001,56.46077,48.43668,41.33474,"Itum5"
"AutumRoyal_37bands_24",31.05919,31.05941,32.59928,32.98686,33.45353,34.54374,35.84657,33.73287,33.75718,33.10743,32.16455,30.14013,45.74808,72.14962,78.98572,74.67046,78.50613,86.07069,83.93165,83.68796,78.37587,76.68976,76.24533,65.57454,52.9564,45.02436,36.78154,28.01003,29.40252,36.96315,49.47724,50.39494,46.70404,39.45032,33.46542,24.82433,19.77729,"AutumRoyal"
"Crimson_37bands_25",19.30924,19.30929,19.55426,19.00513,19.48125,19.90118,20.95871,20.14729,22.12475,22.60408,24.67401,34.27339,22.79053,76.57897,89.44383,83.63598,83.83139,89.18206,85.63289,88.32756,84.58011,81.98616,80.85937,77.9829,72.58707,68.42642,66.09755,61.70869,61.84418,70.29084,82.80254,84.24946,83.67731,78.55835,75.17488,64.61209,52.37334,"Crimson"
"Itum4_37bands_25",14.2475,14.24785,16.91634,19.24772,21.02435,22.69389,22.58822,21.68144,20.53531,20.28878,18.12436,17.34309,3.81299,44.1348,64.21732,65.82089,65.67266,66.83866,67.58094,67.26961,64.09848,68.06102,67.25149,62.06865,57.56497,55.44508,51.53088,47.41893,49.6688,54.11989,58.34782,56.67095,53.76636,50.29944,47.73267,43.45964,38.9353,"Itum4"
"Itum9_37bands_25",26.21811,26.21906,24.3443,22.95105,23.23861,24.65056,24.78793,21.88403,21.14346,18.9546,15.96249,12.17308,8.89177,61.21488,72.69776,71.87508,79.07655,87.50805,83.60723,90.39717,83.37534,82.30425,87.43304,82.86364,70.64918,63.78486,57.95709,49.47166,50.96609,64.23453,81.35495,83.71832,81.75683,71.15427,61.00106,45.73299,30.67493,"Itum9"
"Itum5_37bands_25",29.49376,29.49393,32.41721,34.94396,37.69866,40.2179,41.5546,39.87331,38.45968,37.34931,33.39845,31.02051,40.06258,79.87161,93.32814,87.97818,87.2999,92.71816,89.85594,88.02261,82.094,79.22942,77.43161,70.56014,63.35978,57.35725,51.02056,44.18172,43.0885,48.64092,61.16008,63.0288,62.66763,58.84045,56.55634,48.21912,40.83019,"Itum5"
"AutumRoyal_37bands_25",17.45866,17.45908,15.98182,14.77115,14.83644,15.95447,15.56429,12.71582,11.78646,9.9453,7.65158,5.1555,41.53874,52.06572,44.32526,41.75509,49.0716,60.51415,61.8207,64.59519,62.20638,62.27963,64.85701,55.87285,45.09508,38.15587,30.78864,22.63886,24.47583,32.54357,44.6193,44.63897,41.1846,33.85181,27.95172,18.78895,13.61268,"AutumRoyal"
"Crimson_37bands_26",19.48233,19.48207,19.44342,18.8021,19.13271,19.48207,20.20743,19.315,21.02785,21.3641,23.59458,32.17499,22.37997,77.03424,89.99484,84.0467,84.26139,89.75829,86.14679,88.94381,85.10525,82.33992,81.14001,78.55221,73.26449,68.93354,66.46218,62.04989,62.38701,71.00376,83.61578,85.13782,84.6,79.50372,76.139,65.45697,53.08137,"Crimson"
"Itum4_37bands_26",13.20997,13.2101,15.77068,18.05417,19.81724,21.3629,21.31548,20.66745,19.56943,19.44243,17.43302,16.80916,4.61242,43.77687,63.47971,64.35636,64.3083,65.63199,66.50228,66.62218,63.54622,67.25486,66.93667,61.81273,57.13616,54.91535,51.0549,47.06905,49.20172,53.53684,57.60619,56.07618,53.50559,50.14226,47.55619,43.43113,39.02545,"Itum4"
"Itum5_37bands_26",31.28722,31.28768,35.20427,38.55726,41.92907,44.96697,46.66097,44.99399,43.29268,42.256,37.84145,35.5041,41.65412,81.23747,94.77711,89.25633,88.63899,94.03694,91.11417,89.42426,83.63063,80.50628,78.76043,71.89515,64.54583,58.53015,52.12918,45.29487,44.39879,49.8251,62.30025,64.29151,63.82973,60.11548,57.99916,49.43997,41.87284,"Itum5"
"AutumRoyal_37bands_26",23.19127,23.19222,21.7863,20.68074,20.69398,21.7331,21.4317,18.26144,17.31605,15.42072,13.25277,9.94916,41.63636,51.21427,43.30187,41.01822,48.37157,59.75463,60.95494,63.7539,61.53133,61.54267,63.95557,55.12683,44.24883,37.29767,30.11712,21.7331,23.32535,31.58511,43.55732,43.56284,39.96213,32.50045,26.50323,17.24169,12.59472,"AutumRoyal"
"Itum9_37bands_26",26.81343,26.81407,25.01826,23.65483,23.93076,25.41894,25.57844,22.59884,21.82187,19.54321,16.44467,12.73912,10.30209,62.31682,70.81423,70.00907,78.10468,87.89623,84.97945,92.29435,85.56035,84.37885,90.19628,85.6567,73.59702,67.14082,62.36593,54.40079,55.42177,68.65772,85.17824,87.40714,85.07431,74.5273,65.46544,49.76774,34.18988,"Itum9"
"Crimson_37bands_27",21.53285,21.53262,22.41904,21.9829,22.4375,22.69577,24.67144,24.61124,27.95399,29.69731,32.2534,44.56018,22.06584,79.99172,94.64139,87.69072,87.40745,92.3879,88.2699,90.84709,86.90224,83.64461,82.46838,79.75929,74.51721,70.06834,67.37498,62.98445,63.72737,72.02596,85.05538,86.76347,86.48143,81.32428,78.04606,67.2639,54.61101,"Crimson"
"Itum4_37bands_27",14.77322,14.77334,17.86394,20.4755,22.24177,23.77149,23.71011,23.24695,22.16831,22.10655,19.98699,19.4033,5.33346,50.01356,69.81443,70.81658,70.31447,71.49954,71.95626,72.03014,68.48257,72.69268,72.00421,66.60929,61.47857,59.1934,54.90086,50.67239,53.02703,57.66595,62.01962,60.17214,56.69584,53.01966,50.24181,45.79629,41.06988,"Itum4"
"Itum9_37bands_27",27.54986,27.55051,25.50778,24.06668,24.49238,25.7552,25.97235,22.99925,22.34757,20.11486,17.02524,13.53211,10.6852,56.29399,56.9723,56.91754,65.74996,76.85888,74.55714,82.21603,76.59328,74.11433,78.91562,75.79894,63.49746,56.81333,52.00636,44.24389,47.46249,62.60376,81.34795,84.13122,82.00914,72.5605,65.1555,48.69841,32.19218,"Itum9"
"Itum5_37bands_27",37.4312,37.43169,41.06712,43.6459,45.92091,48.16696,50.19681,49.14855,48.10426,47.28667,43.57812,41.4051,53.01607,84.91478,93.71258,86.11229,84.61419,90.15199,87.82019,86.09313,80.4611,77.07313,75.60889,68.94957,61.83675,55.74318,49.26331,42.46172,41.12916,46.60196,59.93359,62.09949,62.14404,58.47103,56.48565,48.65416,41.71236,"Itum5"
"AutumRoyal_37bands_27",22.28286,22.28333,20.93741,19.73761,19.80035,20.92291,20.63145,17.65475,16.68463,14.73154,12.43895,9.56619,44.92502,57.37348,52.97948,50.33275,56.31007,65.97876,65.91458,67.56897,64.1043,63.10404,64.18998,54.79845,43.16118,35.85224,28.4982,20.98781,22.45973,29.14714,41.00648,41.72984,38.75134,32.34962,27.66869,19.76003,14.83152,"AutumRoyal"
"Itum9_37bands_28",25.98225,25.98291,23.93747,22.54248,22.85573,24.30127,24.45359,21.50263,20.78918,18.44942,15.23439,11.65788,10.04265,54.6397,57.22985,57.04639,65.66048,76.23789,73.82965,81.77578,75.80101,73.57959,78.85762,75.93212,63.53704,56.6274,51.04539,43.19866,45.42614,60.84494,80.44857,83.00469,81.47801,71.85426,63.83358,47.14697,30.21754,"Itum9"
"Itum5_37bands_28",36.89185,36.89242,40.9526,43.76879,46.19006,48.52977,50.86245,50.02875,49.02758,48.34443,44.63861,42.5678,53.67317,86.35155,95.93999,88.45822,86.94042,92.11209,89.55566,87.6312,82.00134,78.75231,77.10364,70.31412,63.2359,57.19761,50.59746,43.90937,42.84962,48.66051,61.65309,63.78206,63.53957,59.89359,57.91332,50.03417,43.30311,"Itum5"
"AutumRoyal_37bands_28",20.30167,20.30212,19.18231,18.16019,18.25529,19.38221,19.26661,16.48348,15.56105,13.8211,11.6901,9.11023,44.45368,59.29047,55.46303,52.98785,59.32194,69.47793,69.77983,71.42282,67.87487,67.39448,68.41991,59.0974,47.60659,40.45004,33.13342,25.38344,27.2521,34.31007,45.95452,46.56038,43.53741,37.22925,32.26784,23.97418,18.70388,"AutumRoyal"
"Crimson_37bands_28",24.76673,24.7666,26.0957,25.77156,26.24414,26.67868,30.59936,31.64592,35.41943,37.4208,38.57324,50.30862,21.06821,78.61133,93.81565,87.34794,87.15199,92.26744,88.18708,90.58767,86.63404,83.62471,82.46608,79.77101,74.57088,70.28428,67.59122,63.15873,64.02516,72.49916,85.13752,86.59304,85.99586,80.97593,77.69561,66.924,54.53666,"Crimson"
"Crimson_37bands_29",23.67639,23.67648,24.95084,24.78685,25.53989,26.25508,29.86271,30.34651,33.25141,34.6158,34.8199,44.88495,19.0827,77.22383,92.03694,85.98076,86.20393,91.7199,87.58469,90.0831,86.07546,82.74347,81.64223,79.0553,73.81752,69.37551,66.82136,62.63164,63.91867,72.52904,84.93199,86.45291,85.75556,80.82357,77.81748,66.86959,54.2391,"Crimson"
"Itum4_37bands_29",14.60444,14.60474,17.43463,19.76893,21.39675,22.80728,23.16266,22.61707,21.6319,21.60448,19.73224,19.19812,6.31372,47.0182,63.83117,63.82101,63.70052,65.00102,65.90141,66.08788,62.90702,66.12478,65.88253,60.99401,56.31606,54.06241,50.04337,46.08609,48.3104,52.74474,57.19514,55.77216,53.13448,49.83411,47.46486,43.4865,39.19957,"Itum4"
"Itum9_37bands_29",32.94505,32.94588,31.0292,29.5795,29.74854,31.1787,31.16136,28.0246,27.20158,24.85223,21.56247,17.97597,13.88451,73.76562,87.17071,84.97158,90.81984,97.74122,92.55814,98.35849,90.80333,88.84878,92.9591,88.16695,75.18089,68.29215,62.49488,53.59914,54.57344,67.68272,84.71871,87.17718,84.49979,73.31963,62.74478,47.5292,32.80579,"Itum9"
"Itum5_37bands_29",32.00562,32.00589,35.77451,38.85719,41.7361,44.32399,46.23718,44.94976,43.49258,42.64488,38.70731,36.56288,44.97755,84.65023,96.20587,90.0372,88.54822,93.26331,89.7643,87.62028,81.50733,78.19926,75.9691,69.38719,62.50351,56.33569,49.38395,42.97648,42.34383,48.39142,61.52645,63.552,63.45799,60.18203,58.43941,50.18424,42.85476,"Itum5"
"AutumRoyal_37bands_29",24.08945,24.08994,22.9199,21.92528,21.99025,22.89188,22.608,19.7327,19.0801,17.29038,15.52921,13.01382,44.93241,63.25542,60.91345,58.1584,63.46686,72.41173,71.55195,72.20194,68.08281,67.14967,67.16727,57.1984,45.55559,37.79093,29.17726,20.11918,21.3023,29.38885,43.29038,44.07316,40.84543,33.53207,27.82143,18.96388,14.12364,"AutumRoyal"
"Crimson_37bands_30",33.83765,33.83814,37.47297,39.07509,40.98295,42.51087,46.90224,47.38522,49.21769,49.9007,47.25462,58.60154,20.02121,79.03834,94.05074,87.53761,87.54456,92.84039,88.49905,90.97149,86.85988,83.73166,82.52977,79.91752,74.54062,70.08049,67.45982,62.94067,64.00097,72.37889,85.11104,86.55253,86.06738,80.99141,77.46009,66.48351,53.91119,"Crimson"
"Itum9_37bands_30",29.56723,29.56799,28.0691,26.7874,27.05153,28.39658,28.56678,25.75641,25.27776,23.44382,21.51837,19.09595,10.63381,66.34479,77.33641,76.46174,84.02504,92.63451,88.71214,95.07622,88.2025,86.5268,91.31526,86.4947,74.09085,67.25914,61.88139,53.32748,54.74939,67.59565,83.81678,86.00192,83.56965,72.84065,62.94135,47.64486,33.06163,"Itum9"
"AutumRoyal_37bands_30",24.16411,24.16464,22.7607,21.60872,21.69724,22.61778,22.45809,19.48718,18.69428,16.86838,14.9666,12.16105,45.06904,64.30741,63.22349,61.01789,66.26708,75.53357,75.22679,75.66078,71.62491,71.38038,71.31265,61.06283,49.57274,42.03272,33.31798,24.71314,25.97319,34.35492,47.80332,48.27309,44.49421,37.19998,31.01736,21.31735,15.18452,"AutumRoyal"
"Itum5_37bands_30",34.81637,34.81682,38.89815,42.31136,45.37355,48.10005,49.99158,48.5164,46.89892,45.98065,41.72515,39.5219,44.49017,83.91417,96.14281,89.7954,88.41001,93.15181,89.7467,87.44939,81.50817,78.0865,76.17197,69.47459,62.49624,56.30366,49.45205,42.99302,42.28917,48.26243,61.43251,63.57941,63.53364,60.0964,58.35276,50.08191,42.7265,"Itum5"
"Crimson_37bands_31",21.91181,21.91185,22.5384,21.91872,22.38362,22.75413,24.888,24.83757,27.82031,29.16961,30.98781,42.36087,22.49879,77.83435,90.42068,84.78511,85.31004,90.93588,87.47828,90.35418,86.50477,83.51476,82.54517,80.25252,74.84271,70.44017,68.27012,64.18827,65.30401,73.87242,85.82582,87.22497,86.19883,81.23426,78.04735,67.16208,54.77688,"Crimson"
"Itum4_37bands_31",13.33504,13.33522,16.16973,18.70618,20.61787,22.16859,22.26789,21.69461,20.65589,20.54827,18.40591,17.78191,3.74446,45.32011,66.85611,68.56965,68.39435,69.876,70.56106,70.724,67.40902,71.78401,71.09996,65.79277,60.7477,58.68651,54.59269,50.40723,52.86382,57.52361,61.40394,59.53473,56.18813,52.45212,49.41656,45.10096,40.57499,"Itum4"
"Itum9_37bands_31",29.22367,29.22421,27.04981,25.60334,25.86494,27.22768,27.35884,24.2865,23.52499,21.22823,18.00613,14.29801,8.36736,57.86093,64.06506,65.42102,74.41104,84.43855,81.82891,88.99957,82.68533,81.2992,85.6817,81.90542,69.75408,63.41543,57.53199,49.58343,52.98079,69.20924,87.91269,89.70031,86.55049,76.68919,67.87975,49.90065,32.21716,"Itum9"
"Itum5_37bands_31",34.77643,34.77701,39.11139,42.88998,46.30835,49.23918,50.88032,49.46923,47.82474,46.99471,42.52265,40.24739,44.01976,83.28541,96.42622,90.13816,89.05686,94.55309,91.85549,90.00181,83.96467,80.9048,79.17345,72.36301,64.81649,58.85584,52.79082,45.9232,44.85672,50.37853,62.72579,64.66995,64.21814,60.01434,57.34316,48.84975,41.45816,"Itum5"
"AutumRoyal_37bands_31",22.59386,22.59458,20.96495,19.74538,19.77987,20.73399,20.51931,17.44267,16.55276,14.60376,12.28114,8.96088,40.824,49.16566,38.44476,36.29985,43.85805,55.81079,57.08836,60.34089,58.37533,58.41439,61.07229,52.5038,41.92022,35.17831,27.97986,20.33797,22.09766,30.30177,42.45423,42.3416,38.97018,31.94724,26.31558,16.69685,11.05568,"AutumRoyal"
"Crimson_37bands_32",18.34681,18.34667,18.46578,17.88963,18.25928,18.55701,19.21418,18.55666,20.28792,20.9632,23.32071,31.52886,22.97698,78.49991,92.10046,86.01892,86.11255,91.51686,87.77833,90.65159,86.7355,83.64427,82.70253,80.17679,74.82196,70.47671,67.73394,63.51709,64.85849,73.46726,85.81009,87.09676,86.27503,81.28997,78.03257,67.048,54.7231,"Crimson"
"Itum4_37bands_32",14.22266,14.22288,17.24445,19.80707,21.80607,23.55677,23.68721,22.98022,21.82607,21.67074,19.49555,18.77153,3.64921,45.72035,67.54349,69.87948,69.71214,70.49533,71.01598,71.16978,67.38987,71.71808,71.33568,66.13332,61.06345,58.94786,54.67629,50.54236,52.91367,57.67686,61.78808,59.80983,56.40856,52.69192,49.86402,45.25629,40.62066,"Itum4"
"Itum9_37bands_32",29.95207,29.95277,27.90631,26.43085,26.72583,28.19705,28.30493,25.15412,24.38976,22.01435,18.73985,15.18814,10.58845,59.05788,64.4121,64.54149,73.02071,83.13999,80.39079,87.73012,81.30455,79.32053,84.19858,80.26156,67.82126,61.34368,56.92261,48.65529,50.39672,64.74257,83.08108,85.58078,83.27183,72.783,63.82582,48.01255,31.99386,"Itum9"
"AutumRoyal_37bands_32",23.77546,23.77604,22.16671,20.91221,20.91371,21.90809,21.63241,18.48039,17.59261,15.65994,13.42668,10.29051,40.75016,50.65791,39.83732,37.81473,45.69107,57.84842,59.6151,62.84255,60.95962,61.32357,63.97111,55.32503,45.00436,38.45048,31.37345,23.70265,25.78656,34.28518,46.46207,46.37365,42.94081,35.94576,30.47491,20.30021,13.82908,"AutumRoyal"
"Itum5_37bands_32",30.39024,30.39073,33.54001,36.21682,39.04557,41.54475,42.93995,41.27815,39.81383,38.70683,34.61809,32.18144,44.53036,82.50029,95.37997,89.17625,88.18888,93.62424,90.66875,89.10739,83.01665,79.60081,78.05881,71.21416,63.81458,57.79044,51.86413,45.10837,43.9589,49.49396,61.75572,63.82468,63.54922,59.42066,56.90722,48.5103,41.15252,"Itum5"
"Crimson_37bands_33",28.91511,28.91488,30.90973,31.13153,31.93894,32.52404,37.06533,38.07668,41.65812,43.59697,44.27697,55.66452,26.30363,81.43131,94.11507,87.58607,87.25926,92.3008,88.62622,91.61408,87.52381,84.49622,83.16695,81.13904,75.72553,71.28119,69.12078,65.06125,65.79127,74.72224,87.39288,89.01549,88.45167,83.45547,80.37178,69.81548,57.44346,"Crimson"
"Itum5_37bands_33",38.33193,38.33215,42.59804,45.47915,47.89655,50.34671,52.81266,52.02166,50.99355,50.37171,46.65772,44.60667,57.35443,88.23659,96.48836,88.65386,86.87931,92.05837,89.13283,87.41196,81.79406,77.98855,76.28264,69.85239,62.65623,56.43266,49.79998,43.27545,42.30417,48.11516,61.10849,63.34772,63.42464,59.96268,58.26549,50.46446,43.81152,"Itum5"
"AutumRoyal_37bands_33",21.70687,21.70759,20.35792,19.18869,19.23352,20.27624,20.0595,17.05972,16.10349,14.23425,12.00507,8.97273,39.96699,50.38235,43.41168,41.95461,49.5837,60.77713,62.05046,64.74072,62.11821,62.54466,64.9032,55.82263,44.63527,37.71267,30.29402,21.56396,23.30244,31.93671,44.12239,44.12195,40.25549,32.55637,26.37013,16.69304,11.29084,"AutumRoyal"
"Itum9_37bands_33",32.75099,32.75186,30.92369,29.53824,29.96119,31.22441,31.51097,28.43912,27.81636,25.60115,22.72084,19.61378,20.9736,64.53791,65.51951,63.84368,71.5329,81.56393,78.77728,85.88739,80.56033,77.8334,82.73428,79.36652,67.40957,60.72002,55.07304,47.03761,50.31154,65.15267,83.26811,85.79568,83.53873,74.04594,65.85468,50.44271,35.90301,"Itum9"
"Crimson_37bands_34",33.87436,33.87436,37.03865,37.91841,39.30882,40.31984,46.15764,47.89269,51.31668,53.03121,51.60545,65.75947,25.17285,81.69197,95.76682,89.03363,88.80677,93.99177,90.23156,92.91041,89.12824,85.86692,84.91539,82.63643,77.67639,73.16755,70.4265,66.15053,68.12299,76.90055,89.30566,90.7003,89.94716,85.24053,82.29807,71.31566,58.94399,"Crimson"
"Itum4_37bands_34",13.25938,13.25964,16.05099,18.38307,20.26702,21.8726,21.93576,21.02137,19.93753,19.65194,17.52273,16.85736,5.36235,42.50723,61.068,62.01736,62.20382,63.601,64.41363,64.43755,61.35993,64.93274,65.36252,60.03652,55.57963,53.27984,49.54173,45.69551,48.10517,52.44424,56.63399,55.2447,52.84264,49.53063,47.17023,43.20183,38.75677,"Itum4"
"Itum9_37bands_34",27.31368,27.31427,25.41749,23.89749,24.21035,25.61877,25.74637,22.87322,22.08942,19.87965,16.78269,12.94193,11.68953,61.50234,66.00865,65.74456,74.03023,83.87819,80.84982,88.1286,82.62596,80.71515,85.42965,81.55719,69.54433,63.01561,57.06035,49.22018,52.20865,66.85076,84.69316,87.14567,84.47111,74.85789,66.06175,49.31088,33.35146,"Itum9"
"Itum5_37bands_34",39.90106,39.90168,44.43063,47.6123,50.08317,52.5289,55.07237,54.35526,53.3148,52.72634,48.88461,46.68709,56.87928,88.47146,96.93691,89.08967,87.29486,92.47419,89.68364,88.06645,82.37413,78.54002,76.85401,70.42172,63.20546,57.03522,50.41257,43.93771,43.05745,48.81529,61.84061,63.95985,63.84115,60.52151,58.87919,50.7923,43.9447,"Itum5"
"AutumRoyal_37bands_34",23.84009,23.84084,22.41419,21.17804,21.18869,22.27889,21.95865,18.73609,17.80655,15.81532,13.52145,10.20479,41.67451,51.39707,43.58651,41.93832,49.6032,60.80655,62.05623,64.86219,62.46426,62.64252,65.1208,56.01027,45.00679,38.12995,30.78194,22.16076,23.87957,32.33619,44.57276,44.53424,40.82067,33.25209,26.82971,16.79724,11.77236,"AutumRoyal"
"Crimson_37bands_35",18.22161,18.22189,17.75189,16.99659,17.52944,18.044,18.60082,16.84142,17.94098,17.41957,18.17309,25.38989,20.66194,69.04824,80.06714,76.64496,78.10759,83.91224,80.85467,84.03504,81.10479,77.88252,77.20855,75.01582,70.00327,65.44775,62.21102,58.02426,59.75959,69.04432,82.1262,83.59392,83.35369,79.2238,76.92675,66.37245,54.2385,"Crimson"
"Itum9_37bands_35",35.40745,35.40771,34.44,33.36182,33.56701,34.60139,34.90549,32.0706,32.15464,30.95845,30.97268,30.36093,16.14391,83.90889,99.44879,96.05851,100.37124,105.42838,99.38662,104.21775,96.6993,94.02747,97.01659,92.41122,79.63761,72.56937,66.75472,58.18991,60.16966,72.92658,88.57988,90.79643,88.17704,77.43576,66.825,52.00973,38.2457,"Itum9"
"AutumRoyal_37bands_35",23.85593,23.85654,22.36984,21.15747,21.17335,22.19687,21.80709,18.61143,17.59451,15.57462,13.11489,9.73093,41.30698,52.76104,46.29379,44.60231,51.85055,62.90654,63.63269,66.01082,63.15577,63.15093,65.15137,55.73181,44.32813,37.08159,29.50852,20.84654,22.53742,30.7544,43.33038,43.45385,39.7872,31.98159,25.50385,16.27495,11.45242,"AutumRoyal"
"Itum5_37bands_35",33.97615,33.97667,38.46628,41.57145,44.31165,46.90197,49.13545,48.10176,46.9186,46.17931,42.28815,40.27288,52.30509,86.42352,96.79216,89.07261,87.75946,93.31157,90.94919,89.42291,83.67815,80.38347,79.16268,72.377,64.9551,58.85264,52.55696,45.68572,44.42755,49.68638,62.53066,64.60383,64.38781,60.61749,58.36794,50.21629,43.11357,"Itum5"
"Crimson_37bands_36",18.32664,18.32655,17.78643,17.0103,17.49202,17.95934,18.47748,16.98446,18.02727,17.66406,18.5465,25.18482,21.86685,72.34786,82.8352,79.01688,80.42556,86.72012,83.78696,87.16528,83.77094,80.73352,79.78367,77.75964,72.6499,68.4044,65.94346,62.17657,63.83339,73.10492,85.92687,87.50422,86.84798,82.54441,80.45865,69.27864,56.33213,"Crimson"
"Itum9_37bands_36",34.20899,34.20954,32.90276,31.68397,31.89476,32.98879,33.12526,30.3918,30.09634,28.56246,27.61706,25.76429,13.39085,79.37148,97.70413,94.5579,99.22535,104.47348,98.32689,103.56171,95.69578,93.4996,97.2811,92.52858,79.43634,72.62857,66.60595,58.23436,59.85752,72.11495,88.06981,90.50611,88.37309,77.49645,67.18727,52.36763,37.43779,"Itum9"
"Itum5_37bands_36",34.83232,34.83288,39.5175,43.00908,45.96138,48.61716,50.7804,49.75518,48.45327,47.73976,43.59981,41.43325,51.50002,84.90624,95.66193,88.06053,86.52529,91.68733,88.93495,87.37186,81.67403,78.11339,76.46756,69.89987,62.42912,56.30664,50.01873,43.03732,41.91338,47.22984,60.14572,62.26816,62.07516,58.37083,56.25339,48.1242,41.07499,"Itum5"
"AutumRoyal_37bands_36",24.78414,24.78457,23.25078,22.0079,22.0117,23.03554,22.74416,19.5846,18.67471,16.70404,14.42927,11.01686,42.79801,57.55214,52.95222,51.15335,58.15032,68.70674,69.23089,71.46149,68.32924,68.33733,69.90738,60.28392,48.99542,41.86948,34.2437,25.33536,27.01161,36.00448,48.84304,48.70838,44.51288,36.58392,29.96619,19.51881,13.50869,"AutumRoyal"
"Itum4_37bands_37",13.62949,13.62975,16.31071,18.62262,20.41525,21.85788,22.11655,21.31015,20.25095,19.92008,17.88967,17.22895,5.89799,42.41697,59.5343,59.82223,59.90382,61.51255,62.14654,62.57376,59.40796,62.56463,62.68942,57.86178,53.48325,51.29317,47.63193,43.91373,45.99944,49.92124,54.16546,52.94222,50.93291,47.92364,45.68976,41.71777,37.48977,"Itum4"
"Itum5_37bands_37",32.97639,32.9771,37.39247,41.04443,44.32664,47.13081,48.79406,47.19424,45.42206,44.40315,39.93183,37.6602,44.67885,83.74831,95.39123,89.10131,88.01967,93.30193,90.00793,88.3355,82.43628,78.8202,77.08004,70.6897,63.42968,57.26078,51.04664,44.44921,43.52505,49.01852,61.92722,64.09838,64.26574,60.73555,58.82436,50.46383,42.92563,"Itum5"
"AutumRoyal_37bands_37",24.28037,24.28115,22.78058,21.5306,21.56803,22.54009,22.24142,18.88833,17.9279,15.81201,13.40741,10.11537,41.12715,54.38755,48.43968,46.94015,54.49859,65.69868,66.52018,69.17741,66.23188,66.13455,68.23381,59.21447,47.78579,40.60562,33.2776,24.45537,26.47446,35.23314,47.87082,47.78813,44.02252,35.98827,29.2494,19.01793,13.3912,"AutumRoyal"
"Crimson_37bands_37",20.45728,20.45691,20.376,19.70118,20.22243,20.61588,21.6913,20.50736,22.53912,22.78952,24.5213,35.28775,29.35947,72.40919,82.10081,77.48304,78.38361,84.14969,81.42483,84.90856,81.83651,78.49264,78.28262,75.80706,70.65013,66.38232,63.53529,59.42396,60.558,69.69148,82.41874,83.94498,83.39958,78.79446,76.03499,66.07441,54.6673,"Crimson"
"Crimson_37bands_38",19.85423,19.85414,19.76594,19.15043,19.70385,20.10421,21.15706,20.2856,22.32174,22.51382,24.4125,34.37216,30.86231,76.89868,86.2313,80.89495,81.68821,87.54034,84.72126,87.77248,84.70964,81.19185,80.397,78.47045,73.2525,68.77388,66.20623,62.27099,63.98352,72.86974,85.49781,86.83276,86.0995,81.54193,78.72434,68.21113,56.67985,"Crimson"
"Itum4_37bands_38",13.39433,13.39442,16.08205,18.35656,20.09288,21.59538,21.71465,21.01857,19.99474,19.71326,17.69811,17.08681,5.41208,41.12674,58.50384,59.61003,59.68678,60.57964,61.08133,60.67774,57.8319,61.17673,61.10687,56.23733,52.01322,50.24493,46.52106,42.60365,44.91355,48.99487,52.97869,51.43497,49.13986,46.16401,44.1337,40.46109,36.49688,"Itum4"
"Itum9_37bands_38",30.16285,30.16363,28.28408,26.84288,27.15452,28.5325,28.5865,25.43501,24.65233,22.3032,19.01255,15.17003,8.62421,62.62905,71.93141,71.64108,79.84043,89.25674,86.08624,93.2143,86.34054,85.4248,90.76023,86.9586,74.62587,68.47344,63.60046,55.99313,57.67759,71.01693,87.04192,89.03776,86.743,76.07916,67.09077,51.01849,34.84179,"Itum9"
"Itum5_37bands_38",31.61497,31.61546,35.53679,38.75624,41.82447,44.46253,45.88834,44.23723,42.57626,41.53157,37.25055,34.88523,43.10748,82.86196,96.04726,89.79329,88.648,93.8504,90.5895,88.77825,82.64184,79.18655,77.25177,70.82812,63.53729,57.52172,51.09118,44.39246,43.51924,49.3407,62.28197,64.40209,64.42567,60.84,58.93159,50.5025,42.90247,"Itum5"
"AutumRoyal_37bands_38",18.32951,18.33,16.94404,15.7834,15.86736,17.04883,16.67796,13.59623,12.61513,10.66579,8.21586,5.59202,41.89798,53.85489,47.35152,45.43756,53.05932,64.35761,65.259,67.92608,65.07392,65.00267,67.52998,58.05447,46.52123,39.41723,31.93049,23.00416,24.7314,33.45419,46.07124,46.18454,42.27662,34.28562,27.40144,17.03409,11.69107,"AutumRoyal"
"Crimson_37bands_39",36.8337,36.83427,43.0152,47.48766,51.77673,55.28038,58.72623,57.74324,56.96373,56.36023,50.34234,59.22098,21.85591,76.57425,92.62713,85.91165,85.99696,91.41024,87.17538,90.42121,86.06892,82.72491,82.53582,79.80775,73.96418,69.55182,67.10813,62.78426,64.00079,72.05689,84.2294,85.6956,84.75923,79.16176,75.15625,64.27227,52.03516,"Crimson"
"Itum9_37bands_39",34.33323,34.33343,33.7848,32.86063,32.97039,34.03292,34.83484,32.75449,33.42226,32.93205,33.22669,31.75841,20.87539,85.37263,100.51787,96.30312,100.32932,105.21881,99.54878,104.49041,97.05014,94.00828,97.65512,92.66471,79.61452,72.64388,67.06098,58.23848,59.88412,72.08948,88.60609,90.95639,88.40154,77.31702,66.39386,51.45423,37.6612,"Itum9"
"AutumRoyal_37bands_39",19.85753,19.85816,18.36859,17.16206,17.24865,18.23361,17.79877,14.62951,13.81069,11.8656,9.54131,6.87654,43.42701,53.05508,44.33967,41.90569,49.16004,60.11712,60.64633,63.56084,60.81081,60.07783,62.65975,53.91145,42.81092,35.8051,29.08993,22.01388,23.96094,31.2199,42.69962,43.4152,40.39999,33.65584,29.17058,21.20619,16.35217,"AutumRoyal"
"Itum4_37bands_39",13.15262,13.15284,16.00419,18.42522,20.36605,21.94541,22.06742,21.39534,20.38609,20.20151,18.03796,17.413,3.86012,44.89108,66.72637,68.99797,68.9778,69.71281,70.30266,70.29622,66.76588,70.7848,70.71401,65.28413,60.02561,57.98566,53.90006,49.80773,52.30836,57.08244,60.96731,59.21106,55.78208,52.28642,49.46141,44.93898,40.29911,"Itum4"
"Itum5_37bands_39",31.4849,31.48499,35.66686,39.37602,43.01821,46.0294,47.68682,46.05956,44.25452,43.25492,38.69918,36.36186,40.32999,80.89355,95.36879,89.776,88.82595,94.30127,91.33984,89.25811,83.0681,80.08424,78.46238,71.49865,64.25223,58.13571,51.51245,44.84123,43.4274,49.15819,62.42237,64.48544,64.25789,60.35692,58.15679,49.59323,41.7694,"Itum5"
"Itum4_37bands_40",13.6191,13.61927,16.4465,18.87025,20.75517,22.35651,22.43205,21.72407,20.62465,20.2835,18.07692,17.32549,5.08699,47.74111,67.98963,69.65803,69.61196,70.82801,71.6826,72.02702,68.21854,72.48234,72.34416,66.85838,61.5735,59.32084,55.11142,50.8493,53.52992,58.11598,62.50579,60.72669,57.30024,53.81213,51.1008,46.49086,41.57535,"Itum4"
"Itum5_37bands_40",32.67012,32.67048,36.8844,40.5701,44.22337,47.20986,48.61576,46.74132,44.83247,43.69678,39.03832,36.5941,40.46062,81.7397,96.51245,90.70741,89.70079,95.04247,91.73033,89.73537,83.49651,80.22121,78.34429,71.66683,64.2825,58.22734,51.62855,44.85485,43.72781,49.51452,62.80824,64.90484,64.83486,60.94848,58.78771,50.19153,42.38118,"Itum5"
"AutumRoyal_37bands_40",19.68615,19.68657,18.12108,16.78634,16.89147,18.07349,17.86408,14.63627,13.57813,11.55092,9.11835,6.20826,41.33847,55.17645,47.18793,45.43515,53.24944,64.99636,66.43534,69.09613,66.61649,66.8395,69.15542,60.14081,48.98631,42.13477,34.83268,27.19872,29.50297,37.41703,49.10056,49.19678,45.64881,38.6087,33.33109,24.02623,18.36346,"AutumRoyal"
"Crimson_37bands_40",35.76392,35.76418,40.99726,44.18293,47.41154,50.18125,55.15058,55.40606,56.10065,56.38547,52.03362,61.57684,23.79905,76.43757,91.58192,84.71085,84.79494,90.141,86.00711,89.40615,85.10521,81.64802,81.61537,79.20939,73.32494,68.79927,66.42418,62.1121,62.85949,71.03226,83.19194,85.05395,84.63976,79.26759,75.84964,65.38892,53.17789,"Crimson"
"Itum9_37bands_40",33.32676,33.32733,31.70299,30.39646,30.59883,31.82128,31.82045,28.99819,28.4984,26.56991,24.67593,22.15404,14.69342,75.5178,92.6038,89.53384,94.62056,100.76441,95.37349,101.03229,93.29023,90.99358,95.34544,90.42373,77.88208,70.92073,65.24164,56.592,57.43765,69.46456,85.89786,88.39874,86.1469,75.27176,65.19249,50.4362,36.2077,"Itum9"
"AutumRoyal_37bands_41",22.35672,22.35739,20.63805,19.33682,19.32584,20.30531,20.05232,16.93209,16.09414,14.15452,12.13093,9.20714,41.94063,50.99592,41.06786,38.87838,46.5124,58.1763,59.21917,62.4783,60.03089,59.80907,62.43936,53.73675,42.64956,35.704,28.41394,20.53772,22.48856,30.40017,42.76423,43.09064,39.56885,32.26282,26.75584,17.61172,12.43888,"AutumRoyal"
"Crimson_37bands_41",28.21211,28.21206,30.692,30.93243,31.89715,32.80593,37.69142,39.10271,42.86584,44.84936,44.80317,58.20654,26.81328,78.66986,91.89065,84.95871,84.90023,90.2052,85.9776,89.46987,85.22222,81.8221,81.70652,79.44697,73.4345,68.92535,66.4455,62.09407,62.77449,71.11175,83.89591,85.79088,85.39384,80.02165,76.4484,66.14654,54.18168,"Crimson"
"Itum9_37bands_41",33.05159,33.05184,32.02429,30.88308,31.043,32.17266,32.37948,29.81367,29.56014,28.17429,27.35346,25.51748,16.43251,81.14303,96.76819,93.14797,98.11894,103.47897,97.35395,102.55703,95.25388,92.35894,95.85726,90.988,78.04355,70.93562,64.87528,55.74494,57.87607,70.32724,86.93103,89.61134,87.02849,75.96104,65.01239,49.95418,35.73314,"Itum9"
"Itum5_37bands_41",38.26974,38.27,42.88341,46.09679,48.70701,51.33609,54.25556,53.61845,52.58257,52.13095,48.42257,46.14698,59.188,89.73297,97.05666,89.39749,87.73217,92.93249,90.12638,88.56215,82.87424,79.12568,77.4829,70.91809,63.76012,57.64614,51.29118,44.75078,44.13644,49.7082,62.41424,64.62612,64.56153,61.07491,59.19155,51.36963,44.69491,"Itum5"
"Crimson_37bands_42",35.79139,35.79179,41.51498,45.01966,48.52412,51.50095,55.60284,55.45906,55.85272,55.96259,51.32687,62.25489,22.6481,79.05152,93.86315,86.9874,87.08596,92.38154,88.40342,91.7684,87.21411,83.97768,83.59845,81.4083,75.31662,70.80967,68.64429,64.56401,65.58065,73.87539,86.34085,87.97293,87.23568,81.3759,77.52793,66.63142,54.09545,"Crimson"
"Itum9_37bands_42",30.1795,30.18029,28.51734,27.15917,27.36702,28.75773,28.78628,25.84958,25.06921,22.93969,20.26574,16.84963,11.7921,69.6696,83.8272,82.30027,88.895,96.44802,91.67987,97.58257,90.1597,88.16158,92.4519,87.64644,75.14749,68.1597,63.01713,54.49088,56.36912,68.21162,84.10521,86.33711,83.77591,72.97731,63.15771,48.62444,34.48643,"Itum9"
"AutumRoyal_37bands_42",21.71628,21.71696,20.35383,19.1126,19.18203,20.28677,20.08779,16.98324,15.95237,14.01938,11.7813,8.60736,40.72519,50.71395,42.24327,40.48411,48.12737,59.62694,60.79874,63.89157,61.36308,61.45005,64.20189,55.3376,44.43857,37.686,30.33338,22.33997,24.34128,32.53406,45.11783,45.30111,41.76851,34.24264,28.35053,18.79433,13.06458,"AutumRoyal"
"Itum5_37bands_42",40.79625,40.79664,45.59307,49.01084,51.63931,54.22197,56.81238,56.08505,54.87719,54.31769,50.43573,48.12058,59.84371,88.81732,95.74695,88.14466,86.49128,91.64936,88.84612,87.35781,82.01364,78.21017,76.73327,70.39024,63.28517,57.12744,50.84009,44.45199,43.64967,49.1406,61.62156,63.87806,64.05599,60.72964,58.88733,51.16857,44.64438,"Itum5"
"Crimson_37bands_43",36.83865,36.83914,40.90047,42.43996,44.16229,45.5532,50.73501,51.91615,54.42875,55.49866,52.95265,64.72635,28.72666,85.96547,98.0536,90.92839,90.9702,96.35902,91.91356,94.69057,90.35223,86.63446,85.87595,83.8236,78.19691,73.59434,71.08635,66.8009,68.77718,77.32596,89.6136,91.21415,90.25471,85.15858,81.73251,71.06392,59.00581,"Crimson"
"Itum4_37bands_43",13.7062,13.70649,16.47992,18.75126,20.60701,22.25364,22.42677,21.75543,20.62548,20.4383,18.27134,17.57978,4.77704,45.70364,65.8081,67.52353,67.47102,68.3915,68.99511,69.3969,65.58935,69.62493,69.63322,64.23377,59.42788,57.32214,53.27589,49.11761,51.4606,56.11608,60.40507,58.66909,55.59654,51.94149,49.24223,44.85295,40.23036,"Itum4"
"Itum5_37bands_43",36.09361,36.0941,39.88302,42.85828,45.47988,47.83486,49.51298,48.09017,46.70566,45.82436,41.79312,39.60202,46.3983,84.94949,94.6414,88.25106,86.82658,91.93556,88.45039,86.46966,80.47513,77.04309,75.14041,68.93398,61.88803,55.68753,49.20403,42.81727,41.81817,48.04463,61.1892,63.30094,63.28593,59.94592,58.42842,50.33734,43.15587,"Itum5"
"AutumRoyal_37bands_43",31.83527,31.83555,33.14816,32.96859,32.88742,33.84311,35.47723,33.96492,34.26919,34.05621,34.08906,32.43693,48.60216,78.7556,91.15923,85.61706,87.74159,93.22955,89.37043,88.52199,81.77567,79.55679,78.65269,67.32696,53.70873,45.20871,35.82198,25.71035,27.0586,34.88658,49.19092,50.1714,45.32913,36.39278,29.34325,21.18719,16.7392,"AutumRoyal"
"Crimson_37bands_44",36.26532,36.2655,39.82627,41.14518,42.77903,44.10083,49.45462,50.98656,53.92132,55.42087,53.89186,65.09817,28.92037,84.64382,95.25936,87.89737,88.04791,93.65307,89.20915,92.2405,87.93522,83.79599,83.3075,81.19665,75.19909,70.46034,67.70202,63.47871,65.31467,73.31575,85.88004,87.6043,86.98056,81.8103,78.48241,68.0706,56.34548,"Crimson"
"Itum4_37bands_44",13.452,13.4523,16.13481,18.18982,19.86038,21.40554,21.59686,20.86515,19.84383,19.58745,17.52316,16.80009,4.65144,45.21758,64.79497,65.81805,65.90859,67.52123,68.25909,68.51263,65.33765,69.11027,69.50688,64.21182,59.21633,56.90731,52.93275,48.7734,51.27632,55.71208,59.85913,58.42613,55.35316,51.78135,49.05926,44.74474,40.11087,"Itum4"
"Itum9_37bands_44",29.81631,29.81693,28.10445,26.70788,27.10781,28.34046,28.33948,25.14166,24.47063,22.1398,19.24466,15.59914,12.96832,68.80244,75.62921,74.67165,82.16443,90.97412,87.05579,93.47539,86.83893,84.48874,88.57689,84.4977,71.89312,65.09922,59.67983,51.4832,54.60168,68.57518,84.90472,87.34848,84.80415,74.72377,65.63071,50.26143,35.61192,"Itum9"
"Itum5_37bands_44",35.53073,35.53118,39.72705,43.11408,45.91239,48.4466,50.17482,48.81732,47.27354,46.42284,42.2441,40.0126,48.74601,85.40338,94.60611,87.80685,86.44723,91.38134,87.78982,86.15888,80.19243,76.53787,74.79492,68.43761,61.41973,55.28515,48.51718,42.43129,41.77844,47.77668,60.73143,62.97692,63.02646,59.88136,58.50991,50.42618,43.26234,"Itum5"
"AutumRoyal_37bands_44",35.96211,35.96216,37.58277,37.92734,37.97896,38.88799,40.79434,39.35829,39.65134,39.66083,39.22544,36.34689,47.0106,78.18624,90.01408,84.69358,87.19476,92.9947,89.37903,88.55467,82.23372,80.08224,79.53186,68.09995,54.46062,46.15995,36.85812,26.81886,28.13739,36.15495,50.38458,51.28755,46.38973,37.641,30.75418,22.25112,17.36632,"AutumRoyal"
"Itum5_37bands_45",35.50987,35.51014,38.75035,41.24756,43.41085,45.58398,47.21472,46.07474,44.96395,44.03601,40.29917,37.77856,54.69727,87.91662,96.60751,88.91163,87.68194,93.22777,91.02322,89.55341,84.04082,80.80102,79.23811,72.52293,65.30064,59.23722,53.05954,46.22501,45.23201,50.79745,63.26441,65.34578,65.26062,61.40024,59.2788,51.33879,44.49601,"Itum5"
"AutumRoyal_37bands_45",24.31844,24.31916,23.10968,21.98883,22.01269,22.97853,22.88752,19.87072,18.9997,17.19597,15.21536,11.95736,44.14998,50.86052,41.29875,38.12227,45.31555,56.76495,57.54675,61.10623,58.61583,58.14821,61.52715,53.0904,41.8491,35.10309,28.32322,20.45792,22.36758,30.23292,42.87179,43.27307,39.63049,32.01629,26.09694,16.37626,10.73749,"AutumRoyal"
"Itum4_37bands_45",14.75715,14.7574,17.51843,19.66199,21.26433,22.74539,23.25551,22.97537,22.18174,22.17569,20.225,19.73303,7.28056,48.06584,65.46712,66.04683,65.87399,66.89453,67.94984,68.34329,65.22922,68.59232,68.95189,63.79107,59.19555,57.0069,53.1165,48.86747,51.51707,56.04035,60.1895,58.66843,55.69792,52.33963,49.91686,45.71155,41.26326,"Itum4"
"Itum5_37bands_46",41.44098,41.44111,46.74169,50.75462,53.76938,56.46129,59.03983,58.11638,56.6892,56.03494,51.4922,48.79479,57.00175,89.37696,97.10455,89.13463,87.8258,93.40373,90.89598,89.60282,83.92327,80.39814,78.93528,72.32761,64.87545,58.71287,52.43251,45.56404,44.42701,49.90065,62.64125,64.84536,64.80602,61.21778,59.26333,51.19101,44.25962,"Itum5"
"AutumRoyal_37bands_46",22.02517,22.02594,20.82139,19.57817,19.68004,20.74438,20.5468,17.34911,16.3747,14.41056,12.25676,9.3995,50.82681,52.7282,41.47884,36.48674,42.11138,52.12331,51.47987,54.8464,51.92248,49.38958,52.60541,44.88449,33.53868,26.32255,19.87896,13.19624,15.18337,21.90697,34.6927,36.15763,33.59491,26.8434,22.50633,15.43775,11.93597,"AutumRoyal"
"Crimson_37bands_46",22.91448,22.91439,23.26175,22.54189,22.96482,23.28543,25.13325,24.96956,28.03956,29.2383,31.17112,42.23583,23.36588,76.20877,88.73524,83.06872,83.81879,89.29424,85.41708,88.58465,84.81957,81.20389,80.84585,78.68157,73.19837,68.57164,65.5731,61.2032,63.43146,72.54828,85.72575,87.12517,86.38405,81.64762,78.66136,67.68176,55.34617,"Crimson"
"Itum9_37bands_46",31.04605,31.04663,29.97462,28.77424,29.1425,30.23361,30.42409,27.64582,27.45424,25.98571,24.77691,22.56513,13.48281,88.20127,100.72646,97.42436,102.50249,108.26747,102.75221,107.47684,100.14041,97.12266,100.00539,95.82568,83.10042,76.30462,70.92035,62.57967,64.96797,77.74206,93.90371,96.25731,93.54519,83.17882,73.11665,56.68622,40.9293,"Itum9"
"Crimson_37bands_47",19.20353,19.20344,18.93562,18.23582,18.79152,19.24356,19.9571,18.63831,20.19195,20.01671,21.30391,30.56894,26.82714,81.52443,90.57118,84.62782,85.32946,91.11791,87.32089,90.8553,86.66455,82.99789,82.51577,80.75406,74.75503,70.14753,68.22355,64.30533,66.09909,75.25262,87.99171,89.62608,88.86309,84.07835,81.41916,70.59087,58.30148,"Crimson"
"Itum4_37bands_47",14.61633,14.61659,17.50111,19.73914,21.35118,22.90402,23.25277,22.74544,21.78049,21.65487,19.64678,19.06604,7.31098,48.10688,64.89159,64.92842,64.94222,66.33448,67.33917,67.76516,64.7308,67.57963,68.01294,62.96806,58.2724,55.91875,52.09832,47.8212,50.27785,54.75805,59.06409,57.45043,54.75392,51.52725,49.06604,44.73855,40.34879,"Itum4"
"Itum5_37bands_47",32.71363,32.71399,36.29395,38.96072,41.70073,44.46694,47.06278,45.95869,44.87102,44.07991,40.34861,38.27388,47.0212,85.34252,97.11604,90.09813,88.73762,94.11644,91.31095,89.4209,83.4466,80.00158,78.09254,71.67953,64.32051,58.11671,51.51835,44.98674,44.00911,50.02742,63.04753,65.264,65.20407,61.55439,59.60751,51.24375,43.78953,"Itum5"
"AutumRoyal_37bands_47",33.20782,33.20802,35.13549,35.58416,35.93355,37.10127,38.51941,36.57483,36.44842,35.87409,34.65819,31.90068,41.40926,66.76783,72.83887,69.4328,74.22169,82.39848,80.42657,80.9152,75.32246,74.02469,74.24524,63.50938,50.16033,42.20967,34.06251,25.23586,27.0018,34.34785,46.50284,47.26469,43.01517,35.18697,28.87449,20.89988,16.27153,"AutumRoyal"
"Itum9_37bands_48",39.61604,39.61641,39.11146,38.1482,38.33132,39.39464,40.06184,37.5329,38.23339,37.64183,38.26442,37.89261,24.46551,84.44385,97.55367,93.25141,97.29544,102.8452,97.43481,102.85672,95.61614,92.68511,96.49997,92.10914,79.74954,73.08483,67.48264,59.40669,61.0167,72.83484,88.33566,90.94297,88.93018,78.52244,68.71175,55.15818,42.23323,"Itum9"
"AutumRoyal_37bands_48",24.76185,24.76217,25.39625,24.98818,25.13745,26.21516,26.76463,24.5722,24.24612,23.13964,22.07733,19.73142,49.41186,76.64108,83.08332,78.10921,81.80918,89.08065,86.22649,86.46925,80.46812,78.31977,78.43582,67.91668,54.78538,46.75955,38.46037,29.72553,31.47123,39.01128,51.43588,52.32886,47.97957,40.16793,34.05118,25.79431,20.80126,"AutumRoyal"
"Crimson_37bands_48",20.95523,20.95523,21.13991,20.49747,20.96818,21.3171,22.99875,22.7274,25.31409,26.32664,28.25086,38.41873,25.28618,77.62523,86.41412,80.9974,82.45749,89.09899,85.71378,89.16688,85.57764,81.77069,81.61385,79.79413,74.43222,69.73789,67.06292,63.26449,65.79189,74.99507,87.31737,88.88465,88.49102,84.03935,81.74022,70.84544,58.54421,"Crimson"
"Itum4_37bands_48",15.43406,15.43418,18.56827,20.98384,22.71615,24.35212,24.66555,24.14014,23.10283,23.03981,20.89648,20.29525,5.6778,46.53645,64.9997,65.94979,65.74564,66.76348,67.519,67.5549,64.36102,68.13765,67.95031,63.03749,58.46234,56.28059,52.26993,48.44979,50.9758,55.29679,59.4335,57.69942,54.69388,51.32964,48.73106,44.69229,40.65527,"Itum4"
"Itum5_37bands_48",34.197,34.19754,37.85224,40.7307,43.55939,46.22617,48.15044,46.85924,45.46198,44.55885,40.42973,38.16881,48.88453,84.53664,95.22747,88.43415,87.13247,92.558,89.7464,88.18001,82.23126,78.84822,77.18295,70.69591,63.35743,57.19277,50.76317,44.22836,43.49766,49.26047,61.98287,64.13675,64.25289,60.85242,59.05696,50.92155,43.81789,"Itum5"
"Crimson_37bands_49",18.90366,18.90375,18.6308,17.89658,18.43979,18.85401,19.4728,18.16489,19.6317,19.47524,20.96744,29.43862,31.67531,76.82036,85.77837,79.94146,80.83163,86.35761,83.26064,87.30173,83.29307,79.82216,79.65217,77.81743,71.51276,67.00686,65.22695,61.03225,61.75108,70.6266,84.60644,86.49351,86.40443,80.85757,77.82509,67.67739,55.46807,"Crimson"
"Itum9_37bands_49",31.9304,31.93114,30.70463,29.55075,29.99412,31.14986,31.17836,28.09402,27.67592,25.85433,24.47145,21.71173,10.88087,84.66755,99.52982,96.79971,102.39856,108.49687,102.15934,107.1712,98.86487,96.35417,99.0945,94.99555,81.88913,74.9831,68.87276,60.04074,62.89289,77.59079,95.15748,97.52024,95.1292,83.92414,73.16347,55.82842,38.50413,"Itum9"
"Itum5_37bands_49",33.25083,33.25113,37.3977,40.39435,43.20046,45.84168,48.41306,47.58916,46.49909,45.84164,42.11539,39.98717,50.77405,86.55171,97.12913,89.7239,88.27805,93.3523,90.34838,88.77214,82.97164,79.14601,77.51244,71.17102,63.8162,57.67845,51.63326,44.66632,43.70137,49.35264,61.90536,64.0986,64.05885,60.36682,58.4111,50.30432,43.27083,"Itum5"
"AutumRoyal_37bands_49",22.70438,22.70524,21.41966,20.22537,20.29495,21.27042,21.05164,17.99852,17.126,15.19295,13.20581,10.29414,44.0317,58.6141,53.54127,50.79863,57.20954,67.28845,66.85487,69.20032,65.41216,64.38695,66.19243,56.79983,44.90785,37.34153,29.75005,20.8367,22.76774,30.97279,44.13289,44.70596,41.01473,33.24082,27.05485,17.76559,12.8245,"AutumRoyal"
"Crimson_37bands_50",17.61222,17.61226,17.29006,16.55149,17.02605,17.45341,17.78972,16.40966,17.3906,17.17728,18.51219,25.22575,28.24935,77.6758,87.89493,82.41392,83.14578,88.81419,85.10816,88.89507,85.10053,81.28244,80.83198,79.04716,73.20873,68.56225,65.75559,61.39572,63.35161,72.71311,86.0241,87.54432,86.94023,81.93015,78.9056,68.29111,56.12241,"Crimson"
"Itum9_37bands_50",31.18857,31.18907,30.25017,29.0431,29.51885,30.72926,30.78235,27.71131,27.21719,25.39349,23.89548,20.84056,8.70398,79.64228,95.57729,93.45642,99.3644,105.96592,99.60289,105.06023,96.88069,94.35483,97.86754,93.63798,80.36358,73.34604,67.44767,58.66551,60.1217,75.34631,92.98713,95.23034,93.43329,82.61352,72.0655,54.86081,37.09321,"Itum9"
"AutumRoyal_37bands_50",17.88537,17.88595,16.53062,15.34848,15.52616,16.69384,16.51783,13.26572,12.29826,10.26826,7.94288,5.6474,40.64041,55.21104,49.29806,47.37517,54.80238,66.01581,66.81881,69.47398,66.0714,66.13887,68.38998,59.08669,47.58175,40.43258,32.67889,24.50163,26.68885,35.06124,47.37263,47.57246,43.65876,36.17074,30.31819,20.92395,15.19,"AutumRoyal"
"Itum4_37bands_50",13.20459,13.20485,15.88615,18.01746,19.67948,21.07189,21.29967,20.62027,19.72602,19.4144,17.37329,16.7064,6.52431,48.34324,65.09126,65.28848,65.70313,67.69605,67.98288,68.88687,65.69961,68.42432,68.51901,63.63616,58.74175,56.33548,52.59285,48.22159,50.74119,55.2179,59.56144,58.15454,55.36591,51.9388,49.49676,45.12228,40.57661,"Itum4"
"Itum5_37bands_50",36.64229,36.64277,41.29199,44.81524,47.82217,50.59756,52.80584,51.84146,50.52348,49.73715,45.57169,43.31546,50.71716,85.57726,96.1507,88.81359,87.40248,92.88789,90.11241,88.6351,82.94412,79.37792,78.08397,71.28598,64.04155,57.85453,51.2699,44.57661,43.52143,49.07718,62.02491,64.35052,64.38323,60.78092,58.88249,50.66032,43.46829,"Itum5"
"Itum4_37bands_51",14.74008,14.74024,17.63112,19.88704,21.74865,23.40646,23.88416,23.37386,22.44291,22.33399,20.1682,19.48632,6.95203,47.77589,66.96972,67.66807,67.44079,68.37226,69.28404,70.00714,66.56474,69.88974,70.32631,65.20595,60.07217,57.67559,53.74878,49.47631,52.1655,56.63285,60.66119,59.16356,56.2128,52.61394,50.02124,45.49544,40.91833,"Itum4"
"Itum9_37bands_51",25.9843,25.98514,24.44643,23.14617,23.601,24.85772,24.76318,21.73797,21.01544,18.85399,16.24795,12.54874,10.36607,67.86413,78.2323,77.06933,84.70068,93.27574,88.74842,95.67243,88.04564,86.16691,90.51859,86.24517,73.12794,65.97405,60.16134,51.11218,53.36471,68.43251,86.86954,89.23004,86.48062,74.98503,63.80646,46.61864,29.78456,"Itum9"
"Itum5_37bands_51",36.03051,36.03078,40.21725,43.22185,45.72356,48.12053,50.11411,49.06912,47.86626,47.03233,43.03811,40.80415,53.06225,88.34265,97.26829,89.60202,88.01075,93.4396,90.64656,88.8883,82.95738,79.34438,77.79669,71.26292,63.85734,57.74605,51.27749,44.63485,43.59346,49.43145,62.45426,64.76663,64.73325,61.18137,59.42088,51.30331,44.1494,"Itum5"
"AutumRoyal_37bands_51",23.12706,23.12781,22.14244,21.0601,21.03025,22.06378,21.72856,18.621,17.57851,15.78746,13.72547,10.26159,43.29955,58.08771,53.78846,51.37527,58.61602,69.83423,70.35502,73.31721,69.73925,69.59443,72.57891,63.10413,50.64796,43.36811,35.54308,27.07239,29.031,36.98955,49.20886,49.31458,44.73498,36.38846,29.50537,19.34264,13.2308,"AutumRoyal"
"Crimson_37bands_51",28.81917,28.81903,31.00824,31.29512,31.9952,32.91046,37.44794,38.97631,42.3385,44.20259,44.14987,52.7561,20.12164,77.75355,93.34035,87.04501,87.77838,93.15639,88.34713,91.45975,86.8485,83.00815,82.85524,80.44358,74.31441,69.75266,66.9453,62.68969,63.93839,71.9686,84.2265,86.03937,85.35074,79.88012,76.09081,65.33445,53.1142,"Crimson"
"Crimson_37bands_52",29.40051,29.40064,31.54479,31.79371,32.66119,33.52479,38.00165,39.18237,42.38897,44.03069,43.45325,53.56359,20.08259,75.94249,92.34643,86.04704,86.55379,91.68604,86.95385,90.2736,85.3757,81.86908,81.904,79.32371,72.98022,68.47944,66.14094,61.37302,62.2683,70.43169,82.9984,84.97497,84.38817,78.59161,74.7154,64.14192,51.67535,"Crimson"
"Itum9_37bands_52",27.12995,27.13096,25.88,24.45579,24.85201,26.125,26.21913,23.22433,22.27208,20.17068,17.05457,12.42694,10.26804,64.50349,72.25384,71.98141,80.33807,90.14617,86.60019,93.87687,86.96443,84.99308,89.67613,85.88677,73.2015,66.3513,61.06225,52.46438,54.81417,69.32624,86.73509,89.13425,86.55133,75.98666,66.36813,49.23206,32.62975,"Itum9"
"Itum5_37bands_52",38.53405,38.53409,43.14125,46.52451,49.25823,51.73757,53.82504,52.74607,51.48843,50.71796,46.52142,44.27663,54.76886,89.99669,98.40019,90.64677,88.93079,94.3406,91.17299,89.41263,83.46336,79.43206,77.67368,71.42427,63.98832,57.75077,51.24708,44.68948,43.90769,49.60823,62.82213,65.23177,65.32587,61.67883,59.83207,51.81457,44.86628,"Itum5"
"AutumRoyal_37bands_52",23.16531,23.16581,22.19692,21.07672,21.14198,22.18824,21.90014,18.66564,17.67785,15.63847,13.34982,10.0014,44.80169,57.73902,51.28855,48.52171,55.80951,67.25126,67.75542,70.87178,67.56369,67.17209,70.23745,60.85513,48.67336,41.40849,33.58677,25.23261,27.2555,35.06212,47.43761,47.73728,43.48437,35.15973,28.73064,19.31986,13.60621,"AutumRoyal"
"Itum4_37bands_52",15.23144,15.23161,18.48161,20.99303,22.95117,24.84216,25.26134,24.61438,23.57025,23.38814,21.07092,20.36072,6.76621,48.34208,67.6473,68.12945,67.90658,69.20222,69.98459,70.54711,67.30773,70.71712,71.11505,66.07726,60.75113,58.48736,54.3776,50.29363,52.80874,57.41959,61.70243,60.0983,57.01163,53.50827,50.70705,46.2146,41.51146,"Itum4"
"Crimson_37bands_53",24.14074,24.1403,25.52721,25.15746,25.52546,25.94398,29.40211,30.406,34.32132,36.54701,38.26544,50.07788,22.61242,81.19413,94.09733,87.51348,88.23298,93.80167,89.00523,92.24085,87.5577,83.7347,83.46484,81.47525,75.19314,70.34524,67.82756,63.56498,65.33326,73.91273,86.50552,88.23526,87.3866,82.13645,78.71409,67.87312,55.59092,"Crimson"
"Itum4_37bands_53",14.25701,14.25714,16.98856,19.23599,20.93391,22.60631,23.08522,22.67076,21.76203,21.77217,19.76355,19.22691,7.15913,47.82964,65.5432,65.80101,65.66534,66.83006,67.353,67.94551,64.61825,67.85701,68.16489,63.08375,58.45419,56.20299,52.25823,48.1744,50.74661,55.21207,59.30557,57.76649,55.06853,51.58718,49.01228,44.83645,40.60046,"Itum4"
"Itum5_37bands_53",33.28162,33.28237,37.49659,41.25547,44.88371,47.8803,49.25564,47.49465,45.77896,44.73856,40.1597,37.76967,43.08846,83.3372,98.11435,92.13705,91.04669,96.53536,93.21099,91.36207,85.04195,81.65258,80.14669,73.31591,65.71874,59.53447,53.24299,46.3356,45.05182,50.92676,64.15625,66.33609,66.00403,61.85901,59.55735,50.80202,42.8299,"Itum5"
"Itum9_37bands_53",29.73138,29.73229,28.055,26.67085,27.07981,28.40853,28.40396,25.16304,24.36651,22.08837,19.18126,15.14784,7.21972,64.94346,74.68777,75.33362,83.86403,92.42824,87.99269,94.55955,87.30463,85.31867,88.19962,84.49449,72.07255,65.03962,57.78619,48.62479,52.79821,70.14597,91.3004,93.25992,89.08448,78.56258,68.34103,49.22967,30.7746,"Itum9"
"Crimson_37bands_54",20.43884,20.43849,21.09783,20.54099,20.83707,21.16742,23.10107,23.20056,26.20226,27.94862,30.21868,39.98455,23.49031,82.58688,94.76028,88.34938,88.83629,94.37025,89.68916,92.98865,88.28778,84.32502,83.83279,81.91985,75.84467,71.02912,68.53554,64.36091,66.19667,74.93277,87.22924,88.91544,87.94355,82.73819,79.46328,68.49913,56.25897,"Crimson"
"Itum9_37bands_54",31.11985,31.12066,29.51326,28.07304,28.4626,29.71045,29.67114,26.31217,25.4396,23.21622,20.26698,15.7667,6.80396,65.5813,76.15902,76.78483,84.7157,93.64781,89.07586,95.55162,87.88426,86.06007,89.28531,85.51341,72.90558,66.22705,59.24547,50.88788,54.43068,72.10134,92.57252,94.78006,91.25477,80.12247,70.39151,51.81279,32.75167,"Itum9"
"Itum5_37bands_54",32.99529,32.99573,37.05563,40.7745,44.45331,47.35521,48.78073,47.02766,45.23275,44.11397,39.42485,37.01445,43.79318,83.99173,97.95037,91.9449,90.82649,96.29011,92.99142,91.28117,84.99982,81.48604,79.94904,73.04451,65.56426,59.43659,53.21429,46.2424,45.10539,51.08222,64.19117,66.19779,65.88901,61.87015,59.41885,50.56839,42.66733,"Itum5"
"AutumRoyal_37bands_54",21.37957,21.38017,19.89692,18.60935,18.72477,19.79268,19.30771,15.95866,14.98664,12.89181,10.36029,7.28823,44.70858,58.03937,53.96873,51.52368,58.51913,68.93391,68.87005,71.58061,67.74243,66.85614,69.36641,59.54529,46.98806,39.43892,31.38134,22.37319,24.08936,32.30867,45.18849,45.62681,41.46331,32.93715,26.23373,16.25149,10.64973,"AutumRoyal"
"Itum4_37bands_54",15.10398,15.10419,17.94799,20.0866,21.85221,23.57545,24.11467,23.49857,22.53152,22.37325,20.26069,19.60541,7.61383,49.25513,66.08626,66.14732,65.93743,67.35276,67.90856,68.41571,65.0627,68.19252,68.58496,63.89564,58.78223,56.48287,52.39737,48.42943,50.90271,55.483,59.86707,58.30975,55.60638,52.20826,49.65359,45.5053,41.05609,"Itum4"
"Crimson_37bands_55",19.94446,19.94455,19.62866,18.93696,19.47193,19.86186,20.43089,19.06442,20.67426,20.67352,22.38538,31.51836,25.92131,77.02029,87.19128,82.25179,83.3291,89.24563,85.75345,89.5127,85.39255,81.89081,81.60077,79.85409,73.98104,69.3291,67.34028,63.59221,65.56603,74.97626,87.34272,89.09898,88.36025,83.42596,80.65875,70.1709,58.17118,"Crimson"
"Itum4_37bands_55",14.74161,14.74182,17.56626,19.58565,21.12372,22.68605,23.33985,23.08083,22.33212,22.36056,20.43742,19.91815,8.46835,50.36466,67.54792,67.91088,67.73709,69.01344,69.6822,70.01851,66.56144,70.06461,70.01335,65.24782,60.20633,57.90328,53.77178,49.6735,52.44,56.98614,61.09913,59.57323,56.45289,52.86762,50.18364,45.93565,41.59465,"Itum4"
"Itum5_37bands_55",28.67872,28.67931,31.00014,32.58848,34.4884,36.43436,37.60886,36.31631,35.45657,34.4143,31.19324,28.89412,47.54425,86.47567,96.84816,89.96293,88.70083,94.26592,91.29255,89.52018,83.5028,79.80325,77.98824,71.46377,64.03566,57.8182,51.54074,44.90333,43.8462,49.89111,62.88601,65.06192,65.06675,61.29342,59.27678,50.89868,43.47613,"Itum5"
"AutumRoyal_37bands_55",41.22715,41.22705,43.78214,44.51621,44.52626,45.26354,48.53504,47.70556,48.64816,49.34479,49.78579,47.36651,50.37153,76.54945,84.5353,79.72865,83.01685,89.29805,85.9458,85.77706,79.07861,76.48739,76.07866,65.33524,52.12296,43.56295,34.50769,24.81604,26.56016,34.62218,49.62091,50.83471,46.74986,38.26252,31.46141,22.54463,17.28084,"AutumRoyal"
"Itum9_37bands_55",32.88958,32.89065,31.55911,30.08052,30.53847,31.88651,31.79562,28.41755,27.58794,25.29667,22.47227,18.16147,10.22962,62.34441,68.32507,67.81068,76.06551,85.09215,80.64094,87.55939,80.81231,77.32977,80.766,77.38798,64.95169,57.7628,50.96281,41.97582,45.6342,61.54656,81.72342,84.58659,82.49756,72.37882,63.25115,46.24088,29.48933,"Itum9"
"Crimson_37bands_56",18.37402,18.37388,17.93303,17.22455,17.73957,18.20138,18.66658,17.12146,18.25826,17.95294,19.22998,26.92271,26.06041,76.39732,86.42189,81.33627,82.64915,88.83682,85.29976,88.77803,85.06937,81.13413,81.07906,79.16373,73.63146,68.84017,66.23758,62.60291,65.19065,74.26102,86.81555,88.40284,87.46574,83.00362,80.59698,69.73228,57.62255,"Crimson"
"Itum5_37bands_56",32.75352,32.75378,37.05831,40.63295,43.73095,46.41116,48.18357,46.75838,45.21564,44.33847,40.11269,37.98186,50.19215,86.57305,96.27414,89.29489,88.07455,93.57318,90.45722,88.94372,82.98721,79.14052,77.68436,71.27117,63.95655,57.66268,51.56331,44.81241,43.91594,49.51022,62.38395,64.6076,64.58946,60.95275,59.19724,51.01549,43.78736,"Itum5"
"Itum4_37bands_56",15.57603,15.57616,18.6262,20.74588,22.28752,23.99089,24.66799,24.30631,23.40966,23.46683,21.46928,20.91759,7.84167,49.17463,66.44349,66.80319,66.53011,67.52904,68.15863,68.40794,65.11341,68.55097,68.67998,63.96139,59.05597,56.90843,53.01242,48.98031,51.49895,56.14931,60.09767,58.49211,55.52908,52.02395,49.41052,45.17648,40.91742,"Itum4"
"AutumRoyal_37bands_56",31.27564,31.27587,31.69466,31.24828,31.22051,32.1448,33.00423,30.7175,30.67055,29.80012,29.44863,27.65119,54.10814,80.76549,88.9734,83.22568,86.16529,92.00808,88.27178,88.07383,81.22808,78.19645,77.65871,67.32188,54.1761,45.49192,36.46889,26.58187,28.40173,36.89703,52.05546,53.45563,49.36686,40.96818,34.17116,25.2301,19.93552,"AutumRoyal"
"Crimson_37bands_57",34.20966,34.20961,37.1832,37.85537,38.7486,39.78239,45.43075,47.37289,50.88682,52.76344,51.61457,61.24243,29.49649,82.37527,95.81137,88.53329,88.65574,93.7918,89.3314,92.99695,88.19057,84.32836,84.37841,82.06224,75.83673,71.19309,68.7611,64.48854,65.90701,74.03883,85.99585,87.686,86.72143,81.03441,77.28604,66.87741,55.34077,"Crimson"
"Itum4_37bands_57",14.35392,14.35397,17.28577,19.45707,21.16987,22.74364,23.24469,22.88699,22.07809,21.97012,19.98896,19.45237,7.64515,48.09618,66.33982,66.26886,66.17512,67.13718,67.83554,68.67025,64.97684,68.07339,68.73303,63.78905,58.56429,56.38145,52.47377,48.12249,50.71318,55.2123,59.36601,58.10352,55.38758,51.73571,49.06597,44.75447,40.30323,"Itum4"
"Itum9_37bands_57",31.3784,31.37884,29.64274,28.19115,28.63781,30.01095,29.77919,26.24385,25.38718,22.93944,19.83053,15.5669,5.84685,60.60973,71.17006,72.43532,81.01914,90.12783,86.01236,92.76537,84.6383,82.8623,86.44747,82.80196,69.53361,62.94085,57.63071,49.36317,52.40871,69.22677,89.49116,91.49702,88.10306,76.82045,66.87954,49.34213,31.28532,"Itum9"
"Itum5_37bands_57",34.3541,34.35494,38.35108,41.81224,45.15626,47.90106,49.48565,47.75842,46.11016,45.05945,40.58902,38.20396,44.58867,84.60881,96.41626,90.30738,89.01069,94.4395,90.82169,88.76627,82.74906,79.02893,77.12902,70.6672,63.29979,56.97622,50.48849,43.82399,42.98767,49.15342,62.24513,64.6365,64.61232,61.04029,59.42114,50.96908,43.22889,"Itum5"
"AutumRoyal_37bands_57",37.87096,37.8711,40.72056,41.66643,41.92159,42.994,45.30089,43.99208,44.44937,44.71158,44.90772,43.58158,53.87427,82.30675,90.99779,84.22934,86.34619,91.81188,87.73361,87.41031,80.28198,77.45604,76.66427,65.91957,52.50744,43.66614,34.37859,24.86841,26.87172,34.85167,49.82244,51.0156,46.8078,38.2207,31.17982,22.52414,17.3509,"AutumRoyal"
"Itum4_37bands_58",14.08989,14.09006,16.95833,19.03751,20.63253,22.18617,22.81488,22.4882,21.67181,21.70092,19.79959,19.29115,8.39557,48.11602,65.66765,65.87365,65.62993,66.74683,67.40683,68.04255,64.50655,67.72125,68.36688,63.45988,58.41515,55.98761,52.09124,47.82219,50.56309,54.91397,59.28783,57.8573,55.04453,51.55772,48.96682,44.87356,40.73544,"Itum4"
"Itum9_37bands_58",29.31489,29.31569,27.64999,26.22753,26.69859,27.96278,27.98037,24.5183,23.73479,21.36623,18.45034,14.31518,7.19026,61.39394,70.61118,71.37249,79.9897,89.12048,84.53674,91.07586,83.95982,81.3368,84.80718,80.62876,67.86722,60.77474,54.43919,45.25667,49.1667,65.51636,85.91884,88.07518,84.63582,73.67902,63.5677,45.7489,28.41244,"Itum9"
"Itum5_37bands_58",35.63235,35.63325,40.23951,44.18655,47.7823,50.7101,52.29666,50.54793,48.63902,47.65705,42.89422,40.57691,43.60283,84.92022,97.45153,91.25344,89.86708,95.19318,91.58962,89.87398,83.51264,79.97228,77.71655,71.36927,64.13711,57.95822,51.20665,44.71267,43.97517,50.22982,63.61441,65.7888,65.8025,62.22599,60.47794,52.06472,44.44044,"Itum5"
"AutumRoyal_37bands_58",34.42013,34.42013,36.56358,37.07931,37.23758,37.94232,39.92741,38.41076,39.0785,39.17028,39.9099,38.63969,54.66488,81.89671,89.5057,82.70281,85.01838,90.73987,86.7585,86.73773,79.81379,76.62986,76.28467,65.70368,52.31587,43.53365,34.39244,25.22852,27.0309,34.87874,49.69268,51.25285,47.20474,38.87945,32.46406,23.94003,18.98748,"AutumRoyal"
"Crimson_37bands_58",28.7311,28.7311,28.49685,27.93546,27.7354,27.70177,29.81591,29.19506,28.76612,28.87374,28.93606,26.92584,29.53822,83.23022,96.71042,89.38924,89.35634,94.53216,90.15675,93.72462,88.86717,85.47215,85.53007,83.34852,76.97192,72.30762,69.99579,65.74813,66.60229,75.04238,87.19737,89.00222,88.18525,82.1821,78.25146,67.86194,56.00143,"Crimson"
"Crimson_37bands_59",20.40265,20.40257,20.5024,19.9426,20.40671,20.77248,21.73647,20.73206,22.6403,23.14951,25.23708,36.12323,39.3652,79.7851,85.67387,80.12913,81.77973,88.34041,85.35049,89.53261,85.95382,81.81657,82.38078,80.47337,74.6506,69.86114,67.7197,63.95229,66.45932,75.20194,86.65588,88.31635,87.41252,82.45072,79.48725,69.59783,59.06845,"Crimson"
"Itum9_37bands_59",30.2978,30.29842,29.00104,27.67322,28.0563,29.21413,29.39516,26.56459,26.04442,24.35008,22.51965,19.57326,11.49763,71.59542,85.53002,83.75694,90.00999,97.0215,91.39521,97.61772,89.16919,85.87816,88.90605,85.10025,71.96548,64.66001,57.9186,48.22805,50.71811,67.09589,88.47798,91.67544,89.07733,78.07562,68.38768,51.71176,34.53054,"Itum9"
"Itum5_37bands_59",33.54135,33.54152,37.64382,40.41259,42.95994,45.48498,48.36891,47.75432,46.96016,46.50259,42.9429,41.18094,54.49525,85.78362,94.2677,86.96905,85.70433,91.36706,88.9138,87.87453,82.34535,78.9722,77.88696,71.38061,64.21534,58.22976,51.88441,45.46357,44.5761,50.24348,62.64227,64.81919,64.59802,60.88329,58.5707,50.55909,43.79679,"Itum5"
"AutumRoyal_37bands_59",21.07624,21.07694,19.71882,18.50535,18.6333,19.83022,19.51983,16.23734,15.19369,13.07659,10.5168,7.72195,45.42684,55.76746,48.29859,45.59213,52.56085,63.17533,62.93259,65.78421,61.87901,60.48597,62.94299,53.72457,41.26413,33.44152,26.25272,19.00469,21.02598,27.95933,39.74485,40.70106,37.58133,30.8169,25.80701,17.94309,13.21811,"AutumRoyal"
"Itum4_37bands_59",14.46567,14.46587,17.09373,18.78203,20.02852,21.39983,21.93312,21.62931,20.97844,20.97657,19.32053,18.88318,12.2241,49.95435,63.34872,62.64528,62.46283,63.85904,64.6472,65.28297,62.22481,65.04911,65.66183,61.13617,56.19291,53.95922,50.10657,46.19521,48.76314,52.87359,57.41059,56.1571,54.11745,50.91378,48.82969,44.8108,40.57286,"Itum4"
"Itum4_37bands_60",15.58045,15.58054,18.44126,20.37859,21.7052,23.16546,23.82553,23.55494,22.91913,22.98205,21.28398,20.87847,12.56225,50.94168,64.03252,62.99328,62.98434,64.58513,65.51123,66.47867,63.35559,65.63627,66.59582,61.88377,56.90665,54.5744,50.67719,46.64775,49.48735,53.64734,58.17239,57.14316,54.81576,51.63201,49.56388,45.48075,41.10166,"Itum4"
"Itum9_37bands_60",28.14596,28.14643,27.118,25.81489,26.21727,27.35291,27.46392,24.76434,24.2592,22.6952,21.17157,18.4418,11.45411,72.38573,86.54009,84.80556,91.15191,98.53589,93.05603,99.20935,90.42549,87.54994,90.74609,86.71449,73.76127,66.44581,60.1122,51.29716,53.87064,69.77438,90.21798,93.37979,91.06683,80.29249,70.62078,53.66582,36.35418,"Itum9"
"AutumRoyal_37bands_60",21.223,21.22321,19.87355,18.68118,18.75648,19.86458,19.56297,16.32375,15.34178,13.26767,10.64609,7.85137,45.13246,57.09494,50.28721,47.79182,54.75342,65.42708,65.49445,68.25192,64.59686,63.40433,65.87832,56.52332,44.37163,36.79146,29.59981,22.06691,24.17869,31.61738,43.75855,44.58271,41.21709,34.08396,29.01643,20.50523,15.132,"AutumRoyal"
"Crimson_37bands_60",19.74341,19.74301,19.67106,18.9901,19.45812,19.83387,20.42646,19.20877,20.88378,21.05222,23.28439,32.98437,38.89235,80.53277,88.36939,82.33338,83.32134,89.1867,85.9615,89.91234,85.96039,82.01785,82.21521,80.38325,74.09672,69.47153,67.42055,63.35851,65.26672,74.03495,86.03353,87.58207,86.53633,81.00075,77.29368,67.40408,56.71472,"Crimson"
"Itum5_37bands_60",35.04821,35.04859,39.12361,42.06288,44.80335,47.3332,49.41332,48.28118,47.01746,46.22019,42.12223,39.83968,52.82737,86.41259,95.655,88.16577,86.86739,92.37588,89.56146,88.43507,82.6909,79.02582,77.76321,71.41697,64.04731,57.92855,51.84243,45.16448,44.35118,49.6517,62.17117,64.4068,64.234,60.70527,58.73679,50.48739,43.37275,"Itum5"
"Crimson_37bands_61",18.39394,18.39367,17.95024,17.24498,17.74081,18.1619,18.33857,16.76974,17.78651,17.37981,18.93046,27.08512,32.54395,77.19859,85.84343,80.70075,82.04092,87.73188,84.33479,88.65787,84.56004,80.99321,81.50052,79.5599,73.25122,68.76131,66.33356,62.17047,63.30704,72.50941,85.56314,87.45988,86.96222,81.44302,78.04707,67.90745,56.18779,"Crimson"
"Itum4_37bands_61",14.85922,14.85939,17.79777,19.84193,21.39869,22.89155,23.53808,23.15443,22.43734,22.42535,20.60872,20.14616,10.30504,47.8332,62.08204,61.74069,61.58452,62.95826,63.43472,64.00267,60.89931,63.40196,64.0781,59.52456,54.60292,52.42493,48.50053,44.54926,47.19829,51.19252,55.47616,54.24702,51.84409,48.76849,46.72454,42.70912,38.52074,"Itum4"
"Itum9_37bands_61",27.72384,27.72493,26.24289,24.80848,25.28087,26.54663,26.41372,23.15601,22.2857,20.02362,17.01724,12.52388,8.59518,62.07056,70.0443,69.75447,78.30483,87.8718,83.93829,91.34655,84.49509,82.26754,86.62116,82.91139,70.35448,63.30782,56.96943,48.44521,51.75889,66.79883,85.50284,88.18859,85.68689,75.07579,65.28087,47.71097,30.18204,"Itum9"
"Itum5_37bands_61",34.88478,34.88487,38.33204,40.83778,43.12839,45.39553,47.42325,46.42528,45.42285,44.59992,40.91617,38.8025,54.69042,87.5848,96.13878,88.46715,86.75099,92.03846,88.91953,87.54532,81.6211,77.68861,76.0653,69.84676,62.63843,56.45141,49.84658,43.52847,42.73716,48.64776,61.63197,63.98081,64.06822,60.71969,59.23698,51.24834,44.40357,"Itum5"
"AutumRoyal_37bands_61",23.23542,23.23592,21.99899,20.77991,20.82692,21.98776,21.76256,18.43471,17.37146,15.29942,12.81725,9.502,43.4252,51.78857,42.96165,40.66603,48.61118,60.1956,61.04442,64.72138,61.72664,61.06228,64.44412,55.52547,43.58932,36.56423,29.42165,20.71824,23.20729,31.75871,44.32188,44.62257,40.50832,32.15937,25.74824,15.95932,10.70488,"AutumRoyal"
"Crimson_37bands_62",19.44893,19.44897,19.16287,18.45852,18.89066,19.29579,19.64316,18.18034,19.4463,19.35113,21.22342,29.89143,33.22614,77.76762,85.31674,80.08598,81.48138,87.47043,83.97235,88.04313,83.95239,80.18984,80.62484,78.86175,72.62402,67.9266,65.33045,61.08775,63.02466,72.15346,84.82115,86.53396,85.74621,80.61149,77.31624,67.16658,55.85238,"Crimson"
"Itum4_37bands_62",14.80948,14.80965,17.75263,19.76507,21.23663,22.7805,23.54182,23.27285,22.46934,22.52423,20.73448,20.29595,10.64733,47.48771,61.77381,61.0998,61.10291,62.56701,62.938,63.46955,60.49951,62.8099,63.44957,58.92615,54.0724,51.85699,48.21051,44.28427,46.92355,50.87387,54.96847,53.90587,51.73669,48.65841,46.32936,42.46883,38.42587,"Itum4"
"Itum9_37bands_62",27.73214,27.73312,26.19952,24.73612,25.23966,26.58945,26.4106,23.01167,22.09032,19.74157,16.67956,12.28194,8.8878,59.98102,66.51876,66.79404,75.59032,85.58149,82.35846,89.68648,82.86091,80.75783,85.50982,81.88944,69.37417,62.42277,56.81548,48.65959,51.29993,66.20203,84.76083,87.33184,85.03311,74.58465,65.26857,48.46029,31.76154,"Itum9"
"Itum5_37bands_62",38.10971,38.11075,42.54597,45.71191,48.34468,50.8916,53.17455,52.22438,51.10461,50.40407,46.3881,44.29702,55.55485,88.16093,96.22036,88.60008,86.87325,92.21148,88.99405,87.65717,81.65342,77.64959,75.9885,69.80453,62.63512,56.33206,49.9472,43.41056,42.98309,48.72918,61.53312,63.90364,63.96298,60.73576,59.35266,51.47549,44.661,"Itum5"
"AutumRoyal_37bands_62",22.88207,22.88242,21.45436,20.20841,20.25508,21.31998,21.00934,17.70323,16.69299,14.64076,12.13186,8.7869,46.50351,55.8037,47.4699,44.40874,51.84826,63.22577,63.47212,67.14715,63.929,62.63223,66.20336,57.45875,45.37887,37.934,30.59419,21.81188,24.20558,32.69168,45.69022,46.22637,42.53464,34.13816,27.76767,17.72811,11.73987,"AutumRoyal"
"Crimson_37bands_63",35.10903,35.10903,33.45412,32.76525,32.53194,32.64828,35.07001,34.2131,34.29732,34.19853,34.09676,32.04317,35.71333,77.21869,84.81541,79.9603,81.71454,88.07547,84.8441,89.04588,85.22203,81.42827,81.74084,80.24513,74.16073,69.48006,67.07795,63.24874,65.53415,74.43233,86.90865,88.52242,87.61932,82.42458,79.16352,69.14801,57.93021,"Crimson"
"Itum9_37bands_63",28.79739,28.79824,27.51217,26.11735,26.58436,27.77856,27.83317,24.84392,24.15604,22.20608,19.83379,16.10147,10.19116,69.57391,83.50228,82.39325,89.30067,97.30109,92.55276,99.2731,90.67167,88.22087,92.46906,88.42362,75.38375,68.70143,63.23104,54.52015,56.35394,71.98921,91.35295,94.0347,92.18165,81.00452,71.28555,54.62852,36.64311,"Itum9"
"AutumRoyal_37bands_63",23.19185,23.19251,21.75117,20.51403,20.58253,21.5831,21.23204,18.0228,17.10289,15.07116,12.72648,9.42629,43.42231,54.74566,48.47827,46.02209,53.33758,64.29703,64.52234,67.68996,64.08758,63.0529,66.00112,56.79591,44.66053,37.18782,29.47286,20.62895,22.67966,31.31386,44.65772,45.13671,41.28433,32.99587,26.37212,16.69853,11.42374,"AutumRoyal"
"Itum4_37bands_63",14.60467,14.60492,17.68566,20.34746,22.29003,23.93823,23.79033,23.09523,21.95468,21.80131,19.55497,18.86793,6.75111,50.93969,69.68637,70.45673,70.42728,72.05927,72.51078,73.51925,69.40155,73.15771,73.47749,68.0774,62.26811,59.75587,55.75545,51.30048,54.02201,58.94228,62.99866,61.26627,57.80987,53.86568,50.94044,46.3374,41.73035,"Itum4"
"Itum5_37bands_63",37.19077,37.19113,41.74072,45.28705,48.17596,50.7392,52.96339,51.90686,50.68303,49.96474,45.76571,43.60249,52.4609,85.65795,95.29844,87.61084,86.11737,91.74871,89.06685,87.60501,81.80313,78.09471,76.81865,70.37584,62.73462,56.50316,50.26035,43.34093,42.13756,47.585,60.68832,63.03051,63.11109,59.29508,57.36103,49.2053,42.02849,"Itum5"
"Crimson_37bands_64",17.53171,17.53171,17.06405,16.40572,16.82294,17.30538,17.5287,16.14957,17.00826,16.5318,17.82209,24.38659,33.3123,79.73756,87.75413,82.23679,83.77569,89.85941,86.34881,90.52875,86.35847,82.40536,82.87257,81.16776,74.73145,70.12168,67.73078,63.81459,66.16071,74.88973,87.60946,89.27771,88.32946,82.91192,79.44498,68.90002,57.35605,"Crimson"
"Itum4_37bands_64",15.59429,15.59445,18.7692,21.33208,23.23525,24.85238,24.75509,24.14622,23.01997,22.76611,20.556,19.83983,5.11179,49.22096,69.51039,70.99089,70.92305,72.07355,72.44582,73.16733,68.96596,73.05469,73.06571,68.02823,62.23724,60.0078,55.70591,51.42339,54.46884,59.19035,63.2673,61.39495,57.85221,53.86459,50.6218,46.07796,41.42509,"Itum4"
"Itum5_37bands_64",34.67918,34.67931,38.48123,41.36992,43.88362,46.27763,48.32386,47.27807,46.22742,45.49742,41.6363,39.55384,51.97053,87.11047,98.0146,90.62218,88.95138,94.19442,91.19945,89.59404,83.7,79.93572,78.66639,72.00499,64.70367,58.50298,52.12935,45.44457,44.33401,50.04103,63.21092,65.45216,65.29536,61.45229,59.44346,51.20581,43.93118,"Itum5"
"AutumRoyal_37bands_64",23.59097,23.59154,22.15142,20.90505,20.96447,22.02971,21.77303,18.51692,17.50273,15.49546,13.12935,9.92094,42.19345,53.28608,47.17004,45.06968,52.51944,63.47751,63.63564,66.58855,62.97736,62.34714,65.18695,55.93161,43.80794,36.364,28.76416,20.01166,21.99825,30.46452,43.50495,43.87798,39.84492,31.46581,24.9263,15.66297,10.56746,"AutumRoyal"
"Itum9_37bands_64",31.56428,31.56498,30.11434,28.74369,29.18917,30.56625,30.47527,27.11856,26.3798,24.18162,21.80693,18.16571,9.07901,69.93249,82.18959,81.10941,88.43657,96.54664,91.40823,97.89003,90.0236,87.15506,90.82678,86.90818,73.88411,66.46111,60.3379,51.31815,54.16506,70.30637,90.22366,92.86094,90.22112,79.31149,69.57746,51.57042,33.33992,"Itum9"
"Crimson_37bands_65",37.26071,37.26071,36.83981,35.07976,34.68749,34.94116,37.32096,37.42917,36.28535,37.93975,37.55676,35.39236,25.08074,83.11834,94.54344,87.94943,88.64776,93.82835,88.54977,91.9578,86.9094,82.82392,83.06238,81.11715,74.32092,69.49416,66.95288,62.44253,63.77933,71.88095,84.15055,86.18727,85.66515,80.05229,76.3118,65.99867,54.14657,"Crimson"
"Itum4_37bands_65",15.74068,15.74093,18.54375,20.54981,22.07199,23.66655,24.22697,23.7131,22.93018,22.82337,20.88074,20.29734,9.96096,46.98905,62.2499,62.05609,61.99953,63.26103,64.43967,64.93159,62.06108,64.78104,65.38592,60.89246,56.11095,53.87686,50.14705,46.20208,48.73181,52.99646,57.4837,56.18477,53.8717,50.51579,48.3271,44.37322,40.24355,"Itum4"
"Itum5_37bands_65",38.86406,38.8645,43.60702,47.16012,49.95341,52.46842,54.58044,53.56101,52.23894,51.44597,47.20814,45.00422,55.93314,90.23058,97.56017,89.89349,88.23018,93.51669,90.44992,88.95275,83.04268,79.0641,77.48966,71.10718,63.69838,57.44388,50.93447,44.18004,43.27264,49.22516,62.21858,64.60796,64.73412,61.40387,59.91198,51.88317,44.9206,"Itum5"
"AutumRoyal_37bands_65",31.95917,31.95959,32.01184,31.45459,31.49158,32.33493,32.91865,30.41386,30.15886,29.05672,28.12329,25.29425,46.67407,71.62129,76.38234,72.17007,76.746,84.57709,82.21901,83.04162,77.14613,75.23369,75.45327,65.05094,51.54115,43.41128,35.29252,26.72685,29.09324,36.986,49.57783,50.36855,45.92602,38.05804,31.97574,23.82235,18.88171,"AutumRoyal"
"Itum9_37bands_65",28.33963,28.34038,27.09188,25.79275,26.35911,27.5695,27.59463,24.21915,23.70455,21.61229,19.7458,16.90486,13.49875,75.99328,89.24294,87.36023,93.82189,101.00208,95.35692,101.57905,93.22176,90.0167,93.61838,89.32143,76.00251,68.89808,62.7578,53.59367,56.45697,71.56945,90.86361,93.58364,90.54981,79.43472,68.73721,51.43338,34.66827,"Itum9"
"Crimson_37bands_66",25.15709,25.15696,26.88826,26.77692,27.38895,28.11316,32.56259,34.12367,37.93632,39.97985,40.54369,51.01101,23.47646,83.65205,95.07025,88.37227,89.41331,94.92336,89.44384,92.96756,87.86306,83.64402,83.78354,81.95323,75.26519,70.41806,67.93437,63.5558,65.17147,73.29061,85.59907,87.56903,86.9353,81.16556,77.54271,66.99703,54.92398,"Crimson"
"Itum4_37bands_66",15.83353,15.83374,18.62703,20.77667,22.33062,23.89942,24.58627,24.29537,23.58489,23.63714,21.81016,21.31255,10.12658,48.03034,62.74646,62.11267,62.29395,64.23357,64.96075,65.61932,62.73462,65.31151,66.21967,61.46822,56.74048,54.55016,50.54117,46.64334,49.21347,53.84041,57.99531,56.72696,54.31719,51.13639,48.9719,44.96677,40.91031,"Itum4"
"Itum9_37bands_66",30.0019,30.00231,28.87533,27.61341,28.03084,29.2348,29.24947,26.3927,25.91958,24.20717,22.61921,19.5463,11.18865,70.82869,85.93452,83.87099,90.21872,97.47439,91.66934,98.01698,89.82991,86.94009,91.04248,86.78472,73.98791,66.51388,60.50813,51.44002,52.99316,67.44654,86.29299,89.2122,87.19313,75.97627,65.62636,49.51546,33.32659,"Itum9"
"AutumRoyal_37bands_66",29.1981,29.19851,29.88921,29.61255,29.70436,30.85259,31.62662,29.33927,28.92512,27.88517,26.58621,23.81622,49.03427,74.12966,79.9442,74.55946,77.93213,84.86507,81.24838,81.61598,75.2762,72.76446,73.09104,62.14419,47.90379,39.8595,31.74518,23.64431,25.27155,32.30551,44.21283,45.29686,40.8574,33.27666,27.67782,20.61762,16.49118,"AutumRoyal"
"Itum5_37bands_66",37.18838,37.1892,40.95543,43.73726,46.20302,48.39692,50.26735,49.22145,48.15192,47.2866,43.35385,41.12053,53.8614,89.7123,97.94042,90.52251,88.79753,94.18573,91.3559,89.57658,83.42684,79.9698,78.21648,71.81208,64.50468,58.32164,51.8499,45.20142,44.39167,50.40171,63.36393,65.57452,65.56818,61.9166,60.11529,52.25111,45.42269,"Itum5"
"Itum4_37bands_67",13.80904,13.80934,16.39376,18.49648,20.06438,21.48565,21.5687,21.01331,20.08891,19.93296,17.97265,17.30536,6.22016,52.59162,69.8154,71.15721,71.46661,73.20099,72.96802,73.50356,69.56065,72.70379,73.16142,68.00501,62.46501,60.02836,55.6799,51.26057,54.26234,59.00067,63.47613,61.74466,58.43707,54.75945,51.8433,47.30864,42.536,"Itum4"
"AutumRoyal_37bands_67",30.181,30.18126,31.09906,30.88215,30.92914,31.98877,33.26632,31.36684,31.42143,30.80852,30.31396,28.36568,47.61191,76.62218,85.36095,81.3677,85.26395,91.59,87.96621,88.22331,81.26707,78.71364,78.47472,68.21883,54.53863,45.97593,37.02835,27.61775,29.89812,38.13401,52.48534,53.55988,49.25257,40.4924,33.68886,24.28611,18.37152,"AutumRoyal"
"Crimson_37bands_67",27.55561,27.55561,29.82069,29.99541,30.72752,31.62106,36.67616,38.25977,41.85458,43.78717,42.95685,53.40564,21.47858,85.03482,95.81793,89.25059,90.30476,95.88329,89.91115,93.3579,88.07534,83.74379,83.66471,81.85738,75.26713,70.29161,67.88663,63.28634,64.78231,73.45954,86.40747,88.4698,87.9301,82.16196,78.53034,67.70853,55.1501,"Crimson"
"Itum9_37bands_67",34.56036,34.56096,33.07408,31.69245,32.10922,33.39307,33.32396,29.70946,29.05591,26.62925,24.04751,20.62969,7.52163,74.66626,85.75128,85.12165,92.54572,100.45926,95.02696,100.82625,92.24004,89.83973,92.46683,88.97647,75.64295,68.79255,62.69908,54.42324,57.1569,73.42843,92.49892,95.29264,92.40942,82.05298,73.00238,55.64024,37.71941,"Itum9"
"Itum5_37bands_67",28.64234,28.64307,31.80924,34.42794,37.39881,40.09668,41.72384,40.0768,38.5868,37.47664,33.42755,31.07762,42.7636,82.24128,93.92243,88.1268,87.46878,93.17693,90.01253,88.49656,82.73633,79.10424,77.63551,71.23739,63.9057,57.74346,51.39207,44.80349,43.99758,49.75656,62.53939,64.88898,64.90129,61.46506,59.65932,51.16327,43.47569,"Itum5"
"Crimson_37bands_68",24.02843,24.02834,25.46704,25.23415,25.73421,26.3515,30.64659,31.86863,35.65097,37.62115,37.92448,47.66169,23.32338,85.27043,94.95161,88.3601,89.58096,95.3851,89.85817,93.28111,88.17512,83.77045,83.78916,82.00781,75.30697,70.43813,68.14917,63.66308,65.43826,73.76251,86.20694,88.32121,87.68877,82.06328,78.78174,68.1371,55.89332,"Crimson"
"Itum4_37bands_68",14.59835,14.59864,17.59378,19.97266,21.78599,23.37662,23.55541,22.93664,21.92612,21.78494,19.7025,19.06659,7.1954,52.51482,69.46849,70.81261,71.26844,72.417,72.14885,72.34299,68.67693,71.8493,72.17271,67.24177,61.86314,59.59344,55.35025,51.11967,53.88708,58.69772,63.13502,61.291,58.10416,54.41725,51.65952,47.17271,42.55642,"Itum4"
"Itum9_37bands_68",30.76746,30.76834,29.33729,28.03031,28.55893,29.84501,29.95425,26.54508,25.92088,23.72908,21.47694,18.08241,7.9003,75.07323,85.55249,84.60236,92.27833,100.25608,94.70396,100.58202,92.35778,89.87981,92.61961,88.53492,75.79991,68.81683,61.66596,52.74494,56.46086,73.15263,92.84125,95.37873,92.48162,82.34735,73.00542,54.75476,36.37562,"Itum9"
"AutumRoyal_37bands_68",29.33614,29.33629,29.94545,29.62992,29.67509,30.51942,31.51967,29.46699,29.62196,28.93609,28.78821,26.87338,44.87525,71.37255,79.65455,76.60302,80.78403,87.53009,83.86618,84.23893,77.31524,74.70577,74.68718,63.89282,50.19728,41.35195,32.31433,23.07101,24.99557,32.60045,46.84251,48.23062,43.98429,35.22916,28.77698,20.58494,15.86527,"AutumRoyal"
"Itum5_37bands_68",29.35062,29.35101,32.65911,35.52652,38.55035,41.2144,42.60452,40.92118,39.40647,38.33371,34.1951,31.86992,42.92663,82.34941,94.04529,88.3087,87.612,93.14769,89.84297,88.3729,82.46807,78.79789,77.1091,70.89189,63.50848,57.22915,50.92278,44.20155,43.47954,49.24364,61.97854,64.36473,64.41274,60.75428,59.00221,50.50234,42.70769,"Itum5"
"Crimson_37bands_69",23.15942,23.1596,23.89332,23.32885,24.01325,24.6336,27.92671,28.05828,31.26406,32.54045,32.79994,43.82202,17.97229,80.36053,91.06004,86.05639,88.07671,94.40944,88.77773,92.64044,87.33717,82.39831,82.63148,81.21931,74.61998,69.26956,66.87102,62.93927,66.21991,75.5568,88.70139,90.85157,90.29362,85.21248,82.83269,71.36441,58.13452,"Crimson"
"Itum9_37bands_69",29.72968,29.73054,28.30795,26.87399,27.2905,28.57416,28.49947,25.1327,24.27159,21.92906,18.86086,14.34156,11.52883,69.16444,79.97936,78.49399,85.30886,93.7888,90.34694,96.22129,89.97454,88.60768,92.95969,88.18468,76.46879,70.22042,65.7492,58.19882,59.97338,71.3837,86.30353,87.92156,85.20531,74.99468,65.98925,51.29791,36.82582,"Itum9"
"Itum4_37bands_69",14.5058,14.50588,17.34751,19.4028,20.97686,22.56328,23.37022,23.12575,22.41297,22.51058,20.71286,20.3045,8.26162,49.10791,66.17871,66.16746,65.98147,67.16402,67.59983,68.23969,64.69459,68.00547,68.49825,63.76126,58.71286,56.24801,52.26848,48.00659,51.08386,55.65413,59.71627,58.16923,55.41888,51.74083,49.0864,45.04521,40.87524,"Itum4"
"Itum5_37bands_69",31.94367,31.94426,35.16401,38.14057,41.27025,44.03773,45.54508,43.37417,41.65236,40.25166,35.43695,32.63627,41.73127,84.68543,96.43937,90.83604,89.62103,95.03616,91.44896,89.48333,83.15894,79.58178,77.38143,71.27774,63.78836,57.49839,50.73624,44.3113,43.64326,49.86207,63.20335,65.31094,65.31793,61.86516,60.13847,51.6071,43.81766,"Itum5"
"AutumRoyal_37bands_69",24.59223,24.59294,23.34264,22.17483,22.23039,23.23223,22.9998,19.6759,18.75443,16.73798,14.46547,10.91022,44.0025,51.7446,42.11718,39.31585,47.46405,59.42157,60.07659,64.60068,61.16378,60.17753,64.76217,56.53763,43.66643,36.54502,29.72815,21.89723,24.65691,32.53926,44.65792,45.12284,40.86912,32.68354,26.50749,17.60537,12.42468,"AutumRoyal"
"Itum4_37bands_70",14.28056,14.28064,17.20095,19.32262,20.87794,22.43225,23.06092,22.73475,21.99078,21.95104,20.066,19.58796,9.63967,51.07306,66.1448,65.53765,65.67192,67.35771,67.553,68.34981,65.15241,67.66385,68.52831,63.59794,58.49825,56.1385,52.2877,47.74164,50.58229,55.01729,59.49964,58.15541,55.58344,52.21033,49.5505,45.20171,40.68393,"Itum4"
"Itum9_37bands_70",29.57748,29.57789,28.72022,27.4063,27.86271,28.97981,29.10021,26.27751,25.57871,23.79021,22.04578,18.4251,13.56028,74.16906,85.9915,83.48149,89.5319,96.75699,92.09058,97.67063,90.97327,88.783,92.44348,87.58989,75.41341,68.66837,63.59946,55.75812,57.59766,68.67037,83.58026,85.64571,83.14712,72.82383,63.10186,48.69314,35.09455,"Itum9"
"AutumRoyal_37bands_70",22.06346,22.06421,20.94798,19.80522,19.84499,21.00315,20.81456,17.70593,16.60204,14.61818,12.39626,9.30307,44.54088,50.23471,39.29772,36.46637,44.8412,57.34035,58.38862,63.27668,60.09729,59.49765,64.59199,56.71687,43.8387,36.76644,30.00675,22.69798,25.35619,33.22841,44.8252,45.28823,41.22422,33.3289,27.55822,18.71662,13.44478,"AutumRoyal"
"Itum5_37bands_70",31.60724,31.6076,35.05991,38.07911,41.29161,44.10156,45.57307,43.55364,41.84899,40.48431,35.71218,32.99103,42.6058,84.25167,96.05883,90.40939,89.34345,94.66782,91.02051,89.05053,82.8187,79.22313,77.11734,70.75667,63.64109,57.2701,50.46579,44.17954,43.66277,49.85562,62.96628,65.18933,65.22124,61.72742,60.19771,51.77574,44.12658,"Itum5"
"Crimson_37bands_71",22.80633,22.80633,23.6424,23.28132,24.07246,24.69667,28.10301,28.3344,31.46664,32.65749,32.49248,44.01108,15.78464,78.30974,89.84352,85.26302,87.3568,93.80081,88.38782,92.74707,87.21036,82.58069,82.86342,81.61364,74.88506,69.51068,67.18038,63.2692,66.36335,76.05379,88.96323,91.02244,90.17769,84.69426,81.79845,70.11013,56.77795,"Crimson"
"Itum4_37bands_71",15.60042,15.60059,18.88071,21.16036,22.80214,24.42846,24.79127,24.22521,23.23031,23.139,21.02629,20.36977,9.79042,52.48393,67.16439,66.75241,66.98492,68.72803,68.98012,69.6814,66.13688,68.77776,69.44991,64.74175,59.35227,56.84801,52.96348,48.63872,51.49794,55.97418,60.0581,58.66369,55.85973,52.29549,49.70153,45.41462,41.05508,"Itum4"
"Itum9_37bands_71",33.98221,33.98279,33.18986,31.9277,32.31791,33.48121,33.58404,30.76532,30.41787,28.88556,27.87348,25.1294,12.99137,78.54229,95.52982,92.19264,96.74945,102.866,97.11588,102.25304,93.9428,91.35972,94.51251,89.73166,77.09502,70.2378,64.18434,55.33105,56.61444,71.57944,91.82702,94.10044,91.66162,80.32649,70.28459,53.7868,36.53754,"Itum9"
"Itum5_37bands_71",35.71102,35.71151,39.83309,43.40879,46.79064,49.75635,51.6014,49.99708,48.41056,47.40343,42.44681,39.8369,46.13306,84.21374,94.35496,87.83632,87.19921,93.60574,91.06549,89.88484,83.83805,80.7283,79.41406,72.99096,65.43024,59.37653,53.29713,46.56697,45.58372,51.28677,63.82928,65.93881,65.74367,61.80287,59.45066,51.14134,43.71811,"Itum5"
"AutumRoyal_37bands_71",27.85667,27.85714,27.50914,26.62472,26.65163,27.6159,27.92799,25.25606,24.66493,23.14715,21.54272,17.99235,57.03134,75.19207,70.88759,66.26856,72.73512,82.5438,80.36012,83.73465,78.01922,75.23069,78.63232,69.52715,55.42654,46.97304,38.40751,28.35406,31.14851,40.14156,54.67696,55.9194,51.46068,42.11287,34.46376,23.0959,15.84212,"AutumRoyal"
"Crimson_37bands_72",19.53897,19.53892,19.67411,19.07135,19.63666,20.13084,21.8671,21.06248,23.4961,24.2,25.38599,34.5972,15.11128,76.05211,88.69591,84.46374,86.71856,93.0587,88.08354,92.28251,86.983,82.6459,83.09237,81.65025,74.95326,69.90703,67.51856,63.63871,66.91856,76.46113,89.42895,91.31987,90.42933,85.11399,82.30133,70.7844,57.42251,"Crimson"
"Itum5_37bands_72",35.98812,35.98821,40.16321,43.8285,47.06233,49.87287,51.70298,50.25472,48.90782,48.16706,43.4225,41.04132,47.35174,84.37432,94.96074,87.94331,87.00238,93.02738,89.96442,88.7058,82.81649,78.92162,77.68626,71.30509,63.65969,57.38902,51.27381,44.52825,43.50199,49.32902,61.92624,64.21192,64.14542,60.22868,58.11701,49.77423,42.32763,"Itum5"
"AutumRoyal_37bands_72",25.54181,25.5422,25.4378,24.6494,24.63703,25.72598,26.11961,23.5974,22.95543,21.51079,19.99397,17.16034,51.4735,69.12948,65.97776,62.09857,68.76103,78.59899,76.83168,79.90697,74.2804,72.20751,75.60941,66.37932,52.23014,43.93135,35.4043,25.42604,28.1751,36.96699,51.48128,52.45775,47.75021,38.20272,30.491,19.82315,13.20895,"AutumRoyal"
"Itum4_37bands_72",15.00603,15.00628,18.04321,20.26446,21.81016,23.30279,23.73101,23.34433,22.4819,22.45566,20.48921,19.94936,9.54703,51.17172,65.71824,65.12847,65.42421,67.32899,67.6443,68.55011,65.16227,67.85982,68.1571,63.50844,58.55549,56.05257,52.23809,47.98214,50.6446,55.29407,59.49404,58.09402,55.2601,51.65071,49.00137,44.84474,40.55759,"Itum4"
"Crimson_37bands_73",21.10853,21.10817,21.47328,20.95638,21.36457,21.63579,22.73333,22.01404,24.58713,25.72631,28.84348,40.45019,35.54072,83.91281,91.76894,85.06986,86.21913,91.37079,86.97776,91.36745,86.41179,82.09233,83.13887,81.57097,74.35818,69.51857,67.20504,62.62269,63.96718,72.47531,85.64002,87.93036,87.42548,81.73964,78.07675,68.26401,56.98803,"Crimson"
"Itum4_37bands_73",15.12806,15.12814,17.95148,19.88099,21.39205,22.94131,23.53512,23.15753,22.37309,22.37684,20.5801,20.06703,11.54925,49.66581,62.59398,61.45058,61.75505,63.7004,64.45879,65.50911,62.51282,64.59315,65.58064,60.74618,56.03522,53.55751,49.67873,45.72604,48.35441,52.56117,57.00113,55.9975,53.99062,50.58022,48.26058,44.45229,40.34633,"Itum4"
"Itum9_37bands_73",30.14333,30.14418,28.87522,27.57535,27.9287,29.11927,28.93056,25.59062,24.81447,22.65651,20.05025,16.39751,7.09017,68.8317,80.60588,80.32261,87.80647,96.50034,92.52043,98.18659,91.20954,89.18304,92.59677,88.43154,76.74466,70.38055,64.99041,57.59708,60.02295,74.62163,92.25142,94.4335,91.92489,82.25619,74.31969,57.32324,39.50501,"Itum9"
"Itum5_37bands_73",33.13634,33.13687,37.20465,40.91247,44.72687,47.87239,49.48179,47.50132,45.55997,44.28583,39.11725,36.44532,42.22162,84.39633,96.90577,91.2054,90.42446,96.17299,92.81572,91.1583,84.98465,81.40004,79.91318,73.26625,65.94686,59.58766,53.14851,46.42491,45.68229,51.55913,64.6677,66.77785,66.71744,62.92429,60.70072,51.96957,44.0261,"Itum5"
"AutumRoyal_37bands_73",22.45786,22.45832,21.45786,20.29022,20.35435,21.48416,21.22813,17.93751,16.81262,14.76428,12.2895,8.79791,46.82805,52.15805,40.20312,37.17425,46.08859,59.10735,60.52784,65.90541,62.98847,62.28525,67.96575,60.37317,47.64426,40.62919,34.1579,26.78627,30.02876,38.03676,49.64026,50.12042,46.10171,38.01651,31.93064,22.28176,16.29104,"AutumRoyal"
"Crimson_37bands_74",22.35302,22.35248,22.78735,22.24523,22.7532,23.00311,24.52034,23.80531,26.52223,27.53843,29.87795,41.55761,36.35275,84.1523,92.03038,85.50162,86.68569,92.26458,87.44235,91.91242,87.12471,82.60801,83.46764,82.04968,75.04199,70.11049,67.29892,62.93173,65.00725,74.10927,86.93636,89.2572,88.6577,83.12975,79.54739,69.56548,58.23884,"Crimson"
"Itum4_37bands_74",15.17737,15.17749,17.98137,20.02537,21.53514,23.04246,23.66053,23.26508,22.63603,22.67005,20.89241,20.42843,10.82276,48.84837,61.99584,61.21022,61.15088,63.14776,63.66951,64.32787,61.64481,63.66959,64.19367,59.82949,55.00973,52.5791,48.92685,44.84001,47.48407,51.59615,56.12364,54.93841,52.66972,49.42751,47.26404,43.50628,39.59503,"Itum4"
"Itum9_37bands_74",32.23224,32.23258,30.7687,29.34482,29.75546,31.01706,30.91202,27.49141,26.75961,24.48294,21.92188,17.95789,9.33413,70.07274,81.31601,80.3749,87.5297,95.68371,91.30848,96.91629,89.83662,87.34593,90.49922,86.39972,74.33429,67.4964,61.43335,52.64266,55.31385,69.84925,88.09307,90.5533,88.13307,78.25186,69.34914,52.37645,35.35562,"Itum9"
"Itum5_37bands_74",30.68282,30.68352,33.62413,36.23563,39.26657,41.97382,43.35249,41.31141,39.81738,38.52218,34.1009,31.4398,43.64957,85.03479,97.06223,91.08425,90.36062,96.29126,93.18507,91.4856,85.45623,81.94205,80.31495,73.79439,66.32338,60.06909,53.52585,46.89036,46.12206,52.01761,65.17266,67.3829,67.49906,63.69676,61.67832,52.85373,44.84429,"Itum5"
"AutumRoyal_37bands_74",22.89671,22.89758,21.73276,20.55336,20.53054,21.6106,21.40279,18.27914,17.15319,15.17729,12.7825,9.34412,49.09206,53.96492,41.65311,38.07308,46.75537,59.54634,60.43664,65.95661,62.81676,61.38787,67.2634,59.86769,46.84917,39.59865,32.9381,25.70188,28.74824,36.21581,47.77989,48.63178,44.85707,36.92441,31.40776,22.02436,16.08929,"AutumRoyal"
"Crimson_37bands_75",35.32295,35.32308,39.14029,40.80309,42.38102,43.92209,49.86054,51.85645,54.80621,56.42638,53.83951,63.18116,26.88162,83.92319,95.33866,88.20382,89.20395,94.75751,89.27135,93.50398,87.72966,83.62228,84.63248,82.70701,74.98759,69.93643,67.62668,63.17412,64.45497,72.62047,84.85117,86.91624,86.05314,79.52937,75.17254,64.84752,52.93603,"Crimson"
"Itum9_37bands_75",33.60159,33.60226,32.17196,30.70407,31.03219,32.27162,32.02863,28.73812,27.94618,25.66843,23.00077,18.98481,10.78678,68.02565,82.77412,80.873,87.27991,95.05933,90.69017,96.62564,89.88217,88.35948,92.79915,87.48236,75.46109,68.92816,63.53165,55.23062,56.37395,68.22831,83.80831,85.67477,83.15538,72.23588,61.83061,47.0823,33.25601,"Itum9"
"Itum5_37bands_75",30.53119,30.53159,34.00395,36.96357,40.29433,43.25295,44.89391,42.97032,41.29166,39.99882,35.26759,32.61106,43.50375,83.69032,97.67928,91.3323,90.32901,96.2825,93.2398,91.70808,85.41831,81.96068,80.40196,73.77169,66.14164,59.95073,53.71102,46.82978,45.8467,51.83091,64.72399,66.69155,66.41761,62.2583,59.92359,51.13318,43.11446,"Itum5"
"Itum4_37bands_75",15.11361,15.11395,18.14693,20.2208,21.69997,23.19947,23.83436,23.40291,22.57159,22.49628,20.6183,20.07239,9.72878,50.05114,63.11973,62.33107,62.61133,64.60368,64.7583,65.80416,62.44653,64.7292,65.26611,60.78672,55.66944,53.15521,49.20606,45.13743,47.70559,52.02255,56.432,55.09714,52.68283,49.46064,46.96794,42.94286,39.02973,"Itum4"
"AutumRoyal_37bands_75",26.05033,26.05091,25.4783,24.60486,24.69103,25.6771,25.43475,22.36666,21.6553,19.81323,18.52837,16.06961,56.73899,74.95125,73.24677,69.33377,75.27477,84.65935,82.5559,85.35762,79.11642,76.29032,78.93107,70.3064,56.32421,47.66707,38.82547,29.92245,33.01287,41.59536,56.0517,57.65698,54.08863,45.52033,38.96217,28.73432,21.75239,"AutumRoyal"
"Crimson_37bands_76",35.55321,35.55352,39.38369,40.88329,42.48351,43.9898,50.07531,51.83824,54.62438,56.10682,53.30606,62.93944,28.74439,82.79372,94.18418,86.85967,87.85325,93.26145,87.69728,92.10062,86.58721,82.10294,83.35169,81.60223,74.14706,69.12068,66.67696,62.02393,63.23721,71.32197,83.59795,86.15584,85.72357,79.63529,75.51061,65.30998,53.45053,"Crimson"
"Itum4_37bands_76",15.68931,15.68961,19.05647,21.412,23.03613,24.68044,25.42355,24.8941,23.94068,23.91487,21.87223,21.33952,10.95015,50.42215,63.17384,62.23048,62.51442,64.63747,65.10144,66.00382,62.90557,64.94353,65.6936,60.98399,55.86357,53.42886,49.74158,45.69742,48.11002,52.52635,56.6635,55.62443,53.35128,49.75419,47.30704,43.41625,39.34907,"Itum4"
"Itum9_37bands_76",29.95299,29.95382,28.77547,27.41302,27.7664,28.96889,28.92953,26.04896,25.27993,23.39849,21.23984,17.60483,9.75113,67.69437,85.1563,83.58303,90.07696,97.85272,93.40288,99.60454,92.48374,91.43594,95.87067,91.0731,79.13319,72.8081,67.87852,59.80824,60.88983,72.78322,88.27471,89.8455,87.17859,76.32099,65.83019,49.77415,33.83628,"Itum9"
"Itum5_37bands_76",31.22283,31.22341,34.56261,37.47407,40.77281,43.66498,45.12016,43.11095,41.44325,40.10673,35.32476,32.56041,43.91476,84.76722,98.20474,91.95804,91.02659,96.92687,93.8038,92.36796,86.13257,82.48089,80.88407,74.3381,66.79077,60.57754,54.37949,47.56309,46.71592,52.54698,65.41511,67.60343,67.34242,63.17828,60.8234,51.93928,43.87465,"Itum5"
"AutumRoyal_37bands_76",26.07228,26.0731,25.3165,24.427,24.47331,25.37495,25.13294,22.06578,21.39688,19.58919,18.24314,15.73263,53.73325,71.59349,71.64713,67.523,72.52177,80.35712,77.59436,79.42756,72.79908,69.98591,71.69565,61.83509,47.72367,39.25656,30.76311,22.20251,24.75266,32.47925,46.1688,47.66055,43.50502,35.26942,29.43391,21.61691,17.10471,"AutumRoyal"
"Crimson_37bands_77",19.34186,19.34163,19.17729,18.44531,18.95289,19.41648,20.33479,19.19437,21.11998,21.55134,23.56286,32.47419,40.97925,80.7891,84.73983,78.66544,80.12586,85.86284,82.13321,87.11562,82.71361,77.89792,78.91501,77.71517,70.39747,65.6766,63.38442,59.28703,60.74791,70.06176,83.87937,86.27771,86.32262,80.42176,77.40128,68.20681,57.47663,"Crimson"
"Itum5_37bands_77",32.6376,32.63795,35.95888,39.22785,42.71188,45.53371,46.75954,44.53275,42.73319,41.37158,36.46154,33.70077,42.58656,83.44656,95.77395,90.16705,89.33802,95.09212,91.59442,90.12721,83.87837,80.15164,78.6333,72.2094,64.75541,58.39908,52.03277,45.40633,44.583,50.4911,63.45359,65.70534,65.66593,62.02368,59.91105,51.33446,43.55326,"Itum5"
"Itum4_37bands_77",15.1532,15.15328,18.0842,20.13423,21.68307,23.32148,23.91449,23.54282,22.77198,22.70143,20.77526,20.23265,10.2306,50.2703,65.92043,65.28419,65.39412,67.24674,67.94882,69.35045,65.91002,68.54569,69.49324,64.62349,59.2272,56.74437,52.65746,48.51795,51.24027,55.89683,60.335,58.94596,56.25096,52.75039,50.22052,45.99336,41.65111,"Itum4"
"Itum9_37bands_77",32.54909,32.55012,31.00947,29.579,30.04906,31.38094,31.29499,27.77364,27.02469,24.6455,21.87906,17.97128,8.81224,68.69777,77.8168,76.73156,84.10293,92.88138,89.10625,95.34425,88.77985,86.68457,90.37882,86.24825,74.41055,67.77736,62.38001,54.16323,57.02981,71.96377,90.16012,92.34244,89.49589,79.62294,70.65311,53.16167,36.05646,"Itum9"
"AutumRoyal_37bands_77",20.37875,20.37934,19.19915,18.00098,18.04894,19.28723,18.80801,15.58617,14.4537,12.3278,9.69778,6.47296,46.89947,58.1917,51.10562,49.06354,57.60082,69.51798,69.50906,74.03527,69.79664,68.62914,73.41084,64.90486,51.29252,43.38713,35.30619,26.03826,28.89932,37.94915,51.02734,51.54184,47.00642,37.81521,30.55722,20.14447,13.88423,"AutumRoyal"
"Crimson_37bands_78",19.76306,19.76315,19.53595,18.89666,19.51359,19.8171,20.56028,18.99904,21.11716,21.45859,23.52217,34.62244,39.46621,80.38086,83.45538,77.57612,79.18143,85.13984,81.22294,86.30837,82.14774,76.85135,77.66082,76.77794,69.65522,64.52208,62.29423,57.95942,59.85015,69.2845,83.11716,85.49385,85.2014,80.21141,77.71954,68.18928,57.44408,"Crimson"
"Itum4_37bands_78",14.88935,14.88939,17.73464,19.72698,21.23398,22.8601,23.64739,23.38589,22.7738,22.82094,21.01205,20.5631,10.95553,51.33809,67.12925,66.41691,66.46466,68.32773,68.9042,70.1455,66.81711,69.17943,70.23953,65.29441,59.8682,57.36615,53.39918,49.21514,51.93097,56.2188,61.27902,59.8102,57.10921,53.45903,50.84167,46.60975,42.10934,"Itum4"
"Itum9_37bands_78",31.45576,31.45675,29.9629,28.58658,29.1033,30.41686,30.43448,26.94764,26.26793,23.93319,21.28331,17.48066,8.39377,69.07906,79.82563,79.03064,86.30755,95.09854,91.4016,97.73294,91.05712,89.49833,93.76293,89.52109,78.04224,72.00465,66.58292,59.16496,61.24189,76.00695,93.35821,95.5351,93.23587,83.38223,74.85829,57.53619,39.27548,"Itum9"
"Itum5_37bands_78",32.53445,32.53485,36.02597,39.40836,42.92312,45.81956,47.00811,44.85952,43.07897,41.73431,36.74665,33.9551,42.40216,83.98232,97.13336,91.22507,90.47601,96.15541,92.59525,91.03755,84.47829,80.79774,79.10596,72.74763,65.19322,58.90045,52.5104,45.77805,45.07928,51.05737,64.08512,66.37116,66.3733,62.42697,60.42515,51.65516,43.78255,"Itum5"
"AutumRoyal_37bands_78",22.40933,22.40978,21.23731,20.07871,20.15365,21.27787,20.85783,17.504,16.40019,14.26771,11.7077,8.36137,50.80381,61.61934,53.96888,51.4709,60.10371,72.2218,72.15906,77.09243,72.87966,71.10555,76.15411,67.77014,53.94312,45.82839,37.79554,28.41392,31.30868,40.24251,53.9372,54.75519,50.66439,41.2845,33.74989,22.57394,15.31715,"AutumRoyal"
"Itum4_37bands_79",14.51424,14.51437,17.59888,19.68033,21.3096,22.99365,23.69139,23.10306,22.2065,22.03519,19.97523,19.38041,8.20348,48.53746,64.35542,64.54394,64.80132,66.61263,66.48632,67.27026,63.63468,66.67946,67.12471,62.80037,57.2975,54.98997,51.10768,46.99049,49.52436,54.09151,58.18618,56.86591,53.79843,50.22492,47.93996,43.85056,39.68439,"Itum4"
"Itum9_37bands_79",30.36576,30.36667,28.30499,26.88743,27.2332,28.60238,28.58058,25.22732,24.41958,21.98012,18.54124,14.48934,6.32332,56.34465,59.44497,60.4554,70.26618,82.45449,81.07269,88.75445,84.00583,83.62318,88.85932,85.51756,74.71949,69.22839,64.27516,57.20087,60.90224,75.17842,90.81496,92.45828,89.80966,81.14726,73.72644,55.65792,37.01219,"Itum9"
"Itum5_37bands_79",32.06863,32.06924,35.88674,39.47699,43.20707,46.28377,47.36773,45.04597,43.10957,41.68788,36.63153,33.79541,42.85692,82.30227,95.6288,89.84164,89.15515,95.10188,91.85722,90.3501,83.94079,80.23767,78.90089,72.20407,64.55209,58.29892,52.02318,45.12433,43.91218,49.46275,62.71327,65.02657,64.82909,60.78668,58.5428,49.71401,41.61404,"Itum5"
"AutumRoyal_37bands_79",25.46727,25.46769,25.32478,24.59107,24.5709,25.59897,26.17134,23.63301,23.31111,22.10306,20.97884,18.55965,51.73068,72.09913,69.93266,65.86411,72.51278,82.69323,81.67506,84.67396,78.98754,77.69255,80.93674,71.7511,57.61296,49.5464,41.2257,31.60473,34.55504,43.4015,56.88736,57.45502,52.76555,43.44334,35.60358,25.35133,19.09201,"AutumRoyal"
"Crimson_37bands_80",23.0559,23.05581,23.93369,23.47652,24.06869,24.56603,27.85941,28.23702,31.70057,33.26298,34.17448,45.71538,23.77421,82.02563,92.85964,87.21171,88.86088,94.8036,89.51431,94.00518,88.63004,84.16237,84.87459,83.74225,76.73166,71.67952,69.4397,65.18044,67.97359,77.08942,90.30058,92.34552,91.58052,86.09524,83.00981,71.96442,59.19259,"Crimson"
"Itum4_37bands_80",13.28047,13.28081,15.93092,17.79514,19.16627,20.53463,21.07876,20.77412,20.09382,20.04853,18.3145,17.87527,9.30597,49.26205,63.90631,63.33765,63.87215,65.90478,66.04132,67.48942,63.96516,66.25987,67.13245,62.45181,57.11693,54.71437,50.82102,46.5765,49.35957,53.51262,58.03463,56.86486,54.44405,50.95429,48.47591,44.25053,39.75454,"Itum4"
"Itum5_37bands_80",32.19004,32.19061,35.97865,39.61922,43.41276,46.46024,47.52878,45.2587,43.34619,41.96615,36.83627,34.03472,43.43062,83.00484,96.02409,90.22537,89.62449,95.5821,92.11863,90.72256,84.50455,80.64279,79.3122,72.7511,65.08239,58.76387,52.49392,45.76805,44.81458,50.36353,63.37167,65.71821,65.74165,61.64018,59.58324,50.84499,42.70862,"Itum5"
"AutumRoyal_37bands_80",31.95726,31.95784,32.33868,31.84369,31.83083,32.83218,34.00967,31.59474,31.42397,30.36547,29.19765,26.39999,51.94271,73.06285,70.2593,66.32553,73.12508,83.55838,82.55505,85.55514,80.10613,78.68931,82.05217,72.70991,58.60842,50.44786,41.96964,32.33989,35.43838,44.55442,58.01272,58.57748,53.71687,44.35135,36.52048,26.10042,19.6734,"AutumRoyal"
"Itum9_37bands_80",31.67478,31.67561,29.8877,28.441,28.78515,30.21298,30.06173,26.40536,25.47502,22.96094,19.62638,15.01343,7.19135,55.27802,58.49914,59.14212,68.74158,80.77566,79.66207,87.69573,82.09342,81.96053,87.59879,84.2636,73.1069,67.5659,63.67898,56.81021,59.75761,72.90446,87.90316,89.80471,87.86561,78.78806,71.35795,55.24706,38.78972,"Itum9"
"Crimson_37bands_81",19.27795,19.27804,19.13516,18.51486,19.02658,19.43987,20.21531,18.76587,20.36421,20.45541,22.18581,32.30251,38.46965,79.86408,84.0956,78.80233,80.92272,87.33143,83.51028,88.56309,84.28765,79.53058,80.49097,79.43094,72.36044,67.4335,65.06417,60.94823,63.76026,72.87203,85.59097,87.6097,86.9445,81.65137,78.55698,68.71599,57.75752,"Crimson"
"Itum9_37bands_81",37.9901,37.99075,37.4247,36.34288,36.45806,37.60794,38.30023,36.04422,36.61446,36.05953,36.24333,34.2216,14.45614,83.2976,97.91672,94.07247,98.80812,104.61578,98.79821,103.53568,96.28421,93.62583,97.18961,92.53982,80.18072,73.30241,67.80387,58.91096,59.82454,71.61704,87.91379,90.51213,88.72878,78.29033,68.87376,53.83717,38.71857,"Itum9"
"Itum5_37bands_81",34.63058,34.63119,38.53283,41.81407,44.94122,47.69372,49.39254,47.63233,46.10786,44.93238,40.08691,37.42228,47.4558,85.98393,96.45075,89.66533,88.55573,94.35683,91.05765,89.77933,83.76343,79.91784,78.53819,72.17861,64.65506,58.40538,52.01655,45.33075,44.49238,50.10106,63.18349,65.59322,65.70056,61.96739,60.1672,51.73513,44.09928,"Itum5"
"AutumRoyal_37bands_81",21.51945,21.51993,20.21067,18.96147,19.11506,20.22007,19.86351,16.43309,15.4084,13.24524,10.61869,7.51357,45.21409,60.10555,53.64119,51.64258,59.46879,70.49872,70.37607,73.96158,69.47526,68.21569,71.53324,63.04564,49.66059,41.95436,35.00353,27.3866,30.67876,38.88622,50.56819,51.22568,47.34502,39.77159,33.99861,25.06295,19.54596,"AutumRoyal"
"Itum4_37bands_81",15.0939,15.09424,18.31836,20.62238,22.22479,23.76699,24.10653,23.62368,22.6751,22.56366,20.45689,19.85095,9.43944,52.67166,67.20697,66.86106,67.13781,69.12246,69.62506,70.75767,66.96448,69.66235,70.6553,65.81941,60.30041,57.75122,53.79366,49.39746,52.19934,56.82612,61.2058,59.80591,56.92531,53.19741,50.57251,46.22479,41.56748,"Itum4"
"Crimson_37bands_82",17.67211,17.67211,17.39143,16.72877,17.25794,17.70082,18.24831,16.70749,18.05719,17.88218,19.33548,27.73548,40.83555,80.87127,84.99753,79.38556,81.39678,87.73005,84.01837,89.24884,84.78446,80.01899,81.15999,80.13385,72.86597,67.96052,66.12329,61.81064,64.04972,73.11535,86.372,88.55822,88.1259,82.62045,79.55337,69.64195,58.40495,"Crimson"
"Itum5_37bands_82",32.96453,32.96502,36.30203,39.1758,42.08153,44.64255,46.23553,44.49787,43.10917,41.87725,37.3298,34.69521,48.7381,86.43555,95.86617,88.74074,87.79647,93.70602,90.5085,89.34246,83.52376,79.30238,78.06307,71.81413,64.17949,57.79778,51.50389,44.81189,44.17435,49.67406,62.9397,65.40795,65.6012,61.96686,60.19637,51.66484,44.07212,"Itum5"
"Itum9_37bands_82",34.83956,34.84018,33.55283,32.25382,32.54746,33.81696,33.76666,30.68464,30.17922,28.19784,26.6024,23.86365,17.48009,87.1915,102.27708,97.62361,101.73344,106.67272,100.57104,105.17566,97.79896,94.71611,97.85055,93.19444,80.86618,73.91689,68.23499,59.52466,60.729,72.70249,89.13042,91.85509,89.9756,79.75511,70.22199,55.45455,40.70331,"Itum9"
"Itum5_37bands_83",32.89538,32.89565,36.6551,39.62751,42.63992,45.37861,47.42023,45.82014,44.40406,43.34231,38.83237,36.31038,48.17307,85.88591,94.32949,87.31735,86.30815,92.12427,88.76736,87.38218,81.46863,77.25247,75.8731,69.70855,62.24144,55.94914,49.76307,43.11592,42.33842,48.17008,61.14168,63.67622,64.08372,60.69636,59.22527,50.95812,43.5833,"Itum5"
"Itum4_37bands_83",16.221,16.22117,19.33776,21.26366,22.51564,23.9489,24.86821,24.82738,24.3847,24.58733,23.08463,22.81643,21.0657,53.11795,63.92258,62.54565,62.64063,64.46186,65.32342,66.24884,63.52591,65.54204,66.31756,61.97152,56.77077,54.37473,50.47456,46.23348,48.84716,53.32006,57.73337,56.67001,54.1112,50.81741,48.63648,44.91923,41.32579,"Itum4"
"Itum9_37bands_83",33.21652,33.21717,32.46002,31.32114,31.6478,32.80549,33.401,30.66986,30.8971,29.92385,29.41057,27.44094,12.02252,85.88833,100.79379,97.13786,101.08131,106.21425,100.25246,104.66136,97.00831,93.8334,96.47428,92.1615,80.10471,73.17733,67.45802,59.00195,60.67078,74.34435,92.49252,95.26226,93.35448,83.3692,74.24475,58.39664,42.03074,"Itum9"
"AutumRoyal_37bands_83",36.50165,36.50184,38.71816,39.52839,39.80749,40.86248,42.74679,41.26455,41.23247,41.15547,40.55258,37.49683,55.47047,85.72236,94.8253,88.44808,91.34883,96.45966,91.20016,91.96221,83.7021,79.88279,80.43046,69.94544,55.1268,46.03052,36.74627,26.08867,28.9915,38.29318,53.79795,55.26394,50.57384,40.83877,32.47992,23.03297,18.08489,"AutumRoyal"
"Itum5_37bands_84",33.80649,33.80707,37.93951,41.13942,44.16206,46.87378,49.25253,47.93481,46.69226,45.8489,41.46805,39.21812,49.04868,84.95329,92.34121,85.38246,84.47477,90.51732,87.45459,86.29951,80.49472,76.21409,74.83043,68.91714,61.29808,55.0034,48.82438,42.20617,41.45812,47.0021,59.99606,62.4655,62.84197,59.58519,58.21678,50.00362,42.74568,"Itum5"
"Crimson_37bands_84",20.49064,20.49064,20.65418,20.03645,20.64834,21.15405,23.40747,22.88614,25.45839,26.16176,26.72456,36.27681,16.46109,73.16752,88.20543,83.92601,85.81787,91.55805,86.29891,91.182,85.09554,81.38276,82.20826,80.81138,73.36477,68.57887,66.62874,62.00566,63.52832,73.19844,87.39519,89.70232,89.09436,82.6603,78.89779,67.8428,54.32791,"Crimson"
"Itum4_37bands_84",16.78231,16.78244,19.88205,21.79954,23.06776,24.50756,25.47689,25.45548,25.06262,25.30913,23.87455,23.63166,21.21086,53.70225,64.21495,62.6596,62.76419,64.78661,65.53516,66.73806,63.72133,65.67178,66.43875,62.11685,56.87847,54.45864,50.39531,46.22544,49.20387,53.55792,57.87805,56.91669,54.53942,51.30964,48.84805,45.14365,41.38233,"Itum4"
"Itum9_37bands_84",33.59926,33.59959,32.45589,31.26352,31.71352,32.98901,33.51371,30.43523,30.53105,29.12259,28.20736,26.53404,10.81389,82.97562,99.2604,95.70327,100.1471,105.89738,99.26891,104.41923,96.11403,93.48684,96.07052,92.13776,79.50074,72.78813,66.24729,57.62052,59.94246,75.60929,94.72024,97.142,94.90488,84.72102,74.77567,57.68473,40.0132,"Itum9"
"AutumRoyal_37bands_84",38.80002,38.80021,41.3057,42.2086,42.68047,43.89778,45.81082,43.90896,43.64035,43.28174,42.4281,40.19738,48.99034,77.34459,87.02458,83.23404,87.48224,93.38106,89.06371,89.95287,82.41166,79.29992,80.21774,70.11515,55.47272,46.60397,37.63784,27.21386,30.19847,39.45931,54.42687,55.64532,50.99597,41.69373,33.74943,24.34639,19.31598,"AutumRoyal"
"Crimson_37bands_85",32.77815,32.7785,36.43847,37.97305,39.70437,41.3166,46.55515,47.79064,50.18417,51.59829,49.14412,59.85698,26.99226,84.29971,94.70512,87.48881,88.85047,94.6404,89.11651,93.58822,87.84023,83.45408,84.71721,82.81759,75.25096,70.20809,68.0441,63.53735,64.91062,73.26643,85.66419,87.87989,87.10996,80.57081,76.30015,65.82937,53.70235,"Crimson"
"Itum9_37bands_85",29.41361,29.41472,27.8636,26.61264,27.06018,28.38402,28.41227,25.10648,24.53151,22.30963,20.16226,17.433,9.71109,77.03951,90.92417,89.19619,94.98808,102.08637,97.03917,102.22683,94.60133,92.49362,95.77528,91.4437,78.99844,72.5236,67.15652,59.01159,60.6079,74.13345,90.51647,92.7501,90.21502,80.12988,71.36006,55.4613,38.94211,"Itum9"
"Itum5_37bands_85",34.40534,34.40609,38.31707,41.73531,45.24608,48.15141,49.61637,47.62769,45.96051,44.69456,39.69758,36.91182,46.92686,85.25841,97.28254,90.47251,89.61905,95.449,92.22753,90.84241,84.76532,80.73571,79.6291,72.94608,65.33335,58.95911,52.57039,45.70798,44.62524,50.18914,63.78292,66.18699,66.23485,62.44764,60.38306,51.71425,43.73623,"Itum5"
"AutumRoyal_37bands_85",38.94176,38.94214,42.91806,45.45189,46.90562,48.66927,51.21629,49.28655,48.32983,47.94134,45.95846,42.59253,47.61538,81.14027,89.0624,85.30036,89.80589,96.09078,91.5079,92.31838,83.83679,80.86915,81.11827,71.24794,56.86678,47.66246,38.4043,28.84634,32.56751,41.94806,57.25518,58.41622,53.4235,44.27231,36.19794,25.90486,19.28603,"AutumRoyal"
"Itum4_37bands_85",15.14595,15.14612,18.11171,20.01127,21.52383,23.02717,23.64812,23.16942,22.53762,22.47125,20.69001,20.16938,13.7224,51.84652,64.8644,63.85771,63.95277,65.65792,65.99281,67.03764,63.69434,66.0898,67.28618,62.61989,57.43327,54.96723,51.03907,46.58562,49.73304,54.0951,58.51992,57.29657,54.77035,51.30932,48.75529,44.90869,40.96156,"Itum4"
"Itum4_37bands_86",16.7759,16.77603,20.20291,22.49989,24.17282,25.88268,26.77388,26.2904,25.48993,25.44469,23.49415,22.9532,13.20764,51.21604,64.93323,64.15012,64.32133,65.42709,65.95459,66.80038,63.82072,65.77219,66.92834,62.37012,57.28217,54.80198,51.06571,46.70378,49.47618,53.76054,58.23131,56.91315,54.37396,51.05052,48.59599,44.56674,40.6993,"Itum4"
"Itum9_37bands_86",30.28042,30.28121,28.92702,27.67003,28.1467,29.50813,29.45546,26.06697,25.3028,23.00259,20.52749,16.8543,8.87224,78.4286,92.43699,90.6238,96.83884,104.19288,99.26327,104.78211,97.48533,95.3029,98.97979,94.96354,82.69124,76.30538,70.80728,62.99615,65.43995,79.54887,95.77087,97.99303,95.1104,84.84982,75.49609,57.72116,39.90142,"Itum9"
"AutumRoyal_37bands_86",42.12878,42.12938,45.42441,47.41855,48.57648,50.20982,52.36735,50.35017,49.5433,49.0604,46.95072,42.70674,50.80313,84.86772,92.31871,87.4758,91.40447,97.33092,92.11717,92.76985,84.59002,80.9775,81.03983,70.93723,56.43046,47.12549,37.9104,28.22646,31.63171,40.9938,56.67075,57.96652,53.04189,43.69232,36.05179,26.12859,20.0063,"AutumRoyal"
"Crimson_37bands_86",35.27789,35.27802,39.26107,40.9984,42.91951,44.56323,50.07849,51.20965,53.5768,54.78388,51.83162,60.90141,29.52746,84.06802,94.39804,87.0938,88.4961,94.10773,88.59291,93.18813,87.55959,82.95594,84.17419,82.36086,74.94795,69.8278,67.66883,63.17979,64.79044,72.59637,84.64562,86.84928,85.98088,79.45896,75.05076,64.92071,53.53541,"Crimson"
"Itum5_37bands_86",33.41168,33.41238,36.79545,39.74093,43.00803,45.73312,47.14637,45.26522,43.71411,42.38774,37.68924,34.92333,45.77743,84.43196,97.08178,90.9184,89.76614,95.22793,91.50087,89.94138,83.78005,79.92341,78.4949,72.07096,64.4621,58.08941,51.74669,44.92189,43.99307,49.79863,63.0236,65.29327,65.30369,61.51823,59.30561,50.71607,43.01304,"Itum5"
"Crimson_37bands_87",25.19731,25.19722,26.6785,26.35226,26.78626,27.33923,31.09611,32.20758,36.18017,38.41137,39.82121,51.28816,26.75939,84.57471,94.68662,88.12968,89.60533,95.36431,90.11816,94.70189,88.97598,84.66546,85.67912,84.08022,76.69934,71.72385,69.50417,65.64966,67.54962,76.51609,89.01906,91.01223,90.22932,83.86581,80.10187,69.54609,57.45846,"Crimson"
"Itum4_37bands_87",15.22414,15.22414,18.27916,20.42987,21.97001,23.52126,24.03793,23.67214,22.84741,22.80447,20.81078,20.23839,9.22172,50.14252,66.54211,66.60656,66.80201,68.38429,68.69507,69.59006,65.95706,68.97556,69.74231,65.03033,59.54419,57.0845,53.13212,48.64992,51.78158,56.70564,60.77602,59.04653,55.95856,52.42573,49.51821,45.33421,41.15631,"Itum4"
"Itum9_37bands_87",31.0476,31.0487,29.45532,28.09036,28.38433,29.78126,29.77182,26.49743,25.67596,23.41181,20.55667,16.58165,17.1608,71.02707,80.37265,78.18977,84.70623,92.86962,89.41066,95.74319,89.93196,88.19681,92.7921,88.39358,76.94845,70.64773,65.92127,58.22179,59.60582,69.9465,83.76902,85.92083,83.57405,73.86258,65.18827,51.51216,38.41725,"Itum9"
"Itum5_37bands_87",36.89848,36.8991,40.68991,43.33249,45.78032,48.12414,50.81861,50.00545,49.235,48.52654,44.5845,42.34546,61.53048,89.85992,95.47727,86.98636,85.40413,91.11693,88.1419,86.95891,81.29668,76.9849,75.72745,69.67052,62.37628,55.89879,49.37893,42.84823,42.0719,48.00642,61.19219,63.69283,64.1685,60.75619,59.36078,51.60902,44.83831,"Itum5"
"AutumRoyal_37bands_87",20.71445,20.71545,19.76261,18.65522,18.72928,19.95064,19.64187,16.32046,15.2743,13.21149,10.85732,7.97468,46.92775,55.96147,46.5928,43.84897,51.80315,63.05002,63.02418,67.43653,63.46958,61.96242,66.50925,58.68474,45.86423,38.31407,31.04034,22.85508,26.24869,34.88898,47.98331,48.79895,45.00825,36.73209,30.60434,21.23524,16.04588,"AutumRoyal"
"Crimson_37bands_88",25.46885,25.46859,26.56838,26.09962,26.50305,26.79782,29.90433,30.37621,34.28731,36.47763,38.47535,50.0238,26.52553,84.33885,95.19397,88.83997,90.29411,96.24727,90.69785,95.23748,89.9478,85.10972,86.02516,84.71484,77.65417,72.48163,69.79216,65.42622,68.39707,77.1797,89.91663,92.02182,91.38469,85.51644,81.67792,70.75546,58.37476,"Crimson"
"Itum4_37bands_88",15.87921,15.87942,19.24687,21.57047,23.3018,25.04435,25.69756,25.32055,24.47668,24.41311,22.34802,21.79816,9.54118,50.3352,66.51439,66.56623,66.87968,68.34942,68.75491,69.61605,65.94655,69.06475,69.81962,65.13899,59.60361,57.12049,53.13979,48.76409,51.93893,56.59023,60.90084,59.35877,56.17505,52.5441,49.78966,45.5824,41.32114,"Itum4"
"Itum5_37bands_88",35.59118,35.59149,39.19606,41.60988,43.97829,46.27793,49.05539,48.36541,47.75125,47.04774,43.35768,41.24075,62.16458,90.11746,95.3155,87.09367,85.40971,91.00181,87.75474,86.55886,80.91999,76.5013,75.28796,69.23712,61.82322,55.39742,48.83599,42.41899,41.69391,47.55409,60.86,63.47854,63.95173,60.73021,59.29804,51.59012,45.02829,"Itum5"
"AutumRoyal_37bands_88",22.64522,22.64575,21.42417,20.24487,20.3595,21.42612,21.08638,17.67309,16.66073,14.53317,12.10981,9.03875,46.32581,57.99518,49.33989,47.13148,55.56724,67.03527,67.11816,71.5565,67.59206,66.29126,70.92092,62.83607,49.654,42.04133,34.5933,26.09521,29.49088,38.20535,50.80219,51.58609,47.72573,39.33015,32.78734,22.6457,16.95977,"AutumRoyal"
"Itum9_37bands_88",32.4475,32.44819,30.84761,29.36047,29.76444,31.10494,31.07029,27.63206,26.69537,24.3327,21.2341,16.67028,15.82433,74.69385,87.81813,85.29336,91.16933,98.29467,94.07639,99.81486,93.23922,91.58237,96.08327,91.40762,79.10285,72.64617,67.97691,59.64885,60.84297,71.94055,86.15873,88.13057,85.46346,74.70547,64.91985,50.37409,36.10782,"Itum9"
"Crimson_37bands_89",29.98356,29.98356,32.06164,32.05626,32.69021,33.23336,37.87268,39.19532,43.18549,45.38468,45.82064,57.56062,33.39428,84.67812,93.68265,86.5088,87.70185,93.18545,88.10324,92.94365,87.26042,82.6731,83.75322,82.40512,74.70709,69.67825,67.63999,63.07737,64.94249,73.19732,85.76687,88.18878,87.39699,81.09608,77.28895,67.1595,55.62888,"Crimson"
"Itum4_37bands_89",15.40715,15.40755,18.53508,21.0096,22.86272,24.47166,24.5655,23.77338,22.66995,22.36938,20.0675,19.26492,8.11352,51.42834,68.14316,68.33601,68.89637,70.79008,71.12887,72.66423,68.44153,71.25459,71.96435,67.18538,61.49204,58.82425,54.97387,50.37697,53.19396,57.83062,62.31021,60.87881,57.92952,54.09739,51.39722,46.8198,41.92013,"Itum4"
"Itum9_37bands_89",29.35028,29.3508,28.23986,27.18767,27.48602,28.76619,28.79114,25.69405,25.00894,23.30517,20.32517,17.17222,13.09151,67.58146,74.35912,72.77962,80.29251,89.70547,86.67349,93.44608,87.45797,85.2318,89.89469,85.632,73.76784,67.42562,62.55216,54.75942,56.59004,68.23986,83.70263,86.2148,84.42133,74.84674,66.63701,51.98744,37.77957,"Itum9"
"Itum5_37bands_89",35.40698,35.40737,39.1268,42.37418,45.61714,48.35093,50.05069,48.35145,46.81234,45.63119,40.86822,38.2051,46.95647,86.20846,97.52209,90.93008,89.83324,95.57771,92.572,90.94312,84.81291,81.1641,79.82656,73.15045,65.60624,59.41649,52.97884,46.16541,45.27791,51.1306,64.11682,66.32833,66.33644,62.3757,60.25522,51.79747,44.16375,"Itum5"
"AutumRoyal_37bands_89",20.51243,20.51355,19.31527,18.21629,18.4176,19.5374,19.19233,15.77882,14.81309,12.70439,10.43731,7.80486,48.53894,62.35581,55.75003,52.65434,60.03639,70.62395,69.98465,73.93189,69.41436,67.88864,72.08936,63.80241,50.41738,42.70157,35.45627,27.56668,30.72468,38.49803,50.28228,51.2165,47.12661,38.91722,32.73403,23.75438,18.40564,"AutumRoyal"
"Crimson_37bands_90",26.37224,26.37228,27.92687,27.73436,28.32527,28.94737,33.04505,34.23155,38.00205,39.99225,40.77366,51.77224,33.17718,84.143,94.01105,86.70156,87.72803,93.03249,87.73957,92.54256,86.9082,82.26885,83.54033,81.91827,74.30312,69.29291,66.94599,62.40178,63.98623,72.35579,85.39078,87.88427,87.28382,80.85521,76.59799,66.49465,54.79969,"Crimson"
"Itum4_37bands_90",15.30873,15.30898,18.38825,20.81803,22.62345,24.30517,24.30075,23.50277,22.34981,22.05505,19.75318,18.91131,7.25496,50.06204,67.50471,68.44342,68.86217,70.56547,70.76008,71.84204,67.7395,70.934,71.79476,66.98293,61.11688,58.63597,54.44057,50.24235,53.14019,58.03893,62.25376,60.67342,57.38345,53.59088,50.76112,46.30848,41.82708,"Itum4"
"Itum9_37bands_90",27.33911,27.34007,25.69995,24.23227,24.72942,26.04012,26.12751,22.81398,21.9554,19.61613,16.49571,12.31614,11.6472,63.53706,73.71498,72.54921,80.12133,89.21596,86.19092,93.02227,86.64113,85.37166,90.31406,86.32765,74.28476,68.1347,63.52097,55.67182,57.12197,69.53296,85.21831,87.43235,85.3966,75.34848,66.77439,51.65306,36.3082,"Itum9"
"Itum5_37bands_90",34.87599,34.87643,39.12906,42.75129,46.09139,49.04352,50.741,49.09069,47.51809,46.48108,41.65238,39.03525,50.97358,86.45611,95.89389,88.99662,88.01064,93.97982,90.72874,89.69014,83.68429,79.35237,78.21144,71.7781,64.17711,57.82456,51.53009,44.94149,44.08396,49.7672,62.79779,65.30384,65.61968,62.04725,60.3267,52.02229,44.60214,"Itum5"
"AutumRoyal_37bands_90",23.73102,23.73133,22.60061,21.4994,21.61302,22.66899,22.43279,19.03111,18.04644,15.94601,13.66873,10.54078,47.25168,57.19899,47.27284,44.59238,52.7184,64.28775,64.2067,68.94048,65.14796,63.88659,68.69985,60.87971,47.7872,40.22286,33.43993,26.24735,29.40616,36.66342,47.12535,48.06833,44.44228,36.93506,31.41971,22.86262,17.93397,"AutumRoyal"
"Crimson_37bands_91",22.6748,22.6749,23.25592,22.70835,23.42878,24.1179,27.31097,27.54073,30.60006,31.78043,31.96788,42.53031,17.25031,77.91607,91.40446,86.50328,88.39828,94.29941,89.27134,94.26696,88.47759,84.11619,84.67533,84.08902,76.41169,71.22485,69.63669,65.84627,68.54082,77.92421,91.44253,93.76568,92.9156,86.82762,83.82701,72.40275,58.95185,"Crimson"
"Itum4_37bands_91",14.51493,14.51513,17.56006,19.92501,21.8408,23.45164,23.56782,22.77422,21.66158,21.42024,19.17979,18.35601,7.17305,51.84779,69.39071,70.53024,71.21672,72.77052,72.87249,74.14417,69.9229,72.90827,73.61689,68.86274,63.05159,60.37515,56.42792,51.72296,54.86188,59.7009,64.05634,62.43421,59.10627,55.19755,52.26738,47.57257,42.70301,"Itum4"
"Itum9_37bands_91",36.24763,36.24805,35.92584,35.05814,35.36925,36.48332,37.76215,35.40977,36.41414,36.01659,36.31775,35.46386,16.95004,89.45413,103.53017,98.45286,102.16458,107.23602,101.38721,105.90023,98.15716,95.13338,98.91183,94.28161,81.80379,74.99995,70.08459,61.35661,61.89482,73.98421,91.04004,94.05334,92.61848,82.34331,73.22004,58.40751,42.7035,"Itum9"
"AutumRoyal_37bands_91",27.00633,27.00695,26.74179,25.83137,25.81371,26.84426,26.9882,24.34931,23.72794,22.18991,20.72285,17.77416,46.12608,67.89553,69.15079,67.45607,74.69791,83.96735,81.48515,83.88996,77.28406,75.41961,77.68339,67.41847,52.73455,44.11542,35.11095,24.61694,27.57587,36.81023,51.55869,52.49948,47.71204,37.87458,29.50733,19.00305,13.85026,"AutumRoyal"
"Itum5_37bands_91",31.44881,31.44931,34.6811,37.67929,41.00467,43.79127,45.03103,42.79847,41.06591,39.6142,34.74832,31.90483,43.96897,84.87539,97.94261,91.88318,90.97758,97.24103,93.80843,92.35641,86.08625,82.22916,80.79675,74.34725,66.55979,60.30042,54.02972,47.3738,46.68654,52.59617,65.70824,67.92897,67.91769,63.97472,61.82442,53.053,45.0482,"Itum5"
"Crimson_37bands_92",21.71277,21.7129,22.0342,21.48552,21.99317,22.76142,25.24857,25.18068,27.61485,28.49677,28.88043,36.00483,16.84632,77.29081,91.03007,86.29086,88.35155,94.3002,89.45341,94.38808,88.51847,84.3944,85.16455,84.42762,76.96491,72.00915,70.23091,66.47409,69.44156,79.17747,92.4233,94.5372,93.43766,87.64464,84.69339,73.19578,59.6768,"Crimson"
"Itum4_37bands_92",14.44086,14.44116,17.39759,19.76813,21.55179,23.20549,23.26008,22.67557,21.62432,21.38966,19.17862,18.44738,6.61214,49.97216,67.41378,68.35656,68.88665,71.18141,71.6903,73.33344,69.26287,72.5439,72.9293,68.23199,62.13763,59.72753,55.59018,51.09586,54.31629,59.0447,63.25891,61.76592,58.51502,54.54461,51.66939,47.10045,42.25073,"Itum4"
"Itum5_37bands_92",31.62214,31.62303,34.87989,37.89274,41.12166,43.96537,45.11191,43.05053,41.35447,39.99283,35.22006,32.48928,43.5322,84.96377,98.51904,92.74141,91.77024,97.4643,94.01891,92.47143,86.08149,82.42126,80.89752,74.32312,66.75035,60.37188,54.09801,47.42378,46.95186,52.91182,65.77586,67.95399,67.72476,63.81926,61.79176,52.79929,44.79074,"Itum5"
"Itum9_37bands_92",33.79037,33.79085,33.00219,31.97522,32.43059,33.59576,34.14792,31.24856,31.6497,30.49006,30.40172,29.46457,15.73967,90.04422,105.59976,100.65523,103.73729,108.02025,101.26857,105.42821,97.73734,94.69583,97.39204,93.43474,81.56288,74.77355,68.30641,59.67448,60.74653,73.77203,91.64527,94.36078,92.9106,83.37198,74.51885,59.52376,43.51056,"Itum9"
"Itum4_37bands_93",14.99914,14.99938,18.04072,20.32288,22.16798,23.86335,24.04924,23.21068,22.11454,21.75469,19.46583,18.62714,7.66457,49.85116,66.19837,67.11763,67.87854,69.82209,70.09589,71.43705,67.48213,70.17581,70.82802,66.42955,60.70998,58.31975,54.30142,49.85417,52.93153,57.60981,61.86372,60.41271,57.26062,53.74794,51.05348,46.47151,41.82238,"Itum4"
"Itum9_37bands_93",32.47159,32.47246,31.26253,29.8524,30.41841,31.72652,31.67949,28.12507,27.27915,24.91994,22.20836,17.63709,12.0643,69.60337,79.59231,78.25755,85.31976,94.85205,91.89197,98.5999,90.78254,89.64085,95.08579,90.67705,77.7161,71.26067,67.38638,58.26641,59.5619,75.22516,94.20489,96.13665,94.14453,83.48028,74.29526,57.20251,38.48688,"Itum9"
"Crimson_37bands_93",24.03609,24.03604,24.73165,24.05855,24.62417,24.95853,27.82012,28.0719,31.94702,33.64249,35.41984,48.58886,29.31636,83.84939,90.34154,84.2336,86.0928,92.4127,87.25026,91.67461,86.60428,81.22292,81.90904,80.90858,73.8464,68.35365,66.04934,61.89804,65.77832,75.30021,88.04962,90.13832,89.31627,83.91121,81.06237,70.74467,59.39503,"Crimson"
"Itum5_37bands_93",30.7669,30.7676,33.73972,36.24922,39.1004,41.70296,43.12492,41.1806,39.65881,38.33603,33.82718,31.10411,46.09743,84.88006,95.58018,89.10765,88.31776,94.53119,91.50763,90.16989,83.97343,80.29931,78.93037,72.51274,64.8937,58.59513,52.23401,45.66904,44.82958,50.53748,63.63893,65.95358,65.98431,62.08886,60.16041,51.5099,43.6429,"Itum5"
"AutumRoyal_37bands_93",23.19941,23.19997,22.29689,21.19171,21.22408,22.347,22.17322,18.99108,18.0202,16.05728,13.81484,10.65847,47.99321,67.37418,63.73685,61.47039,68.69443,78.52031,77.52697,80.24782,74.69938,73.22729,75.67003,66.75063,53.28547,45.21809,37.26329,29.11711,32.39305,40.97381,53.9774,54.84462,50.74463,42.90421,36.58949,27.49899,21.74072,"AutumRoyal"
"Crimson_37bands_94",21.7851,21.78505,22.29786,21.70003,22.13237,22.69867,24.86697,24.62691,27.54958,28.6997,30.35571,39.64293,30.4003,85.14961,92.58335,86.33243,88.12886,94.36882,89.06071,93.56686,88.39196,82.9696,83.62659,82.70753,75.77577,70.4819,67.79859,63.79723,67.4662,77.3076,90.55834,92.78313,91.65488,86.30999,83.89227,72.95115,60.65033,"Crimson"
"Itum9_37bands_94",27.24025,27.24082,25.35668,23.98442,24.42494,25.79844,25.90634,22.5858,21.87379,19.46045,16.48274,13.08743,13.5405,72.86636,79.7912,78.59074,85.79983,95.43208,92.16657,99.18421,91.79542,90.14797,94.42594,91.03825,78.54769,72.14524,66.68215,58.44095,61.15885,76.56821,94.6009,96.77399,94.50038,84.91626,76.76167,59.32523,41.17065,"Itum9"
"Itum5_37bands_94",32.2596,32.26021,35.4484,38.29482,41.44277,44.21149,45.59588,43.63615,41.96482,40.66504,35.94231,33.17737,44.38324,85.50653,97.76894,91.68874,90.77193,96.52552,93.20635,91.85477,85.64349,82.09717,80.44295,74.04889,66.42268,60.16168,53.70681,47.22512,46.83705,52.78446,65.63826,67.88221,67.59522,63.73425,61.55802,52.84351,45.05061,"Itum5"
"Itum4_37bands_94",14.86643,14.86668,17.87493,20.30455,22.14346,23.85434,24.1651,23.30404,22.22935,21.8934,19.56239,18.75831,5.44032,47.57266,65.28371,66.64621,67.21955,68.98504,69.32501,70.48808,66.61222,69.88198,70.18514,65.69469,60.2559,57.94885,54.09232,49.84559,52.9344,57.59663,61.54759,59.89572,56.80104,52.93939,50.00562,45.74512,41.28379,"Itum4"
"Crimson_37bands_95",21.15834,21.15839,21.35881,20.68832,21.17467,21.47061,23.19347,22.58586,25.61084,26.74643,28.68054,39.62335,28.06857,83.64678,91.29238,85.73524,87.59059,93.68646,88.3003,92.90545,87.59396,82.31104,83.01738,81.97179,74.86395,69.55383,66.9216,62.6881,66.10251,75.7957,88.97743,91.25348,90.48185,84.86728,82.04536,71.35167,59.15051,"Crimson"
"Itum5_37bands_95",34.07107,34.07138,38.06179,41.98929,45.94583,49.18054,50.56495,48.37066,46.32128,45.04494,39.672,36.92808,45.69687,82.9603,93.78227,87.7259,86.90639,92.87014,89.21181,87.89761,81.6785,77.20209,75.82426,69.63924,61.87064,55.31026,49.22593,42.49792,41.75261,47.42788,60.47471,62.94605,63.28409,59.44365,57.77838,49.35381,41.73491,"Itum5"
"AutumRoyal_37bands_95",22.19881,22.19981,20.90923,19.64561,19.77398,20.91214,20.55118,17.00382,15.94945,13.73518,11.03082,7.74542,45.34374,57.59998,49.51243,47.53411,55.91455,67.53241,67.09614,71.53035,67.14403,65.97023,70.09875,61.57548,48.12827,40.22175,32.38506,23.86611,27.01752,35.48296,48.04604,48.79437,44.76404,36.03258,29.55821,20.05447,14.43145,"AutumRoyal"
"Itum4_37bands_95",14.19242,14.19267,16.91436,19.2106,20.94114,22.51754,22.62392,21.89186,20.88984,20.58406,18.44108,17.67414,6.74312,50.38526,66.8121,67.96031,68.67908,70.25277,70.4064,71.30529,67.34511,70.35227,71.21246,66.43861,60.83082,58.45268,54.25774,49.99346,53.11386,57.76114,61.89902,60.28382,57.01925,53.22977,50.49068,46.01016,41.50101,"Itum4"
"Itum9_37bands_95",29.44572,29.44631,27.93218,26.47658,26.95877,28.22141,28.34133,25.05824,24.21777,22.02998,18.97641,14.31263,5.7087,61.74453,69.95139,70.10021,79.03548,90.1438,87.56824,95.42173,88.39387,88.1613,93.43584,90.27075,78.09997,72.15717,67.52332,59.8215,62.25444,77.21065,94.28751,96.25389,94.17113,84.32177,76.17555,57.72222,37.84007,"Itum9"
"Crimson_37bands_96",20.85161,20.85138,21.1228,20.54659,21.11294,21.35029,22.89058,22.14858,25.28984,26.6473,29.04555,41.74682,27.1614,82.88845,91.21787,85.62759,87.37015,93.22611,87.9545,92.81143,87.27406,82.27091,82.9938,82.16089,74.75931,69.6094,66.87341,62.99722,65.8224,75.32742,88.77061,91.10062,90.30794,84.76218,81.91113,71.30312,59.07466,"Crimson"
"Itum5_37bands_96",30.40797,30.40837,33.32132,35.894,38.9457,41.6737,42.95222,40.81127,39.23074,37.82876,33.29443,30.53077,43.46941,83.48995,96.17366,90.45354,89.60459,95.20284,91.32563,89.97188,83.55457,79.36583,77.83811,71.35107,63.71254,57.21853,50.91127,44.16511,43.51217,49.4583,62.44089,64.74088,64.7418,60.89832,58.82246,49.99661,42.07268,"Itum5"
"Itum9_37bands_96",28.78659,28.78761,27.14373,25.72227,26.20056,27.3643,27.60773,24.35344,23.5886,21.3768,18.36211,14.17113,5.23886,62.87237,72.50015,72.66271,81.23822,91.61673,88.72149,96.26109,89.52662,88.93743,93.95475,90.35082,78.53581,72.53104,66.92658,58.9166,62.20631,77.96326,96.06559,97.81734,95.05153,85.20373,76.4747,57.39067,37.08632,"Itum9"
"AutumRoyal_37bands_96",21.68553,21.68605,20.34251,19.09853,19.17384,20.34313,19.87553,16.54188,15.46601,13.29463,10.69271,7.60402,46.08203,59.41151,52.14232,50.13883,58.35394,69.72229,69.25495,73.52517,68.97062,67.66231,71.97539,63.32667,49.71024,41.82,33.90008,24.99277,28.15323,36.71045,49.52927,50.19579,46.16605,37.50051,30.59238,20.70973,14.48313,"AutumRoyal"
"Crimson_37bands_97",36.32254,36.32378,42.52131,47.52779,52.64636,56.35909,59.04977,57.12709,55.68487,54.79821,48.14319,57.38132,18.43197,76.43681,91.65258,86.06632,87.63004,93.11307,87.27077,92.08961,85.92694,81.42772,82.50849,81.06122,73.58777,68.39303,66.1628,61.59615,63.80287,72.61567,85.66384,87.89256,87.03234,80.77975,76.6457,65.80526,53.05745,"Crimson"
"Itum4_37bands_97",15.6714,15.6716,18.6788,20.75328,22.34593,23.95021,24.35375,23.57206,22.65374,22.32363,20.12009,19.35601,11.6801,52.07741,65.54389,64.21935,65.05729,67.51297,67.9074,69.75266,66.07013,68.00117,69.25132,64.74609,58.92338,56.18872,52.68114,47.99109,51.07314,55.45682,60.03477,58.95125,56.33363,52.75517,50.28266,45.86739,41.19834,"Itum4"
"Itum9_37bands_97",30.81324,30.81389,29.00812,27.57591,27.9953,29.29378,29.39017,25.94382,25.12694,22.75551,19.48598,15.13276,7.6534,64.18275,72.3836,72.32619,81.04134,91.96288,89.6965,97.48475,90.8447,90.40657,95.75541,92.13933,80.12582,74.18126,70.05997,62.59834,65.36603,80.92101,96.27968,97.79146,95.20641,85.32716,76.4368,58.07268,39.33234,"Itum9"
"Itum5_37bands_97",33.40888,33.40938,37.31459,40.48595,43.77349,46.64798,48.60793,46.84196,45.27381,44.15709,39.46452,36.99126,45.67241,85.19696,96.5773,89.88088,88.67979,94.13484,90.54735,89.00335,82.62764,78.69311,77.11686,70.88496,63.43149,57.05609,50.53448,43.9473,43.33675,49.56797,63.02787,65.46457,65.73357,62.1169,60.46742,52.03493,44.2391,"Itum5"
"AutumRoyal_37bands_97",22.72792,22.72851,21.47414,20.15986,20.23086,21.44818,21.17287,17.76742,16.62812,14.45113,11.73214,8.4371,46.06349,52.63062,42.04588,39.67684,48.43454,60.72159,61.1999,66.26968,62.50579,61.55397,66.75584,58.50388,45.29436,37.54274,30.16757,21.50613,24.54534,32.80289,45.17929,45.60221,41.19426,32.07733,25.19367,15.75093,10.41766,"AutumRoyal"
"Crimson_37bands_98",36.28251,36.28378,42.69315,47.96159,53.12321,56.95549,59.07391,56.98844,55.35673,54.13337,47.0268,56.97891,17.387,77.17173,92.53658,87.03423,88.75102,94.26968,88.26106,92.92842,86.99618,82.31063,83.22516,81.85429,74.57995,69.3558,66.7098,62.33515,65.07716,74.01674,86.93154,89.17111,88.15002,82.13104,78.07009,66.87942,54.03652,"Crimson"
"Itum4_37bands_98",15.17223,15.17236,18.3078,20.52755,22.11802,23.72115,24.12777,23.55935,22.62425,22.45418,20.30097,19.64303,9.99267,51.93968,66.73184,66.11802,66.85812,69.18889,69.27961,71.12421,67.23518,69.5638,70.4117,65.80623,60.03213,57.42192,53.50636,49.28563,52.17478,56.72446,61.18114,59.88923,56.97698,53.23743,50.48597,46.11984,41.61399,"Itum4"
"Itum5_37bands_98",32.56254,32.56304,36.15268,39.12662,42.28025,45.09333,46.92667,45.07496,43.42665,42.14182,37.46759,34.86365,47.90233,85.44845,95.72721,88.77335,87.53911,92.8846,88.83072,87.68337,81.5012,76.87265,75.46112,69.28595,61.85981,55.40724,49.10088,42.58159,41.99448,47.94933,61.30821,63.86967,64.3221,60.96449,59.62212,51.24366,43.62579,"Itum5"
"Itum9_37bands_98",28.84778,28.84871,27.40121,25.94047,26.38875,27.66716,27.67448,24.38305,23.56863,21.40964,18.50887,14.24482,10.18099,64.96058,72.53282,72.14286,80.21999,90.43142,87.77051,95.3648,89.18015,88.28248,93.37495,89.96859,77.92282,71.81998,66.58401,58.90189,61.94622,76.8494,92.93107,94.52698,92.04915,82.14101,73.53694,55.9092,38.14064,"Itum9"
"AutumRoyal_37bands_98",26.92449,26.92529,25.40193,24.04959,24.02587,25.10845,24.85279,21.40077,20.31819,18.18747,15.73471,12.07195,47.06468,57.4287,48.4808,45.64135,53.91291,65.62079,65.51805,70.33589,66.2315,64.90157,69.82015,61.85254,48.481,40.74809,32.98902,24.51289,28.11984,36.46365,49.00346,49.66381,45.22348,36.50812,29.93597,20.56669,14.78831,"AutumRoyal"
"Crimson_37bands_99",21.57881,21.57853,22.50725,22.08903,22.48081,22.86839,25.36825,25.56628,28.89912,30.99022,33.11098,44.36519,21.87799,78.19649,90.08502,84.05655,85.54154,90.59624,84.65288,89.09345,83.34234,78.51347,79.72556,78.11111,70.58169,65.17559,62.36672,57.30828,59.50518,68.61264,81.81144,83.83842,82.66838,76.39376,71.9385,60.89637,48.87267,"Crimson"
"Itum5_37bands_99",38.76011,38.76058,44.08945,47.55724,50.53213,53.37876,56.12317,55.26712,54.29877,53.57535,49.09831,46.57801,63.76183,91.73804,97.54378,88.95987,87.58511,93.60399,91.16175,90.21134,84.631,80.39046,79.64816,73.22131,65.40612,59.18188,53.14472,45.9499,44.32079,49.73718,63.0237,65.71736,65.95626,62.024,59.99923,52.17478,45.23796,"Itum5"
"AutumRoyal_37bands_99",22.57062,22.57123,21.21685,20.00402,20.08531,21.2336,20.88934,17.55146,16.46061,14.37787,11.84754,8.42072,46.2085,56.08697,47.18843,45.34703,54.05578,65.77757,65.71182,70.60634,66.4915,65.27943,69.96997,61.58129,47.97228,39.95664,32.21162,22.72762,25.99427,34.74643,47.12349,47.90704,43.66242,34.65156,27.70322,17.41579,11.61554,"AutumRoyal"
"Itum9_37bands_99",40.36946,40.36992,40.44034,39.72527,39.90536,40.95704,42.46332,40.58153,41.72674,41.68245,42.38824,40.27284,18.03027,93.12214,107.12426,101.29993,104.30957,109.14636,103.03668,107.3349,99.95607,96.40421,99.96525,95.26781,82.87763,75.99617,71.05062,62.35945,62.98814,73.87731,89.60479,92.24788,90.09205,79.94735,70.35631,55.92285,41.58541,"Itum9"
"Crimson_37bands_100",25.01,25.01,26.49376,26.25853,26.83029,27.57577,31.55172,32.41213,35.78053,37.67067,37.84553,49.37158,24.97132,83.01436,92.85421,86.38184,88.211,94.16159,88.31545,93.12623,87.14745,82.21152,83.25465,81.94216,74.1447,68.97726,66.95015,62.42776,64.80358,73.58468,86.57905,89.02667,88.40162,82.13859,78.40943,67.76801,55.58245,"Crimson"
"Itum4_37bands_100",15.01729,15.01746,18.08086,20.11286,21.65075,23.12315,23.63071,23.09653,22.294,22.13119,20.11724,19.52823,11.10969,51.09636,64.82361,64.40982,64.79832,66.73453,66.79561,68.0892,64.45244,66.5706,67.70737,63.18344,57.68604,55.07728,51.08832,46.8466,49.63217,54.2953,58.77919,57.7137,55.11669,51.59959,49.22785,44.94363,40.64138,"Itum4"
"Itum9_37bands_100",40.92366,40.92393,40.97458,40.18648,40.45008,41.59028,43.06905,40.97276,42.00802,41.79056,42.27025,39.90735,19.01631,95.70971,110.65806,104.7569,107.79657,112.16717,105.94589,110.11574,102.93454,99.56924,103.25244,98.36599,86.09729,79.36686,74.16904,65.54601,66.34117,77.88221,93.42935,96.01954,94.1627,83.60581,73.28797,57.97044,42.72634,"Itum9"
"Itum5_37bands_100",33.42211,33.42242,35.88782,37.50455,39.46809,41.39027,43.04533,41.90639,41.13894,40.06273,36.36792,33.64135,63.75214,90.37744,96.28287,87.72517,86.26508,92.35791,89.92966,89.12641,83.42542,79.14664,78.48784,72.11171,64.23803,57.95541,51.90535,44.77963,43.22406,48.63409,61.69425,64.34882,64.55361,60.75018,58.77202,50.87611,43.96655,"Itum5"
"AutumRoyal_37bands_100",23.31022,23.31095,22.02176,20.77332,20.83422,21.96008,21.60233,18.15587,17.07639,14.85452,12.26242,8.76487,46.77432,55.4964,45.92058,43.99671,52.85655,64.73857,64.97621,69.81163,65.98022,64.92308,70.03293,61.56742,48.0741,40.14522,32.5298,23.4032,26.30823,35.03715,47.52275,48.19067,44.06257,35.32483,28.38551,18.2846,12.57279,"AutumRoyal"
"Crimson_37bands_101",15.99611,15.9962,15.39501,14.68335,15.1617,15.7561,16.18138,14.46324,15.31932,14.79953,15.36172,21.22522,22.07402,68.56214,78.76243,75.62684,78.9658,85.40963,81.39194,86.82885,81.71113,77.63996,79.33633,77.81012,70.51464,65.48989,63.01751,58.70782,60.79482,70.61082,84.1564,86.48224,86.18948,80.50482,77.35393,66.65552,53.97335,"Crimson"
"Itum4_37bands_101",15.62199,15.62224,18.89985,21.26701,22.98709,24.73046,25.17363,24.53054,23.6014,23.34413,21.13365,20.44467,9.05726,50.28485,65.56743,65.51282,66.17869,68.09316,68.33177,69.82178,65.88273,68.58497,69.88912,65.00699,59.44381,56.90015,53.05057,48.55366,51.67908,56.22291,60.44064,59.19954,56.22943,52.5519,50.00064,45.7583,41.26456,"Itum4"
"Itum9_37bands_101",31.97399,31.97525,30.09242,28.51177,28.95045,30.37737,30.26833,26.53741,25.58373,22.96815,19.51648,15.06622,7.34944,55.44069,62.09017,61.69314,70.7044,81.76749,79.65849,87.76361,81.77487,80.68362,86.50939,83.27776,71.30008,64.98328,59.97002,51.84935,54.16662,68.52909,85.74675,88.06365,86.49421,76.73998,69.08588,52.37821,34.65424,"Itum9"
"Itum5_37bands_101",32.83997,32.84036,35.79546,38.42192,41.08729,43.48248,44.8967,43.13338,41.70522,40.521,36.18629,33.59018,47.70249,86.37346,94.97696,88.0172,87.13985,93.38929,89.79889,88.62219,82.61124,78.25749,76.98324,70.91367,63.46027,56.99635,50.82079,44.14658,43.47957,49.27996,62.48001,65.0212,65.27398,61.84608,60.32486,51.78873,44.19983,"Itum5"
"AutumRoyal_37bands_101",28.93595,28.93636,29.07413,28.39283,28.34354,29.23541,29.97311,27.47911,27.34899,26.40278,25.89256,23.50174,50.48071,74.80317,79.39146,75.7925,81.26065,88.54618,84.80148,86.52506,79.37716,76.396,77.88175,68.01063,53.27866,44.305,35.71291,25.48731,28.70031,37.48717,51.93654,53.12178,48.23385,38.61899,30.98818,22.3466,17.99249,"AutumRoyal"
"Crimson_37bands_102",11,11,10,11,9,10,10,11,10,7,6,4,23.85744,72.50029,81.75294,77.99588,81.0548,87.59096,83.1902,88.58242,83.77862,79.11384,80.79723,79.37611,72.19338,67.09618,64.2076,60.02899,62.61176,72.25703,85.83489,88.16618,87.82326,82.26696,79.15075,68.19065,55.49864,"Crimson"
"Itum9_37bands_102",31.29537,31.29682,29.52332,27.98048,28.39207,29.78442,29.74221,26.13078,25.22454,22.72167,19.33936,14.79656,7.71406,57.81057,63.54335,63.58883,72.85007,83.97245,82.22608,90.2872,84.21553,83.16482,89.12173,86.18397,74.18261,68.04576,62.97175,55.37802,57.8194,72.67204,89.99939,92.13643,90.60849,80.9626,73.01592,55.61769,36.78102,"Itum9"
"Itum5_37bands_102",33.14941,33.15015,36.10539,38.73455,41.43836,43.85809,45.36295,43.57326,42.21508,41.00329,36.732,34.12183,49.90333,86.33284,94.53376,87.92512,86.98615,92.92052,89.38702,88.11267,82.3566,77.94511,76.50688,70.621,63.16979,56.73525,50.47773,44.16778,43.60855,49.51346,62.35638,64.91114,65.35107,62.17821,60.80548,52.45484,44.97769,"Itum5"
"AutumRoyal_37bands_102",22.32826,22.32865,21.85039,20.86135,20.91344,22.03319,22.00211,19.07432,18.25546,16.58631,14.87026,12.03765,48.45031,69.07975,71.24513,68.37447,74.78405,83.23754,80.05699,82.54666,75.64173,72.78689,75.29066,65.36248,50.5282,41.57623,32.91589,22.87203,25.5281,33.86625,48.36977,49.83075,45.50886,35.97547,28.39151,19.73568,15.24033,"AutumRoyal"
"Itum4_37bands_102",15.41077,15.41094,18.64784,20.95458,22.64882,24.32307,24.80125,24.21427,23.30504,23.1179,20.93637,20.28802,8.67417,49.15524,65.00298,65.65375,66.13631,67.49979,67.38848,68.51216,64.70436,67.54921,68.16251,63.75591,58.48018,56.08842,52.07022,47.68454,50.79827,55.4772,59.57856,58.14167,55.13465,51.58294,48.86105,44.62551,40.34289,"Itum4"
"Crimson_37bands_197",26.47424,26.47368,29.42798,30.2355,30.48146,30.9218,34.98543,35.61771,38.16871,40.20282,43.10284,45.12134,55.06977,81.8526,90.39561,83.64662,82.6321,84.47765,81.77116,82.08935,78.63807,77.58624,76.821,70.97899,64.74946,60.44666,55.01133,48.93927,47.94285,53.57111,66.63322,67.64394,66.50147,61.60703,57.49831,50.48478,42.76537,"Crimson"
"Crimson_37bands_198",23.02214,23.02099,25.766,26.52066,26.81067,27.08657,30.17103,30.38809,32.71259,34.73213,38.48997,41.0871,56.4613,82.67515,90.65799,84.10037,82.86981,84.62981,82.01963,82.35299,78.80851,77.93447,76.89508,70.9267,64.94033,60.47294,55.12538,49.14373,48.11189,53.93742,66.88745,67.75471,66.54448,61.54717,57.42756,50.5551,42.88732,"Crimson"
"Crimson_37bands_199",31.92888,31.92845,37.42982,39.87787,41.08144,42.77082,49.32772,50.9122,52.41818,54.22785,53.09695,52.96008,40.85703,80.13094,95.5471,89.38062,87.85333,88.82759,85.20739,85.27838,81.17585,80.53326,79.33266,73.10559,66.65122,62.27112,57.14912,50.31491,48.96588,55.0844,67.90211,68.71332,67.19476,61.68079,57.00692,49.29798,40.4376,"Crimson"
"Crimson_37bands_200",35.38167,35.38146,41.05122,43.6524,44.97847,46.63083,52.87067,54.31516,55.45794,56.9456,55.55809,55.00524,39.68377,79.54052,94.1338,88.23477,86.9377,87.98238,84.75415,85.07932,80.95897,80.20027,79.16439,72.86612,66.55195,62.21002,57.113,50.23133,49.14742,55.01959,67.31017,68.21058,66.74908,61.43955,56.99588,49.09148,40.15064,"Crimson"
"Crimson_37bands_201",26.94354,26.94292,31.11189,32.77191,33.56891,34.66963,40.50787,41.92295,43.99186,45.93478,46.46312,47.14748,37.20064,78.34322,94.15869,88.72079,87.62239,88.7252,85.23717,85.23917,81.1013,80.66719,79.72902,73.50049,67.13382,62.76635,57.40408,50.76577,49.94101,55.53612,68.50383,69.26417,67.61825,62.20024,57.52723,49.62888,40.76537,"Crimson"
"Crimson_37bands_202",20.70241,20.70174,24.07049,25.12091,25.64791,26.57122,31.06916,31.93337,34.20305,36.23007,38.08072,39.60556,37.02335,76.79097,91.19388,85.41124,84.54605,86.13079,82.44172,82.80829,78.76062,77.9024,77.17771,71.02003,64.58801,60.17217,55.01068,48.39542,47.33025,52.75792,65.56068,66.66803,65.4753,60.02517,55.53219,47.88024,39.11998,"Crimson"
"Crimson_37bands_203",23.70261,23.70151,26.941,27.90565,28.17129,28.7577,32.57865,33.46048,35.84836,37.93653,41.03926,43.1969,47.32963,82.76125,95.65861,88.90841,87.59751,88.97377,85.58663,85.881,82.10891,81.31165,80.58588,74.39275,67.90679,63.55571,58.27248,51.61466,50.30941,56.05693,68.85165,69.73445,68.10115,62.67888,58.11321,50.59803,42.11826,"Crimson"
"Crimson_37bands_204",23.21107,23.21046,26.58009,27.63468,28.00885,28.44402,32.62321,33.72271,36.4591,38.72737,42.14275,44.57002,48.83515,83.38411,95.59165,88.85499,87.56435,88.85669,85.52171,85.89798,82.11672,81.16677,80.39619,74.06723,67.69934,63.27681,57.98919,51.30371,50.11192,55.82277,68.52472,69.5031,68.13538,62.62718,58.05031,50.38786,41.69118,"Crimson"
"Crimson_37bands_205",20.64189,20.64135,23.08705,23.83925,24.27859,24.68355,27.17389,26.88233,28.56689,29.63105,32.82364,35.24316,49.9032,77.29896,85.6165,79.63528,79.20572,81.41349,78.62315,79.62687,76.14996,74.99021,74.67874,69.07935,62.77424,58.35322,53.22931,46.95988,45.76048,51.21133,64.25061,65.50799,64.52117,59.83326,56.04129,49.14787,41.19602,"Crimson"
"AutumRoyal_37bands_205",21.64723,21.64788,20.22022,19.39264,19.6548,20.69403,20.24401,17.69916,17.02878,15.36977,13.0786,9.65287,27.9274,45.42628,39.98002,37.52294,42.06783,51.13067,54.00486,57.41207,58.08635,59.27041,62.54595,58.92199,54.90747,52.5767,50.71516,47.76465,47.3255,51.2221,57.70484,57.41198,55.82547,52.57363,50.29804,43.36326,37.23493,"AutumRoyal"
"Itum5_37bands_205",35.43445,35.4347,45.39567,51.91589,55.17154,57.91231,62.43374,62.87867,61.51458,62.01969,58.91322,57.58877,3.30904,34.91398,55.38842,56.25329,53.30924,50.05988,49.84412,47.75195,45.08139,49.03944,45.62025,42.81214,41.56061,41.74299,39.37149,38.74888,39.97482,43.7379,46.80312,44.42921,40.31962,37.78826,34.78167,32.48184,30.50849,"Itum5"
"Itum5_37bands_206",35.06078,35.06088,44.01588,49.77507,52.71007,55.25698,59.28666,59.4972,58.06217,58.26696,55.21739,53.85526,3.2227,34.1172,54.81794,55.98616,52.77294,49.08996,48.62819,46.50261,43.948,47.68347,44.3332,41.69608,40.54136,40.78053,38.55749,38.07686,39.19223,43.07304,45.94725,43.60954,39.48305,36.86444,33.86702,31.62174,29.66352,"Itum5"
"Crimson_37bands_206",18.85748,18.85718,20.86905,21.43268,21.83507,22.32887,24.24585,23.82315,25.07098,25.70601,28.27037,30.17848,49.59533,76.83924,85.05709,79.44339,79.11955,81.53717,79.00589,79.82569,76.47965,75.4076,74.97406,69.21591,63.12798,58.81373,53.73793,47.63056,46.81691,52.35266,65.17095,66.22464,65.07348,60.508,56.75548,49.62544,41.67517,"Crimson"
"AutumRoyal_37bands_206",24.15392,24.15424,22.54015,21.66478,21.93154,22.93986,22.47905,19.6491,18.99954,17.24089,14.87619,11.1212,28.71784,46.37859,41.25739,38.82601,43.36895,52.38687,55.31786,58.5136,59.13587,60.30277,63.35113,59.68703,55.74585,53.31475,51.37018,48.37142,47.96467,51.74041,58.39198,58.01266,56.29944,53.14766,50.79411,43.66583,37.36452,"AutumRoyal"
"Crimson_37bands_207",29.67042,29.6702,33.63474,35.10774,35.83054,36.84258,42.30171,43.62859,45.51313,47.07795,47.2594,47.38354,44.04641,81.77794,94.90404,88.5092,87.20335,88.32156,84.80598,85.10918,81.14769,80.22581,79.65759,73.28762,66.95237,62.51514,57.1934,50.51226,49.30908,54.94761,67.74195,68.66536,67.06783,61.40958,56.52661,48.90622,40.31083,"Crimson"
"Itum5_37bands_207",40.35155,40.35155,49.86683,56.26348,59.07141,61.90677,66.4413,67.17821,65.73428,66.31553,63.42542,56.67443,7.47091,37.83245,58.80586,59.2241,55.86543,52.35906,51.73018,50.31071,47.65883,51.2904,48.21333,45.55595,43.86879,44.1744,42.09261,41.48959,42.59309,46.01436,47.99209,45.36383,40.78174,37.79077,34.15118,31.51955,29.59303,"Itum5"
"AutumRoyal_37bands_207",30.24683,30.24678,30.06491,29.94205,30.31977,31.28798,32.29384,30.55479,30.60554,30.05961,29.28392,26.63354,28.98215,62.18505,72.29061,69.05615,70.04678,74.94136,75.5726,76.04678,74.28554,75.04203,75.31705,70.04881,65.06773,61.8872,58.42016,54.09439,53.50021,57.95248,65.97799,65.54487,62.8705,58.59465,55.08618,47.56664,40.87562,"AutumRoyal"
"Crimson_37bands_208",27.14379,27.14327,31.55994,33.2586,33.9054,34.85734,40.05893,41.50585,44.06199,46.48516,48.29802,49.74908,45.62729,82.3941,95.93033,89.10516,87.58106,88.74053,84.99088,85.3824,81.44845,80.45163,79.7043,73.54195,67.05134,62.56854,57.24611,50.59486,49.24433,54.73014,67.67217,68.65431,67.16907,61.58626,56.85568,49.14759,40.40501,"Crimson"
"AutumRoyal_37bands_208",33.21453,33.21467,33.5254,33.78459,34.25113,35.34576,36.84092,35.19429,35.3046,35.03144,34.17433,31.72499,30.73334,63.40739,72.95732,69.21305,70.08684,75.15359,76.05001,76.3837,74.5927,75.23426,75.62934,70.39274,65.44847,62.36499,58.79372,54.45183,53.92763,58.07656,66.09666,65.61155,62.93694,58.64981,55.11298,47.5933,41.0277,"AutumRoyal"
"Itum5_37bands_208",42.32652,42.32641,52.3653,58.94688,61.76706,64.53123,69.48566,70.49522,69.03028,69.8478,67.03856,59.39859,7.27517,38.18615,59.26623,59.4546,56.0624,52.65887,51.6806,50.20016,47.6961,51.0694,48.01206,45.36575,43.68087,43.89136,41.83835,41.12914,42.24872,45.74372,47.73227,45.14353,40.69176,37.67687,34.08357,31.45321,29.33263,"Itum5"
"AutumRoyal_37bands_209",17.88002,17.88068,16.2953,15.34899,15.67845,16.79137,16.29243,13.65802,12.97304,11.26208,8.6775,5.78718,27.82892,45.39698,37.65247,35.33515,41.05698,51.57724,55.83649,59.38827,60.8451,62.8668,66.39383,62.73213,59.41575,57.45057,55.79518,53.08436,53.14417,57.19517,63.06634,62.25747,60.1763,56.93356,54.42163,46.86807,40.34917,"AutumRoyal"
"Itum5_37bands_209",39.00184,39.00209,48.06277,54.00747,56.81364,59.36042,63.30348,63.48301,61.88707,62.02954,59.06815,55.61811,4.70833,35.67276,56.71097,57.57069,54.29137,50.59116,50.08743,48.0549,45.42194,49.07472,45.76093,43.10785,41.87347,42.11124,39.91098,39.41651,40.61776,44.38034,47.05584,44.73403,40.56591,37.65961,34.5689,32.09485,30.05709,"Itum5"
"Crimson_37bands_209",20.07725,20.07678,22.22561,22.69705,23.19743,23.71116,25.99476,25.54511,27.03871,27.75686,29.98764,31.6134,48.32781,78.88749,89.37815,83.64133,82.84511,84.73133,81.88216,82.41273,78.80568,77.99919,77.51121,71.51872,65.44415,61.18929,55.95443,49.45843,48.54148,54.06429,66.80653,67.97655,66.51893,61.50166,57.25708,50.18558,42.14201,"Crimson"
"Crimson_37bands_210",21.50202,21.50142,23.97274,24.58273,24.91992,25.37572,28.25439,28.2879,30.11235,31.31167,33.66081,35.20608,48.56887,79.84168,90.11444,84.06698,83.33587,85.26813,82.24601,82.88803,79.34629,78.44529,77.89368,72.00829,65.85329,61.42424,56.23619,49.74204,48.60009,54.07523,66.88063,68.07787,66.68127,61.63674,57.22356,50.22883,42.28467,"Crimson"
"AutumRoyal_37bands_210",23.45293,23.45349,21.64852,20.65176,20.94865,22.01852,21.57892,18.73469,17.95675,16.23364,13.77765,10.3081,27.25147,45.81099,39.20767,37.09145,42.44784,52.53081,56.42024,60.0751,61.29537,63.32611,66.71667,63.07765,59.35398,57.29976,55.61235,52.94578,52.99722,57.35801,63.37477,62.60675,60.43395,56.93786,54.42057,46.8491,40.20336,"AutumRoyal"
"Itum5_37bands_210",36.22918,36.22933,45.61503,51.63973,54.4889,57.11562,61.22324,61.38492,59.90647,60.20601,57.30631,54.70979,3.77936,35.29124,56.43956,57.60374,54.24386,50.53928,49.98193,48.0301,45.29222,49.00815,45.66315,42.97314,41.69992,41.93833,39.73812,39.02887,40.4293,44.17964,46.90097,44.50678,40.32369,37.52263,34.2474,31.80759,29.72678,"Itum5"
"Crimson_37bands_211",15.726,15.72586,16.80056,16.90801,17.46005,18.12461,18.89969,17.37804,17.76781,17.28504,18.79045,20.04913,50.06992,75.03573,81.98389,76.8253,76.70384,79.02745,76.40019,77.25268,73.8616,72.659,72.2483,66.64648,60.49516,56.15027,50.88134,44.60384,43.63129,49.0197,61.56268,62.76711,62.03415,57.43272,53.72013,47.40295,40.16897,"Crimson"
"AutumRoyal_37bands_211",28.65486,28.65509,28.18111,27.96223,28.42699,29.44187,30.25744,28.12814,28.10861,27.23174,26.13897,24.0269,28.67692,59.55638,66.62994,63.69848,65.32658,70.779,71.78153,72.2865,70.84394,70.93777,71.61529,66.85537,62.36449,59.27775,55.8965,51.99332,51.70553,55.92925,63.72883,63.55412,61.4409,57.683,54.98485,47.76614,41.2784,"AutumRoyal"
"Itum5_37bands_211",36.13623,36.13601,44.93869,50.85783,53.46884,56.1616,60.47864,61.13321,59.8169,60.38334,57.75245,52.35875,8.83834,40.16037,59.95968,59.88006,56.70609,53.61773,53.00728,51.53463,49.01013,52.43558,49.2933,46.38933,44.972,45.02861,42.93953,42.18484,43.26827,46.79064,49.25981,46.87334,42.50714,39.51918,36.14183,33.54398,31.51425,"Itum5"
"Crimson_37bands_212",16.16653,16.16631,17.13057,17.10357,17.55456,18.18173,18.9653,17.64254,18.15446,17.74688,19.13327,20.11672,52.63906,77.68045,84.23166,78.36645,78.28143,80.74636,77.94629,78.73051,75.55365,73.92957,73.61275,67.8884,61.75322,57.31591,52.2516,45.89526,44.8828,50.40488,63.23136,64.63351,63.97603,59.32116,55.84641,49.22676,41.55178,"Crimson"
"Itum5_37bands_212",38.58042,38.57986,48.02968,54.33711,56.98616,59.7114,64.50606,65.41414,63.94865,64.70807,61.99817,55.63499,6.77454,37.90275,58.70285,59.13638,55.85595,52.37651,51.90975,50.05068,47.52912,51.1969,47.84867,45.26025,43.83206,44.13666,42.05852,41.41475,42.51773,46.18273,48.40102,45.85328,41.4073,38.49233,34.96193,32.45487,30.55302,"Itum5"
"AutumRoyal_37bands_212",34.40421,34.40421,34.77717,35.28377,35.89414,36.95616,38.20302,36.41039,36.49934,36.14788,35.02951,32.13495,30.0809,61.5037,69.20957,65.74808,66.86509,71.9888,72.91845,73.10212,71.52244,71.57612,72.13613,67.48562,63.12793,60.10076,56.62427,52.5045,52.17304,56.66512,64.50164,64.22503,61.92627,58.33586,55.49054,48.26677,42.0379,"AutumRoyal"
"Crimson_37bands_213",33.0601,33.05958,37.16229,38.5396,39.00244,39.76614,44.93453,46.02839,48.27813,50.56743,52.52918,53.82162,50.54937,82.03991,92.99887,86.38944,85.14812,86.6865,83.41975,83.72252,79.93558,78.87753,78.02735,72.00331,65.96568,61.52617,56.45499,50.04689,49.43776,55.39341,68.63036,69.73722,68.56429,63.82593,59.81612,52.7753,44.69256,"Crimson"
"AutumRoyal_37bands_213",36.11073,36.11073,37.47397,38.55688,39.50682,40.68973,42.73173,41.16442,41.3385,41.25051,40.10965,37.72887,32.41951,65.35626,74.66476,70.24616,70.68565,75.64075,76.43052,76.4809,74.75375,74.98555,75.34969,70.28023,65.45739,62.29514,58.6794,54.2743,53.80155,57.99307,65.99198,65.70595,63.17475,59.09112,55.90454,48.52585,42.01572,"AutumRoyal"
"Itum5_37bands_213",40.7936,40.79325,49.96802,55.88495,58.13508,60.35997,64.94334,65.79473,64.40309,65.02861,62.90268,56.09845,8.40329,38.53791,57.19914,57.61331,54.26086,51.03484,50.6996,48.88495,46.49688,49.90293,46.72213,43.97773,42.64397,42.93415,40.78477,40.07505,41.20456,45.00858,47.46357,45.07413,40.94436,37.99167,34.71426,32.43287,30.70451,"Itum5"
"AutumRoyal_37bands_214",44.44843,44.44871,47.55143,49.8849,51.32527,52.98471,55.57168,54.40325,54.08878,54.18409,51.78964,48.1169,32.20744,66.00528,76.53772,72.04722,71.97516,76.33894,76.64026,76.61523,74.64285,74.95329,75.10541,69.90015,65.03614,61.73209,58.05792,53.68654,53.03721,57.53128,65.45598,65.20916,62.64188,58.44407,55.15809,47.89213,41.60486,"AutumRoyal"
"Crimson_37bands_214",29.22617,29.22548,32.81706,33.86063,34.13616,34.54,39.08766,39.93057,42.73676,45.28156,48.41805,50.29149,51.75388,82.11411,92.2391,85.45675,84.34486,85.93764,82.70582,83.27651,79.64414,78.10825,77.32256,71.57471,65.25001,60.80585,55.62749,49.28374,48.55644,54.21003,67.7324,68.66152,67.46107,62.60553,58.64131,51.63969,43.62552,"Crimson"
"Itum5_37bands_214",41.20349,41.20334,50.75444,56.99867,59.45561,61.80204,66.36575,67.05518,65.68011,66.07009,63.49249,57.62365,9.79717,37.27245,54.5573,54.80209,52.12255,49.68006,49.92151,48.19263,45.79784,49.5425,46.4076,43.44377,41.92249,41.97787,39.70644,38.75101,39.90322,43.32174,46.13028,43.87479,40.06921,37.50218,34.3409,32.06681,30.34515,"Itum5"
"AutumRoyal_37bands_215",21.18527,21.18559,19.18981,18.07776,18.44012,19.5401,19.02442,16.01772,15.20473,13.2896,10.49484,7.43388,30.28432,45.38536,37.07023,33.59018,38.1025,48.20909,51.89644,55.25986,56.55488,57.4543,61.14235,58.22029,54.79362,52.68185,50.98577,48.16498,47.96039,51.84788,58.10833,57.95492,56.75382,54.1059,52.40734,45.75754,39.81492,"AutumRoyal"
"Itum5_37bands_215",31.44429,31.44439,40.54555,47.10476,50.77664,53.87556,57.22978,56.9226,55.01467,55.05291,51.28176,48.31855,2.24309,32.5612,55.48768,56.5093,53.71775,50.6161,50.13717,48.48263,45.72363,49.44381,46.45936,43.5251,41.9534,41.97731,39.87377,39.00748,40.1327,43.66202,46.26014,43.98363,39.98022,37.08945,33.65089,30.9121,28.56771,"Itum5"
"Crimson_37bands_215",18.58017,18.57928,21.46595,22.23931,22.50173,23.03679,25.4234,25.65362,27.26802,28.59442,31.79427,33.98733,43.67173,79.26335,91.82565,85.68318,84.99383,86.75537,83.55962,84.23797,80.43144,79.67607,79.1525,73.25628,66.89866,62.56003,57.5256,50.74477,49.50595,54.95408,67.88623,68.7924,67.52191,62.03163,57.62215,49.99448,41.32941,"Crimson"
"Crimson_37bands_216",23.97162,23.971,27.81049,29.10347,29.61082,30.56501,35.22941,36.38092,38.57947,40.61008,42.28567,43.58707,42.36357,78.71937,90.94787,85.16791,84.7026,86.84461,83.8969,84.50128,80.80971,80.14775,79.51301,73.7083,67.48418,63.08757,58.10215,51.48521,50.68769,56.21644,68.5881,69.52053,67.9204,62.49546,57.88711,50.16406,41.53775,"Crimson"
"Itum5_37bands_216",33.42249,33.42268,43.81342,51.19908,55.34678,58.65737,62.46073,62.26082,60.11962,60.35421,56.25515,53.3461,2.45682,32.17657,55.12518,56.31538,53.60281,50.74949,50.152,48.4664,45.66367,49.47954,46.3609,43.36212,41.83052,41.865,39.61629,38.73088,40.01089,43.3902,46.08098,43.9556,40.00083,37.09177,33.93455,31.31997,29.04767,"Itum5"
"AutumRoyal_37bands_216",23.55465,23.55488,21.66371,20.58032,20.97735,22.10762,21.59027,18.61138,17.82848,15.93308,13.34587,10.09529,29.86936,42.05367,30.29937,26.89313,32.35141,43.4408,47.39052,51.5,53.51572,54.7071,59.20821,56.47851,53.46461,51.64078,50.3143,47.94973,48.17426,51.99465,57.6332,57.34146,55.83978,53.32146,51.72863,44.85355,38.84485,"AutumRoyal"
"AutumRoyal_37bands_217",28.05817,28.0584,27.71126,27.3777,27.85938,29.04842,29.48231,27.26001,26.86954,25.76876,24.1853,21.33837,29.87148,56.45008,59.85255,57.1341,60.05952,67.01762,68.98831,70.78521,70.14543,71.44869,73.0846,68.00328,63.24455,60.33248,57.41268,53.35846,52.61951,56.54619,63.71571,63.28051,60.74021,56.51693,53.17388,45.57424,38.90119,"AutumRoyal"
"Itum5_37bands_217",40.67557,40.67503,50.34829,56.52238,59.15137,61.65142,66.35565,67.22666,65.95244,66.67856,64.19623,58.46064,6.39914,35.26097,55.05129,55.65407,53.03593,50.53446,50.91798,49.0533,46.54781,50.77074,47.53858,44.36124,42.8313,42.93673,40.53367,39.72632,40.76112,44.20016,46.76249,44.34313,40.09851,37.21719,33.72058,31.30294,29.49205,"Itum5"
"Crimson_37bands_217",19.3038,19.3035,20.76769,20.98968,21.47438,22.03862,23.38382,22.06369,22.97928,23.00984,25.13623,26.55166,48.3779,77.75576,85.61809,80.49554,80.30872,82.60616,79.72872,80.50616,76.63899,75.46132,74.81061,69.13527,62.91541,58.47303,53.0569,47.02586,46.11746,51.8242,64.80025,66.07663,65.3648,60.67191,57.11424,50.35692,42.51395,"Crimson"
"AutumRoyal_37bands_218",26.06561,26.06614,25.38428,24.82502,25.23898,26.39069,26.69185,24.61604,24.08334,22.89268,21.22793,18.32393,30.00998,57.55493,61.71587,58.74587,61.2704,67.83634,69.3878,71.07871,70.34225,71.55493,73.01787,67.92985,62.89468,59.97905,57.00107,52.90034,52.04225,56.04617,63.31626,62.91871,60.55391,56.32678,53.00838,45.39778,38.69795,"AutumRoyal"
"Itum5_37bands_218",40.61413,40.61388,50.90156,57.34621,60.14261,63.04535,68.07746,68.839,67.35665,68.06133,65.22218,59.57986,6.40048,36.83479,57.36866,57.60124,54.62212,51.42068,51.13903,49.42671,46.78228,50.61864,47.4195,44.56108,43.06099,43.21164,40.95696,40.13163,41.29518,44.96176,47.3819,44.7887,40.38469,37.47098,33.96142,31.3013,29.28743,"Itum5"
"Crimson_37bands_218",17.229,17.22892,18.50652,18.65945,19.04263,19.76086,20.46627,19.19016,19.52394,19.14966,20.83322,21.89472,48.43752,78.0457,85.03279,79.75115,79.76917,82.2503,79.54216,80.05247,76.64847,75.36635,74.92764,69.11014,62.91307,58.50089,53.19634,46.93339,46.21542,51.89446,64.94514,66.29774,65.40375,60.84681,57.62713,50.91303,43.09889,"Crimson"
"Crimson_37bands_219",28.68437,28.68395,33.13012,34.91916,35.51245,36.47478,41.34187,42.43781,44.08604,46.12521,47.22514,48.14596,45.05152,81.89541,92.85013,86.46592,85.86984,87.86635,84.64769,85.4156,81.50884,80.42338,79.85154,73.86152,67.61301,63.22572,58.20327,51.65713,50.74953,56.25716,68.57238,69.65476,68.32615,63.17553,58.90947,51.43581,42.89957,"Crimson"
"AutumRoyal_37bands_219",33.29916,33.29939,33.55297,33.84368,34.49292,35.68248,37.02464,35.17861,35.1778,34.7622,33.43948,30.61904,31.82433,64.34786,73.85756,69.37599,69.6279,74.1409,74.48361,74.42189,72.34533,72.07389,72.47655,67.74275,63.16966,59.86267,56.33602,51.96762,51.53579,55.7574,64.17219,64.13864,62.00276,58.31323,55.51571,48.37404,41.94312,"AutumRoyal"
"Itum5_37bands_219",38.39733,38.39738,48.8387,55.36822,58.58886,61.18542,66.28156,66.89617,65.63345,66.09209,63.39535,62.38361,6.27347,35.50491,54.00779,54.78888,51.84921,48.75889,48.62324,46.55601,44.05983,47.87609,44.60499,41.71904,40.35722,40.50091,38.07167,37.28609,38.56109,42.3297,45.43309,43.30814,39.53623,37.02733,34.20239,31.96419,30.21048,"Itum5"
"Crimson_37bands_220",24.22541,24.225,27.31172,28.21993,28.73285,29.66036,33.58646,34.00693,35.57945,36.79851,37.55549,37.83892,43.83727,81.47086,92.7698,86.85867,86.18999,87.81306,84.57602,85.01909,81.1238,80.14355,79.40715,73.38797,67.23972,62.74028,57.5505,51.08565,50.30084,56.00705,68.42245,69.32785,67.97142,62.81372,58.55186,50.99122,42.43672,"Crimson"
"AutumRoyal_37bands_220",36.47258,36.47258,37.7353,38.72533,39.4675,40.65084,42.61349,40.90542,41.11193,41.1019,39.88949,37.04372,31.41288,64.84229,74.61546,70.25613,70.55448,75.06253,75.24954,75.26497,73.27999,73.0971,73.40414,68.64691,64.0358,60.73961,57.25765,53.0288,52.60776,56.99693,65.46676,65.33707,63.05947,59.28305,56.44163,49.15135,42.67959,"AutumRoyal"
"Crimson_37bands_221",19.12698,19.12652,21.31295,21.78571,22.19955,22.87745,25.0383,24.67264,25.86499,26.55564,28.733,30.33638,51.20585,80.95454,91.73967,85.76745,84.92937,86.41761,82.9942,83.66987,79.92597,78.67989,78.14801,72.29796,65.82028,61.29974,56.12321,49.5135,48.4379,54.25043,67.25304,68.43173,67.14453,61.82736,57.46572,50.45347,42.46675,"Crimson"
"AutumRoyal_37bands_221",21.26683,21.26721,19.56979,18.50925,18.87284,20.00364,19.73803,17.03678,16.24044,14.47767,12.01506,8.93602,26.98975,46.61989,42.51804,40.7369,45.80026,55.00047,58.46388,61.59127,62.20115,63.71031,66.59118,62.61285,58.68118,56.30097,54.22878,51.08825,50.69213,54.72788,61.37086,60.79172,58.81197,55.38559,52.79228,45.354,38.58854,"AutumRoyal"
"Itum5_37bands_221",33.09805,33.09819,42.6398,48.96367,52.19348,55.07623,59.20019,59.46374,57.91157,58.40972,55.23929,53.28622,4.02187,35.71232,56.58611,57.29514,54.35057,51.28003,50.61887,48.91223,46.32654,49.94874,46.86224,43.95367,42.39911,42.5157,40.14818,39.5049,40.61183,44.08984,46.89847,44.69317,40.39615,37.48927,34.23304,31.49172,29.26055,"Itum5"
"Crimson_37bands_222",21.61259,21.6121,24.09587,24.79064,25.18169,25.38267,27.68594,27.27887,29.42767,30.75779,34.65971,37.5743,50.64822,81.75554,93.24083,87.50715,86.43114,87.80192,84.55623,85.08443,81.1123,80.35403,79.60956,73.64794,67.41921,62.97642,57.69121,51.30732,50.16747,55.83245,68.75815,69.76686,68.17711,62.70315,58.12395,50.93036,42.88991,"Crimson"
"AutumRoyal_37bands_222",22.61981,22.62033,20.72966,19.60106,19.95471,21.03839,20.6605,17.82635,17.08504,15.29036,12.7609,9.72247,27.89692,48.4205,44.53646,42.764,47.55079,56.58443,59.79966,62.84773,63.42032,64.93201,67.67647,63.67407,59.75395,57.356,55.31324,52.37526,52.25014,56.38442,63.09284,62.47482,60.31874,56.84331,54.45593,46.89339,40.18201,"AutumRoyal"
"Itum5_37bands_222",37.12543,37.12533,47.31229,54.13025,57.43026,60.39626,65.20333,65.64067,64.15929,64.75463,61.77832,58.39989,5.04027,37.17917,58.43552,58.83937,55.60417,52.09424,51.1164,49.53649,46.87815,50.23271,47.12997,44.53979,42.8408,42.88193,40.8002,40.15848,41.5064,45.06907,47.61779,45.33321,41.12834,38.13288,34.74804,31.97182,29.69951,"Itum5"
"Crimson_37bands_223",30.00017,29.99991,34.32183,35.8715,36.61216,37.57355,43.17132,44.49775,46.7189,48.73269,50.31962,51.59405,46.55248,81.39802,93.95371,87.64115,86.6272,88.36452,84.7651,85.2996,81.35915,80.26835,79.54763,73.74369,67.27234,62.85677,57.57394,51.07866,50.2349,56.13682,69.16612,70.28131,69.02813,63.78699,59.59734,52.20504,43.70876,"Crimson"
"AutumRoyal_37bands_223",32.12119,32.12132,32.04113,31.86075,32.29842,33.29238,34.57945,32.73339,32.9668,32.35784,31.56084,29.40704,28.6158,59.90922,67.46637,64.92337,66.76965,72.43105,73.44056,74.02527,72.49669,73.15119,73.86768,68.82822,64.09961,61.01716,57.68753,53.52363,53.02762,57.25539,64.97283,64.5362,61.95725,57.8653,54.61571,47.08199,40.41114,"AutumRoyal"
"Itum5_37bands_223",33.98917,33.98942,43.90543,50.57933,54.16405,57.31459,61.60948,61.44606,59.61419,59.86212,56.31556,55.00719,3.15909,35.11967,55.89475,56.77692,53.91339,50.90086,50.48175,48.61156,45.90946,49.72196,46.58986,43.6053,42.15006,42.13195,39.89115,39.20381,40.29348,43.94577,46.81833,44.56413,40.60249,37.84508,34.76003,32.19779,29.96844,"Itum5"
"Crimson_37bands_224",27.72027,27.7194,31.84236,33.14455,33.62172,34.44468,39.35443,40.54193,43.03136,45.28207,47.68596,49.29403,48.19272,81.4862,93.80555,87.42774,86.36804,87.77461,84.30453,84.81181,80.81959,79.60552,79.07893,73.21221,66.88288,62.32674,57.15436,50.53588,49.64717,55.58357,68.58215,69.80693,68.5933,63.27049,58.89299,51.70666,43.4986,"Crimson"
"AutumRoyal_37bands_224",31.00583,31.00596,30.77788,30.57086,30.97575,31.95581,33.03169,31.2189,31.36397,30.6683,29.70774,27.19962,29.51968,61.40915,69.82261,67.17345,68.63352,73.96997,75.00161,75.26627,73.69684,74.43721,74.80517,69.71594,65.11281,62.11218,58.62446,54.53612,54.21952,58.44989,66.20496,65.68004,63.02635,58.89149,55.49924,47.88361,41.27093,"AutumRoyal"
"Itum5_37bands_224",33.30469,33.30479,42.36667,48.46396,51.7361,54.50687,58.59422,58.45515,56.72412,56.95566,53.76753,52.00645,2.30957,32.36849,51.7154,52.7322,50.78294,48.80772,49.02,47.13212,44.29775,48.72201,45.47219,42.23361,40.68851,40.66511,38.12666,37.02936,38.26548,41.49687,44.47515,42.55889,38.91852,36.26514,33.13547,30.70624,28.81068,"Itum5"
"AutumRoyal_37bands_225",37.80596,37.80618,38.66668,39.59115,40.52878,41.87126,43.32734,41.42987,40.96671,40.39512,38.444,34.32145,30.14942,59.84607,67.33044,63.80025,65.21321,70.9405,72.04343,72.58987,71.02647,71.21202,72.05711,67.14862,62.41797,59.19196,55.79967,51.54865,51.02678,55.06251,62.94546,62.81309,60.70825,56.69413,53.68098,46.42762,39.98017,"AutumRoyal"
"Itum5_37bands_225",33.27599,33.27625,43.93356,51.18334,55.14459,58.51932,63.10904,63.05629,61.29891,61.69236,57.96161,56.17339,2.72964,33.3903,55.57288,56.43098,53.45456,50.30617,49.77067,48.11107,45.52505,49.2479,46.04351,43.22867,41.78466,41.93022,39.75956,39.00893,40.19246,43.6629,46.22583,43.88817,39.73339,36.91541,33.54088,30.97287,28.8407,"Itum5"
"Crimson_37bands_225",27.50299,27.50235,31.20458,32.50041,33.19825,34.28554,39.27292,39.96081,42.0524,43.75404,44.91125,45.85058,44.60591,80.20277,92.36085,86.08754,85.37243,87.41071,84.05697,84.76144,80.80192,79.92253,79.29445,73.28894,66.8067,62.38427,56.98252,50.41558,49.55897,54.9646,67.79193,68.67816,67.36744,62.05848,57.42906,49.77053,41.20544,"Crimson"
"Crimson_37bands_226",32.22389,32.22398,37.31921,39.82632,41.16766,42.90716,47.82911,48.33006,48.88843,49.78665,48.29322,47.60433,41.28175,79.62934,94.16018,88.24935,87.05176,88.36782,84.61372,84.96387,80.91734,80.18037,79.35503,73.34666,66.9606,62.54044,57.25377,50.55443,49.44127,55.02873,67.92239,68.79625,67.49861,61.82189,56.78581,49.23111,40.57555,"Crimson"
"AutumRoyal_37bands_226",31.51466,31.5151,31.67385,32.02703,32.81611,34.07588,35.14494,33.05011,32.76896,31.99915,30.27797,27.68707,30.5069,62.84264,72.15126,68.43179,69.19304,74.40373,75.05441,75.33785,73.6817,73.94671,74.35842,69.39302,64.53299,61.3395,57.89916,53.56951,53.14315,57.60223,65.47333,65.12885,62.71231,58.81082,55.66018,48.12773,41.6172,"AutumRoyal"
"Itum5_37bands_226",35.49543,35.49548,46.02027,53.18219,56.88295,60.17122,65.0371,65.24673,63.66074,64.14702,60.61955,57.62314,3.03265,34.7845,57.48527,58.31566,55.35928,51.96488,51.20807,49.41517,46.6714,50.30363,47.03886,44.34806,42.86466,42.95775,40.86355,40.1225,41.41699,45.11417,47.73579,45.28291,41.02638,38.08202,34.74519,32.06125,29.82216,"Itum5"
"AutumRoyal_37bands_227",21.24425,21.24471,19.75123,18.79155,19.1361,20.2112,19.82198,17.22348,16.55529,14.97685,12.98478,10.36985,28.54642,51.56994,49.07655,46.76168,51.08971,59.86198,63.14796,65.98772,66.43627,68.16177,70.94894,66.73578,62.67482,60.31753,58.10908,55.13494,55.08294,59.49974,65.97386,65.21461,62.67855,58.72994,55.60257,47.8688,41.0575,"AutumRoyal"
"Itum5_37bands_227",29.76005,29.76034,38.83097,45.38969,49.17877,52.21691,55.64358,55.16236,53.16352,53.20196,49.40309,47.92133,1.84617,32.12811,54.78582,56.11092,53.44488,50.51702,49.89985,48.10936,45.25369,49.11252,46.13074,43.01286,41.36207,41.47562,39.22105,38.34273,39.72916,43.27108,46.07355,43.8959,39.89064,36.96045,33.78635,31.08013,28.70081,"Itum5"
"Crimson_37bands_227",19.74048,19.73985,22.29644,22.90873,23.3161,23.91552,26.33965,25.98312,27.56996,28.63001,31.65491,33.92793,46.91501,78.95966,90.22685,84.41063,83.78939,85.59883,82.2285,83.01612,79.11389,78.11621,77.75281,71.79707,65.59334,61.16698,55.99835,49.59208,48.33463,53.87531,67.12689,68.41966,67.29378,61.95763,57.69563,50.47915,42.13377,"Crimson"
"Crimson_37bands_228",19.53874,19.53819,21.82591,22.35384,22.83533,23.34702,25.69068,25.26119,26.74362,27.56762,30.27435,32.34617,45.56655,79.48852,91.6457,85.75695,85.14708,86.72262,83.29936,83.996,80.10108,79.12497,78.74439,72.78021,66.33561,62.00094,56.82736,50.24616,49.44631,55.12911,68.14849,69.11019,67.76419,62.41253,57.91085,50.56613,42.10602,"Crimson"
"AutumRoyal_37bands_228",21.34433,21.34488,19.76151,18.78442,19.08971,20.17113,19.85741,17.22731,16.50488,14.79038,12.49113,9.53361,28.87478,49.78392,47.08619,44.80518,49.26777,58.33393,61.77567,64.72,65.24014,66.94584,69.72806,65.71386,61.65292,59.35074,57.08064,53.9047,53.63885,57.79262,64.23775,63.53622,61.36252,57.60637,54.62515,47.01645,40.28838,"AutumRoyal"
"Itum5_37bands_228",28.23251,28.23261,37.22909,43.62428,47.37748,50.61464,54.01687,53.41138,51.38946,51.46342,47.70332,46.64971,1.34031,31.8811,55.65783,57.22009,54.19207,50.4306,49.44077,47.62575,44.84975,48.46283,45.19197,42.64609,41.22733,41.41113,39.40526,38.60212,40.05238,43.78764,46.39318,44.02754,39.89421,36.9083,33.65128,30.91446,28.47466,"Itum5"
"AutumRoyal_37bands_229",30.91164,30.91164,30.96615,30.93312,31.34105,32.37195,33.801,32.15496,32.54159,32.13516,31.42252,29.13036,30.73267,62.61278,71.5551,67.96543,68.79184,73.97372,74.52483,75.03344,73.36262,73.62261,74.1039,69.12877,64.20412,60.92818,57.48006,53.14971,52.66235,57.03018,64.90544,64.7072,62.38736,58.34286,55.23992,47.85455,41.35596,"AutumRoyal"
"Itum5_37bands_229",33.53976,33.53996,43.96374,50.926,54.75368,58.1221,62.8589,62.86265,61.1628,61.57109,57.9813,56.1442,2.44652,33.44258,55.0263,56.03291,53.18624,50.11963,49.67104,48.04874,45.20168,49.06152,46.0924,43.20681,41.62299,41.73759,39.46719,38.6666,40.04598,43.68071,46.31204,44.03217,40.04632,37.25476,34.02886,31.53582,29.30365,"Itum5"
"Crimson_37bands_229",25.59822,25.59792,27.91174,28.52854,28.92463,29.5533,33.70571,33.75564,35.96424,37.48439,39.40054,40.46118,49.08638,81.57839,88.98968,82.39317,81.88429,83.93371,80.39998,81.18355,77.25134,75.42375,74.78117,69.09995,62.90275,58.18946,52.91516,46.67222,45.95859,51.73945,65.23113,66.67064,66.1561,61.59492,58.02231,51.16997,43.07443,"Crimson"
"Crimson_37bands_230",26.67418,26.67401,29.12372,29.80673,30.20418,31.06063,35.1188,35.37091,37.17017,38.5944,40.45964,41.48745,49.3203,81.63983,89.30357,82.71328,82.06296,84.02233,80.5415,81.20791,77.45332,75.62302,75.19488,69.63843,63.2879,58.59156,53.41103,47.246,46.35664,51.91385,65.4433,66.91279,66.4163,61.4906,57.86053,51.04471,43.00076,"Crimson"
"AutumRoyal_37bands_230",31.21081,31.2109,31.24481,31.19186,31.6814,32.77665,34.10878,32.36976,32.68566,32.22025,31.33967,29.46057,29.46793,63.13352,72.61021,69.41031,70.33082,75.39504,75.76668,76.31164,74.59867,74.99466,75.41161,70.22384,65.21046,61.88678,58.60613,54.33432,54.07532,58.49169,66.162,65.92742,63.4629,59.43533,56.31874,48.62418,41.93986,"AutumRoyal"
"Itum5_37bands_230",32.07171,32.07191,42.05787,48.80287,52.44832,55.83572,60.51156,60.52525,58.75623,59.14994,55.61682,53.9673,2.27882,33.24628,54.66065,55.70322,53.01289,49.98877,49.7622,47.9998,45.26563,49.14222,45.96931,42.96339,41.5096,41.62499,39.52018,38.66346,39.89033,43.48889,46.24096,43.97182,39.89133,37.06925,33.95045,31.41964,29.20511,"Itum5"
"Crimson_37bands_231",33.04476,33.04445,37.41926,39.04825,39.70956,40.64317,45.77233,46.67799,48.74451,50.47343,51.1884,51.61414,51.78154,82.46384,93.06221,86.39762,85.29735,86.87822,83.33696,84.00259,80.09158,78.77549,78.47494,72.51862,66.04277,61.44946,56.20118,49.65353,48.77566,54.60502,67.66187,68.95308,67.61137,62.26171,57.9015,50.61893,42.46617,"Crimson"
"AutumRoyal_37bands_231",34.06859,34.06836,34.37634,34.56915,34.97012,36.03572,37.68781,36.07352,36.56503,36.30124,35.74358,33.77708,31.75472,62.6395,70.88094,67.38988,68.4256,73.44085,74.07139,74.57775,72.82294,72.70492,73.31654,68.58676,63.94296,60.66119,57.38123,53.23731,52.9382,57.25922,65.24406,65.09978,62.84658,59.06003,56.18063,48.82928,42.28299,"AutumRoyal"
"Itum5_37bands_231",29.71812,29.71827,39.80149,47.03139,51.46568,55.21294,58.99042,58.24741,56.04508,56.22609,51.90945,49.85679,1.04083,30.27611,54.74232,56.54552,54.04156,51.04322,50.57574,48.80608,45.90348,49.97917,46.60649,43.7369,42.3452,42.48616,40.34588,39.59119,40.80398,44.38128,46.81498,44.27836,39.89791,36.82613,33.27401,30.57906,28.21103,"Itum5"
"AutumRoyal_37bands_232",30.97874,30.97888,30.84498,30.78515,31.26676,32.43811,33.56247,31.54314,31.67077,30.97275,30.07487,28.05455,32.9241,65.82852,74.86248,70.61881,70.94666,75.69596,75.99365,76.30654,74.46809,74.38154,74.85331,69.75624,64.96107,61.53907,57.97109,53.73418,53.3018,57.80363,66.10149,65.92697,63.64701,59.66048,56.63492,49.07894,42.45588,"AutumRoyal"
"Itum5_37bands_232",23.88862,23.88881,31.62973,37.43736,41.28462,44.54008,47.55789,46.7535,44.82622,44.76686,40.94847,39.77616,1.25741,30.81438,54.39885,56.00558,53.58094,50.97773,50.82089,49.0509,46.18929,50.34888,46.95317,44.06005,42.34154,42.41822,40.15288,39.28457,40.53152,43.9123,46.47162,44.03592,39.75967,36.84271,33.45214,30.52785,27.95757,"Itum5"
"Crimson_37bands_232",31.03119,31.03069,35.18965,36.62406,37.25957,38.15804,42.88627,43.6742,45.59262,47.22431,48.16655,48.69948,51.41438,82.27805,93.10296,86.16718,85.14932,86.71251,83.29897,84.05441,80.03777,78.85739,78.46284,72.48044,66.07986,61.55066,56.40394,49.98717,49.12463,54.8047,67.88191,69.14668,67.81895,62.51511,58.06992,50.81798,42.6765,"Crimson"
"Crimson_37bands_233",25.84061,25.8401,29.8264,31.0636,31.4316,31.89828,36.71827,37.93247,40.81547,43.31306,46.92393,49.49981,48.76297,80.35916,91.75729,85.54151,84.68536,86.24472,82.62966,83.47492,79.51778,78.30665,77.9746,72.19635,65.54736,60.9431,55.82746,49.31788,48.25146,53.83762,66.84898,68.00734,66.69151,61.28856,56.95894,49.71678,41.32339,"Crimson"
"AutumRoyal_37bands_233",30.57971,30.57993,30.89998,31.14312,31.79785,33.12247,34.55084,32.78097,32.91502,32.49428,31.24786,29.18972,29.90828,63.16835,73.17145,69.38415,69.94896,74.81562,75.03075,75.3974,73.44655,73.45773,73.91192,68.94308,64.04579,60.70752,57.24772,53.06532,52.51389,56.79089,65.06815,64.82999,62.53791,58.56404,55.40857,47.83376,41.19062,"AutumRoyal"
"Itum5_37bands_233",48.06435,48.06471,57.5026,63.35834,65.68038,67.914,72.09812,72.3885,70.66883,70.81423,68.15597,61.60706,7.8116,37.46074,55.17144,55.84305,53.11848,50.28322,50.49368,48.63496,46.09771,49.9092,46.65976,43.65697,42.43016,42.54591,40.09621,39.11704,40.60041,44.30647,47.2379,45.13694,41.14138,38.57778,35.66388,33.46569,31.8165,"Itum5"
"Crimson_37bands_234",22.29523,22.29468,24.93486,25.69271,26.07919,26.58609,29.66266,29.65102,31.63032,33.03263,35.80157,37.69415,48.62893,81.46296,92.71315,86.24676,85.39537,87.15906,83.66363,84.54804,80.67489,79.36214,78.92889,73.18327,66.60823,61.99585,56.93803,50.32803,49.32193,55.31347,68.24769,69.2849,67.88673,62.46169,57.97278,50.49395,42.17337,"Crimson"
"AutumRoyal_37bands_234",35.69603,35.6963,36.80629,37.61821,38.43798,39.74686,41.83913,40.28385,40.50073,40.42061,38.87166,36.10242,30.66909,63.99907,74.63102,70.34886,70.65083,75.35489,75.84888,75.80842,73.64644,73.69781,74.15014,69.18484,64.59007,61.30312,57.616,53.28447,52.89612,57.01449,65.3084,65.06936,62.65779,58.59318,55.31943,47.91075,41.33432,"AutumRoyal"
"Itum5_37bands_234",47.23124,47.23124,56.94114,62.75905,65.05403,67.42458,72.10127,72.80871,71.18908,71.54493,69.03748,62.75617,7.4068,37.51177,55.44093,55.93749,53.15011,50.01095,50.20625,48.29894,45.76691,49.58097,46.19633,43.51578,42.23021,42.40525,40.17967,39.26691,40.50288,44.16297,47.14369,45.01768,40.97142,38.23365,35.2097,32.8923,31.14528,"Itum5"
"Crimson_37bands_235",24.29756,24.29646,27.60569,28.70368,28.9367,29.32822,33.60391,34.24686,37.4105,40.08499,43.86657,46.53112,54.52677,83.16737,92.18329,85.65595,84.58719,86.13374,82.58231,83.3103,79.46893,77.93816,77.51874,71.72018,65.23861,60.65222,55.44817,49.24149,48.33425,54.23595,67.197,68.5745,67.48033,62.267,58.21106,51.12146,43.26385,"Crimson"
"AutumRoyal_37bands_235",21.02644,21.02703,19.25282,18.15427,18.43748,19.63992,19.17981,16.44489,15.59538,13.89391,11.49549,8.28591,28.51744,43.70736,35.45602,32.4773,38.04844,48.67144,53.14057,57.4188,58.97674,61.00858,65.35438,61.85943,58.16953,56.27814,54.7651,52.1799,51.8425,55.56521,61.3788,60.6432,58.48063,54.91564,52.04445,44.35675,37.58973,"AutumRoyal"
"Itum5_37bands_235",38.93765,38.9374,49.4608,56.29029,59.53125,62.58717,67.52064,68.10987,66.51996,67.08758,64.15332,58.94246,5.3741,35.07894,55.05582,55.79788,52.88929,49.89567,49.52688,47.95837,45.42869,49.02042,46.04237,43.33153,41.76062,41.74314,39.69822,39.01708,40.02018,43.32034,45.58481,43.32216,38.9621,36.04438,32.59414,30.0787,28.13619,"Itum5"
"Crimson_37bands_236",27.81058,27.81006,30.65661,31.36354,31.69275,32.26586,36.12155,36.37251,38.50598,39.99627,41.68456,42.42057,54.78657,82.38057,90.94193,84.21958,83.34369,85.16177,81.76005,82.47911,78.64032,77.29685,76.80603,71.08897,64.65293,60.09677,54.5923,48.39591,47.67637,53.52188,66.61371,67.77743,66.73631,61.77223,57.64028,50.93101,43.43157,"Crimson"
"AutumRoyal_37bands_236",21.96679,21.96729,20.13917,19.08511,19.3536,20.47467,20.00971,17.18745,16.43756,14.8055,12.4694,9.27645,29.48268,43.40513,34.56244,31.14214,36.68406,47.45213,51.87545,56.36344,58.05589,59.99753,64.53106,61.32084,57.72519,55.80389,54.52648,51.86853,51.66913,55.33138,61.22845,60.49441,58.61837,55.09166,52.33985,44.81672,38.10082,"AutumRoyal"
"Itum5_37bands_236",35.48637,35.48617,44.15217,49.96804,52.53624,55.09729,59.62746,60.37458,59.16023,59.78499,57.4876,51.85932,5.91725,37.32976,57.9417,58.56845,55.26457,51.72425,51.0293,49.59775,46.9586,50.3075,47.36248,44.61424,43.13583,43.23492,41.06095,40.3514,41.57376,45.29643,47.60429,45.16059,40.86207,37.86131,34.31409,31.82067,29.84446,"Itum5"
"Crimson_37bands_237",22.79722,22.79674,25.59836,26.27824,26.67435,27.4053,30.6872,31.01024,32.83687,34.23964,35.70794,36.36312,48.10409,81.60037,94.15551,87.79609,86.91386,88.40116,84.87691,85.5913,81.53793,80.34639,80.07516,73.9126,67.40839,62.89826,57.67984,50.70372,49.7638,55.67544,68.56908,69.74263,68.29193,62.77143,58.30892,50.83988,42.33314,"Crimson"
"Itum5_37bands_237",37.61786,37.61806,47.68244,54.39895,57.60547,60.41299,64.25458,64.2262,62.37558,62.53982,59.06803,55.42432,3.5027,34.51606,54.76082,55.82132,53.39234,50.83551,50.78046,48.84197,46.06657,50.21872,46.88576,43.61898,41.93231,41.9759,39.46032,38.45303,39.78012,43.25137,46.23471,44.10846,40.21196,37.64182,34.61461,32.02843,29.85573,"Itum5"
"AutumRoyal_37bands_237",32.50707,32.50685,33.07998,33.44984,34.15337,35.32262,36.58705,34.80297,34.9742,34.45569,33.62055,31.5797,32.87071,64.33226,72.84025,68.54695,69.07021,74.19364,74.92054,75.50632,73.88229,74.03539,74.77788,69.72813,64.74182,61.46357,58.05106,53.79271,53.49848,57.46881,65.00092,64.75978,62.32953,58.36699,55.16618,47.68187,41.35476,"AutumRoyal"
"Crimson_37bands_238",25.47474,25.47461,29.29586,30.65168,31.47652,32.76202,37.39207,37.91242,39.38298,40.56266,40.79645,41.1015,49.07247,81.61161,94.53101,88.01464,86.83724,88.01455,83.98815,84.93493,80.73143,79.15603,79.08927,73.24594,66.4651,61.89051,56.78402,49.8339,48.4882,54.08593,67.54176,68.92888,67.90696,62.16915,57.69081,50.25884,41.58034,"Crimson"
"AutumRoyal_37bands_238",37.20773,37.20738,38.70064,39.63173,40.42224,41.55249,43.55038,42.23063,42.73013,42.69303,41.90516,39.55742,35.26245,66.48644,75.45805,70.46895,70.53197,75.34669,75.73869,76.45709,74.63292,74.63608,75.32762,70.31013,65.12274,61.71123,58.35232,53.82602,53.36326,57.39978,65.11949,65.0555,62.68284,58.45779,55.14841,47.73144,41.39367,"AutumRoyal"
"Itum5_37bands_238",38.21178,38.21223,47.78221,54.33626,57.42738,60.12051,63.76285,63.784,61.89712,62.0505,58.73653,55.33999,2.97661,33.55911,54.25642,55.15607,52.71856,50.10388,50.16029,48.32623,45.66438,49.59919,46.52907,43.36472,41.78708,41.8129,39.41204,38.36308,39.63355,43.13506,46.1228,43.86514,39.91544,37.1444,33.9283,31.46432,29.47401,"Itum5"
"Crimson_37bands_239",30.79086,30.79015,35.05654,36.3899,36.59353,37.17837,42.5338,43.88767,46.92433,49.67315,52.34744,53.91302,57.31608,83.66513,91.81596,84.75437,83.81709,85.77392,82.60631,83.44628,79.67698,78.01148,77.64011,71.63553,65.30078,60.8181,55.48028,49.1674,48.69144,54.56604,67.98222,69.24971,68.20582,63.17757,59.0958,52.35034,44.72658,"Crimson"
"AutumRoyal_37bands_239",35.75946,35.75955,36.63017,37.32673,38.06608,39.32078,41.33878,39.9521,40.08416,39.92451,38.70146,35.61199,33.84302,65.30482,73.33652,68.70266,68.98542,73.87251,74.03867,74.50775,72.67866,72.22817,72.76214,68.22951,63.47102,60.12311,56.76776,52.54471,52.21032,56.63427,64.85368,64.84644,62.83841,59.03244,56.16681,48.988,42.61097,"AutumRoyal"
"Itum5_37bands_239",33.15113,33.15138,40.74157,45.76836,48.29495,50.61308,54.12998,53.87397,52.44984,52.47648,49.67594,47.0344,3.30093,32.26559,51.36834,52.37061,49.9656,47.40373,47.48764,45.8461,43.22062,47.21617,44.25808,41.47613,40.14777,40.27864,38.11258,37.42631,38.70737,42.13072,44.7222,42.65192,38.65172,36.01236,33.00974,30.68069,28.82856,"Itum5"
"Itum5_37bands_240",39.94711,39.94759,49.82977,56.29533,59.33393,62.17003,66.5072,66.32171,64.5084,64.69752,61.45889,57.84538,3.77055,33.56729,52.85625,53.5443,51.12066,48.41962,48.51763,46.96681,44.38214,48.13699,45.01154,42.42537,41.05574,41.12941,39.10289,38.36586,39.59859,43.09883,45.92059,43.73732,39.77664,37.12496,33.9244,31.49131,29.537,"Itum5"
"Crimson_37bands_240",29.22841,29.22805,32.77168,33.71413,34.01304,34.64891,39.13613,39.82659,42.42491,44.45677,46.3087,47.1627,57.30138,83.50053,90.93108,83.56161,82.64049,84.63331,81.27578,82.31531,78.46166,76.52287,76.38454,70.84942,63.99436,59.31531,54.31571,47.95421,47.14565,52.59902,65.83906,67.25802,66.50286,61.40944,57.50247,50.58889,42.66966,"Crimson"
"AutumRoyal_37bands_240",42.89441,42.89436,45.66532,47.8914,49.24856,51.03496,53.56642,52.32508,51.84446,51.78249,49.2973,44.89365,35.91927,67.05322,75.3927,70.01153,69.85954,74.33652,74.61407,74.7207,72.87188,72.36537,72.7531,68.08486,63.37184,59.96558,56.31974,52.04066,51.70167,55.8507,64.28765,64.33441,62.1948,58.46213,55.65401,48.4216,42.04636,"AutumRoyal"
"AutumRoyal_37bands_241",29.82212,29.82248,29.69397,29.54553,30.08786,31.22539,32.07235,30.0462,29.96367,29.08461,27.97552,25.73179,31.91751,61.90254,67.96655,64.18649,65.60399,71.40876,72.48021,73.59336,72.44374,72.78313,73.85656,68.98693,64.11882,60.93419,57.701,53.53065,53.19275,57.40673,64.94654,64.7669,62.51524,58.65011,55.55671,48.14565,41.61292,"AutumRoyal"
"Itum5_37bands_241",33.58146,33.58092,44.40709,51.49398,55.01059,58.17637,63.81715,64.66985,63.40115,64.32215,61.59167,57.43362,7.32447,37.77792,59.4735,59.62874,56.39288,52.89923,52.06019,50.81845,48.12422,51.72697,48.61463,45.92787,44.31042,44.61096,42.48479,41.62922,42.9545,46.71006,48.79791,46.1809,41.61804,38.46053,34.64932,31.86945,29.67277,"Itum5"
"Crimson_37bands_241",24.3002,24.30037,26.1243,26.61574,27.14457,28.03587,31.80526,31.53951,32.99886,33.81178,34.28704,34.1841,44.91409,77.71629,86.89794,80.4991,80.05912,82.23086,78.72894,79.42462,75.59421,73.83508,73.30234,67.77137,61.69114,56.89874,51.70775,45.57702,45.08683,50.73201,64.33691,65.95858,65.28304,60.81006,57.63101,51.00475,42.8736,"Crimson"
"AutumRoyal_37bands_242",34.20223,34.20241,35.07372,35.48404,36.12873,37.52088,39.21123,37.57236,37.55785,37.04816,35.44009,32.4716,34.10487,64.40898,70.89938,66.52921,67.58865,73.04149,73.82982,74.80592,73.36301,73.52231,74.57567,69.56394,64.58798,61.38329,58.11047,53.85274,53.4477,57.5186,65.04642,64.91948,62.6395,58.71241,55.6826,48.18723,41.70901,"AutumRoyal"
"Itum5_37bands_242",31.22405,31.224,40.16546,46.15186,49.10707,51.96367,57.06472,57.68201,56.66753,57.4277,55.00561,50.88416,5.45215,35.75945,57.56923,58.1749,55.2351,51.88696,51.53773,49.98106,47.30968,51.18331,47.98184,45.09565,43.58164,43.8934,41.67205,40.95843,42.10826,45.66276,47.57759,45.04261,40.3717,37.27917,33.51785,30.78155,28.82479,"Itum5"
"Crimson_37bands_242",26.8989,26.89899,29.69588,30.58878,31.14,32.22193,36.43475,36.3883,37.82448,38.85336,39.11207,38.98083,44.6588,77.24865,85.25767,78.80868,78.60229,80.99167,77.43764,78.50024,74.58774,72.58014,72.37246,67.13218,60.72178,55.8619,50.71794,44.7558,44.0044,49.57993,63.01084,64.81209,64.4458,59.96607,56.90503,50.12273,41.87011,"Crimson"
"Itum5_37bands_243",33.83849,33.83859,43.0184,48.7551,51.60621,54.49467,59.79265,60.44893,59.35553,60.02694,57.71127,55.18558,7.1324,33.03619,51.48939,52.37403,49.92721,47.10943,47.45928,45.88655,43.25083,47.35357,44.33482,41.68071,40.48552,40.79893,38.57304,37.9342,39.28521,42.61551,45.15764,42.92581,38.78104,36.01563,32.91791,30.79401,29.17568,"Itum5"
"Crimson_37bands_243",25.26572,25.26516,28.75194,29.61724,29.81911,30.58893,34.02411,34.54789,36.53461,38.61905,42.00151,44.12609,54.83002,82.66043,92.88681,86.30857,85.26564,86.71856,83.10687,83.94273,79.87361,78.52119,78.51305,72.50881,65.89685,61.24122,56.14228,49.40397,48.17985,53.72705,67.02441,68.32879,67.2369,61.70445,57.12345,50.23633,42.25845,"Crimson"
"AutumRoyal_37bands_243",30.72515,30.72537,30.65012,30.82233,31.42754,32.55524,33.69023,31.76575,31.88747,31.25874,30.02347,27.78812,31.69693,61.17541,67.1475,63.2662,64.44848,70.17408,71.1956,71.63095,70.18317,69.6538,70.66121,66.46131,62.19688,58.95536,55.58435,51.4771,51.28053,55.36843,63.61737,63.56634,61.66352,58.28111,55.93375,48.72315,42.22466,"AutumRoyal"
"Crimson_37bands_244",21.8364,21.83599,24.22797,24.70134,25.03223,25.58178,28.23876,28.04814,29.88708,31.14917,33.74981,35.36303,56.2652,83.14613,92.86047,86.03128,85.13986,86.89257,83.55935,84.49842,80.55103,79.13498,79.00189,72.84518,66.36102,61.80147,56.42695,49.80422,49.01488,54.64837,67.83271,69.09824,67.76124,62.26992,57.59695,50.53213,42.70023,"Crimson"
"AutumRoyal_37bands_244",32.77621,32.77625,33.81471,34.66122,35.47744,36.70511,38.37561,36.56116,36.82946,36.66303,35.21439,33.43668,31.29303,61.61556,67.76398,63.78089,64.95787,70.63724,71.55008,72.18122,70.74737,70.37667,71.22737,66.87044,62.33957,58.9924,55.75726,51.68719,51.42749,55.60991,63.80314,63.82995,61.8333,58.32642,55.93544,48.58598,41.98565,"AutumRoyal"
"Itum5_37bands_244",35.73543,35.73538,45.63502,51.70068,54.54752,57.55008,63.92936,65.11905,64.19871,65.29981,63.57478,59.62506,5.86291,33.85995,52.33757,52.99699,50.57542,48.19476,48.48901,46.75683,44.44435,48.41713,45.41669,42.4018,40.90156,40.96392,38.60584,37.73149,39.00596,42.52199,45.20043,43.00592,39.17722,36.51114,33.50148,31.22148,29.48309,"Itum5"
"Crimson_37bands_245",23.61678,23.61639,26.34491,27.13462,27.60736,28.02429,31.97674,32.37063,35.07486,36.97769,40.3585,42.87312,53.6206,82.47674,91.72478,85.32703,84.55228,86.30101,82.76124,83.47511,79.70836,78.14773,77.85751,71.90739,65.42665,60.70754,55.5608,49.06806,48.19095,53.8981,67.44088,69.02481,68.09915,62.95206,59.07615,52.23876,44.16278,"Crimson"
"AutumRoyal_37bands_245",28.65083,28.65109,29.09533,29.36603,30.18597,31.66423,32.76862,30.94789,30.65122,29.79349,28.049,25.657,31.10575,61.81477,69.21268,65.38385,66.79949,72.60354,73.42576,74.56759,73.33936,73.59119,74.72019,69.7342,64.59785,61.22805,57.9387,53.68687,52.96593,56.80934,64.19617,64.1392,62.04072,58.04948,54.83772,47.30245,40.53142,"AutumRoyal"
"Itum5_37bands_245",34.39705,34.39666,43.79257,49.95256,52.91663,55.81584,61.53273,62.70374,61.60771,62.52722,60.51064,54.41789,6.79614,36.56608,57.21671,57.85956,54.73788,51.69024,51.23741,49.58191,46.98481,50.80726,47.65848,44.74483,43.12645,43.21924,40.90164,40.11697,41.35214,44.99757,47.2048,44.75525,40.04953,37.00938,33.5172,30.95598,28.98486,"Itum5"
"Itum5_37bands_246",42.93236,42.93216,54.84211,62.69366,66.41708,69.81733,75.50694,76.22883,74.30323,74.83742,71.41486,64.89815,7.19961,35.04068,54.26991,55.0193,52.32377,49.6237,49.93705,48.27998,45.71395,49.7096,46.74594,43.62528,41.96825,42.06196,39.67307,38.87564,40.00405,43.37087,45.58958,43.23589,38.98889,36.07761,32.57556,30.1761,28.42908,"Itum5"
"Crimson_37bands_246",24.56553,24.5651,27.56475,28.26398,28.67709,29.52142,33.77917,34.1821,36.17348,37.6826,39.77965,41.21767,54.18539,82.97877,92.33573,85.94922,85.17317,86.78337,83.24401,84.00295,79.95386,78.68944,78.4479,72.70928,66.13119,61.43001,56.13791,49.58477,48.44742,54.06633,67.51614,69.0526,68.10545,62.93401,59.11013,52.2704,44.37121,"Crimson"
"AutumRoyal_37bands_246",33.39325,33.39334,34.47769,35.05944,35.83359,37.28576,39.08927,37.55909,37.70371,37.30537,35.80455,33.23798,30.39638,59.87099,66.26224,62.39251,64.01431,70.35003,71.71528,72.78755,71.59288,71.97235,73.25646,68.51626,63.68319,60.52748,57.27611,52.98274,52.55674,56.33877,63.72263,63.48139,61.16219,57.12797,53.89643,46.22806,39.53248,"AutumRoyal"
"Crimson_37bands_247",29.66495,29.66469,33.87965,35.1243,35.54726,36.49547,41.28403,42.29648,44.25027,46.08684,47.14386,47.63638,53.08032,82.33711,93.0236,86.23564,85.13301,86.48955,82.79109,83.59785,79.61883,78.12468,77.84511,72.02763,65.40868,60.77745,55.66722,49.12859,48.11044,53.795,66.98258,68.27816,67.07457,61.63565,57.22577,50.13133,42.16853,"Crimson"
"AutumRoyal_37bands_247",23.96674,23.96761,22.11282,21.00771,21.36061,22.56395,22.28949,19.37666,18.55828,16.68496,14.05028,10.8403,29.60438,46.96892,39.65485,36.99171,42.23742,52.40963,56.0352,60.03559,61.38878,62.97038,66.83497,63.27785,59.49825,57.28542,55.83817,53.12586,53.05934,57.22113,63.52953,62.93537,60.95384,57.40929,54.77635,47.17211,40.401,"AutumRoyal"
"Itum5_37bands_247",37.46448,37.46468,48.09212,55.1088,58.47202,61.56494,65.77264,65.64098,63.68679,63.86132,60.33434,57.79048,2.73391,34.18909,54.90677,55.99889,53.25188,49.96542,49.58198,47.83705,45.08312,48.93311,45.58537,42.79038,41.48496,41.67081,39.60665,38.67354,40.1808,43.87325,46.72784,44.42414,40.30588,37.58456,34.54533,32.1037,30.01749,"Itum5"
"Crimson_37bands_248",30.81101,30.81062,34.72324,35.97369,36.52433,37.34759,42.25127,43.00932,45.23454,47.04461,48.42451,49.22939,53.06355,82.70208,92.15903,85.3842,84.58073,86.43081,82.90359,83.87439,79.93768,78.34678,78.01311,72.29,65.73222,61.16273,56.06066,49.73741,48.89631,54.7272,68.12944,69.55344,68.48168,63.37475,59.19218,52.09688,43.95122,"Crimson"
"AutumRoyal_37bands_248",22.27861,22.27899,20.45074,19.35055,19.69135,20.87034,20.53329,17.66175,16.82772,14.97792,12.43069,9.06418,29.3775,46.41526,38.92705,36.40185,41.74546,51.92941,55.72684,59.71175,61.13684,62.88442,66.64367,63.03105,59.2625,57.06413,55.58354,52.99595,52.84961,57.01408,63.1016,62.49482,60.37104,56.83302,54.25667,46.72612,40.00747,"AutumRoyal"
"Itum5_37bands_248",39.65854,39.65884,50.46429,57.36463,60.60521,63.56321,68.0278,67.94918,66.07902,66.32056,62.94883,60.12203,3.41529,35.15487,55.7634,56.73686,53.96218,50.78455,50.58813,48.70508,45.89091,49.82383,46.56406,43.64545,42.24501,42.42083,40.04044,39.35073,40.50055,44.33728,47.37868,45.1323,40.96454,38.26325,35.19042,32.71228,30.72809,"Itum5"
"Crimson_37bands_249",26.59481,26.59446,30.81138,31.98151,32.41439,33.60885,38.34227,39.61352,41.66335,43.72841,45.30281,46.1993,55.96529,84.20214,94.70809,87.77223,86.58051,87.84722,84.15274,85.44439,81.28114,79.7121,79.63078,73.64469,66.93264,62.3407,57.2368,50.40488,49.30268,55.34035,68.12889,69.19512,67.84007,61.85158,57.16163,49.93137,41.76111,"Crimson"
"AutumRoyal_37bands_249",29.96435,29.96453,30.3536,30.59682,31.32444,32.54381,33.64801,31.83182,31.76714,31.0054,29.85053,27.6625,32.28853,62.29558,69.58511,65.46211,66.47878,72.1042,72.80152,73.73232,72.24457,72.40366,73.40048,68.6121,63.63887,60.30037,57.04435,52.74533,52.23678,56.1449,63.81967,63.72266,61.52509,57.51221,54.36078,46.95517,40.48091,"AutumRoyal"
"Itum5_37bands_249",35.04436,35.0443,44.71883,51.18682,54.06276,56.86507,61.4688,61.92738,60.40176,60.905,58.33025,53.3047,6.68197,35.53689,54.55172,55.29253,52.40573,49.36434,49.08066,47.42771,44.86563,48.66035,45.63133,42.78235,41.21172,41.30073,39.03304,38.30229,39.45929,42.79869,45.14886,42.82017,38.77078,35.84662,32.3997,30.13628,28.45492,"Itum5"
"Crimson_37bands_250",27.04704,27.04648,30.91863,32.04415,32.31862,33.01236,37.06732,38.09924,40.72665,42.9991,45.20908,46.41975,52.15812,80.35812,92.8234,86.56926,84.92772,85.27533,80.96037,81.62603,77.64464,76.15295,76.41135,70.19797,63.30867,58.78106,53.66243,46.27283,44.53795,50.04562,62.76008,63.86552,62.12909,56.17074,51.16803,43.88344,36.28976,"Crimson"
"AutumRoyal_37bands_250",32.43864,32.43868,33.23336,33.59436,34.46305,35.81262,37.1505,35.31851,35.41103,34.75279,33.34189,31.31946,35.31816,64.39024,71.0468,66.08053,66.5306,71.86814,72.16866,73.33309,71.95372,71.73114,72.96394,68.14528,63.02286,59.72156,56.64936,52.3462,51.66333,55.64879,63.40288,63.4986,61.53022,57.53324,54.55476,47.30587,40.94794,"AutumRoyal"
"Itum5_37bands_250",39.3488,39.3487,50.61976,58.05614,61.38364,64.58686,70.06189,70.81078,69.14978,69.82313,67.03394,61.20277,6.49508,35.6997,54.93141,55.51592,52.84347,50.06799,50.06994,48.3111,45.70924,49.78873,46.65605,43.61726,42.07164,42.17377,39.88177,38.97855,40.10743,43.58391,45.97765,43.65195,39.31545,36.43294,33.021,30.69625,29.02795,"Itum5"
"AutumRoyal_37bands_251",28.30726,28.30745,27.05739,26.33781,26.71664,27.76155,27.96307,25.4853,25.22047,23.91935,22.61163,20.44158,29.51879,60.20776,67.24643,64.09115,65.44516,70.92188,71.70425,72.19574,70.70109,70.65196,71.32616,66.99087,62.23955,58.96798,55.70613,51.66893,51.49071,55.78848,64.0728,63.96073,62.01523,58.35103,55.79806,48.44842,41.88339,"AutumRoyal"
"Itum5_37bands_251",29.80914,29.80884,39.86245,46.67203,50.48919,53.89942,58.58234,58.53995,56.81967,57.21095,53.76498,51.67179,1.69025,31.80564,53.0125,54.26298,51.80732,49.03564,48.91001,47.39275,44.55098,48.61867,45.53714,42.61094,41.24196,41.59893,39.22744,38.57087,39.95082,43.41889,45.90267,43.5943,39.37513,36.44715,33.15409,30.7409,28.72648,"Itum5"
"Crimson_37bands_251",25.64216,25.64158,29.45302,30.56823,31.07589,32.23227,36.81636,37.85573,39.54506,41.24074,42.80797,43.84296,50.11217,82.10691,93.06425,86.76961,86.0642,87.76172,84.21323,85.25122,81.20192,79.89351,79.82797,73.90365,67.04796,62.41933,57.36134,50.37262,49.61357,55.30946,67.88428,68.96727,67.41757,61.72152,57.01357,49.622,41.34122,"Crimson"
"Crimson_37bands_252",24.34072,24.34029,27.83967,28.75971,29.07862,29.80394,33.71772,34.51681,36.68917,38.55923,40.78337,42.14449,52.51307,84.48933,95.61754,89.03396,88.25553,89.84379,86.37756,87.37765,83.22148,82.0131,81.71081,75.75065,68.91842,64.46095,59.21955,52.36876,51.74791,57.73275,70.4941,71.51402,69.94418,64.2837,59.42788,51.97183,43.67448,"Crimson"
"AutumRoyal_37bands_252",31.95614,31.95636,31.64173,31.38967,31.87588,32.965,34.12007,32.04031,32.12902,31.39174,30.17909,27.85879,29.79833,61.51991,68.43106,65.12763,66.43196,72.06487,72.88169,73.31369,71.92141,71.81929,72.58253,67.96163,63.38477,60.30388,56.78006,52.8829,52.8147,57.21238,65.32368,65.13199,62.91174,59.22466,56.5639,49.18521,42.57776,"AutumRoyal"
"Itum5_37bands_252",32.56971,32.56966,44.07614,51.81501,56.08369,59.85217,65.54724,65.9554,64.21856,64.86746,61.36118,58.99868,2.28686,33.92355,55.97646,57.15867,54.43616,51.17679,50.90715,49.19547,46.16955,50.45833,47.07847,44.32295,42.71188,42.94704,40.73744,39.93773,41.29511,44.94775,47.56217,45.13594,40.81926,37.84964,34.4515,31.89616,29.68474,"Itum5"
"Crimson_37bands_253",17.43201,17.43167,20.25227,21.06797,21.40987,22.19698,24.83277,24.48023,25.98744,27.51028,30.81485,33.2246,48.21609,81.49998,90.65133,84.38642,84.07861,86.45474,82.83963,83.8372,79.69342,77.88155,77.5442,71.78595,65.20426,60.53948,55.65014,49.12296,48.63431,54.63162,68.11998,69.42996,68.52186,63.54237,59.72675,52.37191,44.07001,"Crimson"
"Itum5_37bands_253",40.90697,40.90723,52.39373,60.30928,64.16453,67.67827,72.73758,72.90748,70.88826,71.34029,67.71636,63.01646,3.73603,34.01535,55.59699,56.40271,53.70567,50.57622,50.16724,48.3871,45.5298,49.59543,46.36628,43.44145,41.94129,42.14506,39.82539,39.1426,40.36944,43.78404,46.16312,43.7278,39.3567,36.36638,32.88766,30.53171,28.62785,"Itum5"
"AutumRoyal_37bands_253",31.14299,31.14326,31.43779,31.57019,32.19182,33.43972,34.74867,32.90472,32.91932,32.31895,31.23124,29.59947,32.30169,64.53171,73.10451,69.03487,69.43076,74.40882,74.68218,75.13483,73.29205,73.02365,73.54163,68.79349,63.96338,60.61325,57.1624,52.97671,52.80138,57.32359,65.47076,65.38918,63.09686,59.08762,55.99518,48.61943,42.14956,"AutumRoyal"
"Crimson_37bands_254",22.4036,22.40313,24.89587,25.54844,26.09021,26.93486,30.33607,30.00999,31.59781,32.63668,34.5155,35.84623,47.1726,80.64757,91.25786,85.40308,85.02729,86.88912,83.17132,84.02268,79.87635,78.44524,77.93209,72.15005,65.80309,61.23142,55.9203,49.7488,49.20947,55.35281,68.63655,69.857,68.50457,63.61298,59.68871,52.5648,44.29049,"Crimson"
"AutumRoyal_37bands_254",39.48769,39.48786,40.69696,41.59388,42.25689,43.45356,45.67553,44.40036,44.55349,44.47704,43.15944,39.40728,35.81114,67.36468,75.84637,70.99565,71.11081,75.95562,76.47952,76.75256,74.88387,74.52097,75.02543,70.27424,65.45645,62.187,58.50326,54.34489,54.14542,58.51897,66.8698,66.67664,64.29186,60.3404,57.27939,49.84131,43.37431,"AutumRoyal"
"Itum5_37bands_254",35.11763,35.11768,44.27041,50.54835,53.7919,56.70138,60.71192,60.64716,58.84862,59.05217,55.91462,51.66833,2.8956,33.18703,54.69434,55.78631,52.93415,49.5483,49.04214,47.23176,44.54835,48.4476,45.42379,42.5519,41.11478,41.29487,39.21733,38.36817,39.62544,43.17699,45.40911,42.95736,38.67173,35.77637,32.37296,29.80833,27.71297,"Itum5"
"Crimson_37bands_255",22.75758,22.75714,25.78097,26.62074,27.20085,28.01804,31.76271,31.81667,33.49106,34.78352,36.89791,38.34477,46.21687,79.86156,90.92636,85.10485,84.65972,86.55033,83.03484,84.22896,79.97363,78.82293,78.4706,72.96214,66.0458,61.46685,56.29353,49.92247,49.27372,54.99957,67.74242,68.7849,67.33998,61.71156,57.28917,49.78274,41.30363,"Crimson"
"AutumRoyal_37bands_255",24.32675,24.32725,23.79328,23.21973,23.5778,24.92439,25.14385,23.02431,22.45054,21.14539,19.48158,17.05215,33.11967,61.16328,66.51489,62.9704,64.65237,70.67583,71.51331,73.07864,71.95679,72.35378,73.66362,68.8872,63.60451,60.3738,57.36313,53.17571,52.44095,56.26845,63.69942,63.52614,61.29344,57.07565,53.77069,46.26556,39.62598,"AutumRoyal"
"Itum5_37bands_255",35.80692,35.80707,46.25749,53.20349,56.5682,59.49973,63.91096,64.00109,62.33097,62.63831,59.39429,56.40747,3.54957,34.51355,54.29515,55.0932,52.51078,49.67051,49.56027,47.79676,45.13006,48.94882,45.84745,42.94391,41.45251,41.51206,39.20344,38.37244,39.54937,43.06738,45.72294,43.43561,39.43205,36.62295,33.45999,30.9996,28.92033,"Itum5"
"AutumRoyal_37bands_256",29.87006,29.87029,30.11733,30.10546,30.82507,32.27266,33.04399,31.07066,30.68426,29.61392,27.83217,25.18112,33.53076,60.73662,66.37875,62.52925,63.97097,69.74941,70.49231,72.0581,70.79559,71.06715,72.36288,67.61156,62.46724,59.13462,56.17816,51.82216,51.15969,55.13726,62.73826,62.74067,60.75641,56.65928,53.45692,46.09026,39.58358,"AutumRoyal"
"Itum5_37bands_256",35.18605,35.18625,44.76503,51.17814,54.34036,56.98358,61.09948,61.0712,59.50073,59.69068,56.64207,53.61798,3.30842,34.94908,55.71857,56.64868,53.90848,50.98303,50.70525,48.80904,46.02423,50.06499,46.91824,43.8505,42.27042,42.26931,39.88184,39.10494,40.39458,43.95844,46.53497,44.3342,40.16557,37.27292,34.01532,31.60787,29.56261,"Itum5"
"Crimson_37bands_256",25.14483,25.14444,28.33246,29.23716,29.80862,30.67133,34.84751,34.97847,36.82486,38.15025,39.90272,41.02722,45.68826,78.05241,88.32936,82.70975,82.41574,84.20258,80.87761,81.98342,77.89596,76.6178,76.46441,70.74868,63.91344,59.38762,54.38848,47.87606,47.42686,52.94716,65.63361,66.68632,65.50846,60.22376,55.87632,48.63008,40.46001,"Crimson"
"Crimson_37bands_257",29.7084,29.70783,33.44417,34.5774,35.06376,35.8988,41.20974,41.85644,44.15081,46.26155,48.33089,49.80085,53.40076,81.9946,90.01991,83.48983,82.92104,84.8923,81.25553,82.30979,78.21444,76.60149,76.30149,70.90614,64.17274,59.49492,54.14738,47.97627,47.38226,53.34697,66.64705,67.97306,67.08749,62.11509,58.30483,51.63163,43.87652,"Crimson"
"Itum5_37bands_257",36.34791,36.34781,47.72375,55.04528,58.42372,61.82859,67.73649,68.61089,67.05691,67.84335,65.16127,59.82148,5.14227,35.87308,56.46666,57.07034,54.12077,51.01375,50.63149,49.05797,46.46799,50.38916,47.24907,44.62953,43.09932,43.3933,41.25342,40.55547,41.72205,45.33443,47.57729,44.86474,40.41714,37.34526,33.78421,31.32047,29.36315,"Itum5"
"AutumRoyal_37bands_257",23.02232,23.02263,20.99634,19.95362,20.35257,21.39163,20.89404,17.86471,17.1988,15.20153,12.48299,9.51486,30.11721,51.8985,48.87315,46.32436,50.40082,59.33418,62.96117,65.15243,65.24259,66.20304,68.61319,65.11833,61.56655,59.10828,56.54972,53.00451,53.11824,56.9696,63.8132,63.37261,61.68073,58.84775,56.68747,49.49951,43.07994,"AutumRoyal"
"AutumRoyal_37bands_258",23.62449,23.62511,21.61649,20.44916,20.82133,22.03676,21.70743,18.80616,18.02296,16.04758,13.54666,10.40814,31.16904,52.20312,47.98852,45.43065,49.4931,58.32828,61.09134,63.88056,64.22467,64.93034,67.58461,63.85246,59.73105,56.98896,54.74547,51.53043,51.33879,55.46398,62.46596,62.34239,60.92617,57.69573,55.67687,48.48799,41.93769,"AutumRoyal"
"Itum5_37bands_258",33.31354,33.31339,43.26594,49.48879,52.47232,55.26659,61.35564,62.62719,61.89093,62.89373,61.02067,55.94134,8.38467,36.21534,54.35849,54.97868,52.25093,49.65787,49.68801,48.3147,45.95475,49.71023,46.72565,43.92136,42.37006,42.53279,40.23561,39.48283,40.60727,43.94914,46.35264,43.94649,39.75944,36.86235,33.44739,31.03889,29.24932,"Itum5"
"AutumRoyal_37bands_259",30.28218,30.28249,30.61806,30.62043,31.24458,32.4939,33.65373,31.82564,31.83473,31.13809,29.80769,27.45586,32.42537,61.49364,70.42761,66.64609,67.67322,73.06387,73.69655,75.03778,73.65623,74.03506,75.24829,70.07168,64.46694,60.9931,57.72597,53.10993,52.09725,55.62552,63.09329,63.10924,61.05801,56.69888,53.47932,45.92617,39.09052,"AutumRoyal"
"Crimson_37bands_259",24.42942,24.42905,27.43865,28.20663,28.76379,29.73602,33.49776,33.46154,34.92595,36.08771,37.7343,38.72105,49.57513,81.2157,90.45252,84.38934,84.1796,86.40891,82.88772,83.98523,79.82849,78.42831,78.08775,72.46741,66.0073,61.37322,56.18866,49.71444,49.19342,55.13771,68.51643,69.87972,68.87775,63.81191,60.03179,53.02207,44.74681,"Crimson"
"Itum5_37bands_259",48.62052,48.62062,60.30008,67.24939,69.74661,72.34838,78.18194,79.30878,77.99455,78.82441,76.69362,68.70286,11.42938,36.26534,53.0713,53.61392,50.9664,48.13954,48.25044,46.52582,44.15509,47.81076,44.9172,42.05245,40.65577,40.75631,38.40383,37.65372,38.94345,42.35403,44.932,42.80926,38.87031,36.10974,32.86751,30.88846,29.47503,"Itum5"
"Crimson_37bands_260",22.46162,22.46094,25.16479,25.75471,26.13022,26.88413,29.95752,29.90349,31.5176,32.85331,35.34192,36.84624,47.42203,80.95794,90.84407,85.02273,84.57746,86.44868,83.0272,83.81899,79.5755,78.41199,77.85203,72.04304,65.62603,61.08012,55.82427,49.64042,49.10323,55.22234,68.29522,69.42655,68.08293,63.00664,58.90256,51.61985,43.59444,"Crimson"
"AutumRoyal_37bands_260",25.23037,25.2305,24.87926,24.43355,24.76588,25.92699,26.24554,24.32514,24.11586,23.12951,22.26917,20.39048,31.74012,61.34087,69.91413,66.32204,67.46018,73.09171,74.04407,75.03143,73.60154,74.16887,75.22597,70.13574,65.01238,61.69164,58.29031,53.90354,53.21642,56.95371,64.40112,64.20544,61.84207,57.64705,54.2275,46.82939,40.37243,"AutumRoyal"
"Itum5_37bands_260",48.28945,48.28901,58.58035,64.85008,66.90317,69.13323,74.44359,75.20732,73.95436,74.47741,72.41156,63.83221,12.9281,37.21621,53.75032,53.98605,51.49568,49.04613,49.23716,47.52791,45.07702,48.84864,45.81657,42.85853,41.29482,41.17221,38.72093,37.70002,38.94289,42.36101,45.27272,43.2827,39.40947,36.77321,33.59783,31.50422,29.99548,"Itum5"
"Crimson_37bands_261",18.66817,18.66797,20.12996,20.35273,20.86523,21.45159,22.56376,21.08746,21.66299,21.41281,23.37553,24.57495,54.93427,80.25217,87.11371,81.57636,81.70549,84.10778,80.77964,82.12631,78.2287,76.5101,76.36902,71.02007,64.48472,59.83235,54.73614,48.36795,47.72847,53.84632,67.23218,68.62509,67.85752,62.98839,59.17761,52.58275,44.86647,"Crimson"
"AutumRoyal_37bands_261",22.30619,22.30673,20.34509,19.21215,19.57042,20.75403,20.41376,17.58865,16.82193,15.0344,12.44058,9.4039,29.02091,49.89024,45.02122,42.78312,47.51025,56.96564,60.1418,63.61301,64.35204,65.67123,68.75771,64.99077,60.89965,58.39258,56.31887,53.46803,53.59633,57.96519,64.33754,63.88015,61.79771,58.31223,55.85275,48.16975,41.30569,"AutumRoyal"
"Itum5_37bands_261",35.38388,35.38403,45.45955,51.91552,55.09319,57.96864,62.66107,62.83776,61.38876,61.7928,58.98955,56.34789,3.38517,34.07074,54.31448,55.33335,52.56509,49.35969,49.00219,47.19784,44.47772,48.32996,45.00463,42.2995,40.94887,40.97381,38.70244,37.9202,39.22069,42.94066,45.45084,43.15667,39.08548,36.22248,32.74386,30.46513,28.63628,"Itum5"
"AutumRoyal_37bands_262",24.71104,24.71167,22.79245,21.70317,22.04417,23.22266,22.75007,19.8034,19.04953,17.10344,14.5017,10.8249,29.47363,48.50769,42.27912,40.06334,45.1198,55.15682,58.71694,62.04837,62.94716,64.16929,67.56249,63.98015,60.27126,57.8084,55.79875,52.95467,53.16062,57.20836,63.45262,63.00434,61.01153,57.61091,55.29933,47.65771,40.82575,"AutumRoyal"
"Itum5_37bands_262",34.78609,34.78619,44.31352,50.56124,53.63103,56.26027,60.57623,60.63798,59.14437,59.5016,56.64047,54.12918,3.38685,34.96328,56.23419,57.49755,54.3315,50.57029,49.95719,47.95979,45.279,49.01249,45.76416,42.97882,41.57139,41.68898,39.49156,38.87172,40.06564,43.9431,46.3931,43.97502,39.64262,36.70442,33.39969,30.97123,29.02728,"Itum5"
"Crimson_37bands_262",18.64933,18.64903,20.31651,20.58868,21.09507,21.69222,23.23222,22.08962,22.9902,23.15086,25.45604,27.07428,55.13898,80.49757,86.51414,80.82737,81.19699,83.81924,80.90476,82.04247,78.38445,76.70521,76.47887,71.07245,64.44531,59.87128,54.79666,48.63621,48.17476,54.11918,67.65644,68.89577,67.82217,63.18873,59.57492,52.68669,44.88027,"Crimson"
"Crimson_37bands_263",19.32718,19.32669,21.55166,22.00715,22.4382,23.07262,25.19415,24.53571,25.71428,26.40396,28.83996,30.49304,44.95554,80.57746,90.19623,84.7228,84.83934,87.28219,84.00947,85.02975,80.79476,79.63945,79.28302,73.37613,66.97997,62.6191,57.44102,51.09469,50.83248,56.82205,70.01471,70.97054,69.64627,64.75234,60.82089,53.09689,44.39441,"Crimson"
"AutumRoyal_37bands_263",31.57626,31.57626,33.36643,34.54788,35.67356,37.33696,39.86879,38.34639,38.71155,38.6182,36.82463,35.47914,32.59435,65.52666,73.69419,69.43294,69.93521,74.73413,74.99723,75.3911,73.69233,73.33111,73.98785,69.23531,64.48876,61.03056,57.57064,53.36525,53.12749,57.57934,65.87323,65.81461,63.72085,59.99674,57.25657,49.85822,43.27226,"AutumRoyal"
"Itum5_37bands_263",36.5266,36.5266,47.14885,54.49535,58.12249,61.58743,66.23198,66.27302,64.29013,64.69642,61.26664,56.96712,2.99065,35.22673,56.91321,58.04777,55.00935,51.72856,51.32662,49.48259,46.59757,50.75294,47.68767,44.62778,42.76669,42.98472,40.62664,39.70542,41.02369,44.6082,47.12778,44.70364,40.35283,37.37845,33.97092,31.42666,29.27604,"Itum5"
"Crimson_37bands_264",19.79251,19.79176,22.01398,22.43299,22.91751,23.51872,25.6109,24.86785,26.08111,26.62633,29.04197,30.51772,46.66389,82.36668,92.4166,86.35245,86.21776,88.54617,84.87745,86.00408,81.81177,80.38557,80.0619,74.37288,67.76348,63.15379,58.0871,51.69164,51.28087,57.22309,70.51219,71.87209,70.57325,65.35969,61.32895,53.60973,44.86805,"Crimson"
"AutumRoyal_37bands_264",38.81029,38.81046,41.6261,43.57708,45.11053,46.95747,49.79731,48.53516,48.34462,48.20778,45.28367,42.81585,34.4626,67.04753,75.31094,70.43244,70.64065,75.396,75.52666,75.80871,73.94055,73.51798,74.03433,69.39491,64.58519,61.18209,57.70234,53.43165,53.17893,57.68708,66.08357,65.99009,63.8586,60.24518,57.4818,50.1047,43.61641,"AutumRoyal"
"Itum5_37bands_264",33.62275,33.62285,44.61851,51.92705,55.62419,59.05796,63.9754,64.17309,62.46569,62.9156,59.49009,56.61309,3.21123,35.69983,56.59954,57.27955,54.58505,51.41968,51.13231,49.45389,46.60572,50.45802,47.39145,44.50378,42.97505,43.10377,40.66034,39.86007,41.2069,44.71462,47.27786,44.86495,40.49427,37.4752,34.02833,31.38338,29.25416,"Itum5"
"Crimson_37bands_265",39.60753,39.60735,45.25903,47.91466,49.39413,50.66481,56.75833,57.85246,59.41888,60.93206,59.97642,59.69482,17.24276,70.10909,103.26338,95.98947,87.60313,85.26068,85.72884,77.99661,79.45707,85.43889,74.94806,65.18373,66.50365,64.90148,59.69874,52.25881,44.90344,50.96198,63.48134,62.23201,61.31588,58.67847,55.08808,46.86629,37.00579,"Crimson"
"AutumRoyal_37bands_265",21.992,21.99236,20.22151,19.06401,19.47934,20.71684,20.42292,17.59007,16.76982,14.89981,12.33886,9.28217,29.42234,49.62688,44.59262,42.18613,46.91803,56.54692,60.0448,63.25577,63.94023,65.26654,68.31934,64.51825,60.54652,58.17868,56.04659,53.0423,53.02582,57.0092,63.52026,62.96284,60.89355,57.36874,54.69353,46.95609,40.02627,"AutumRoyal"
"Itum5_37bands_265",37.81628,37.81638,48.68916,55.85963,59.69499,62.99481,67.6249,67.36264,65.3021,65.45744,61.66395,59.07577,2.11902,33.01596,54.30472,55.68565,53.08561,49.96328,49.49951,47.83141,44.99343,48.73418,45.53094,42.94365,41.54004,41.56682,39.41108,38.74837,40.05773,43.71891,46.24214,43.93925,39.77822,36.9055,33.52338,30.90357,28.72959,"Itum5"
"Crimson_37bands_266",40.04633,40.04624,45.437,47.93742,49.39076,50.65438,56.72471,57.51927,59.19316,60.55881,59.72793,59.40296,16.85586,70.91012,103.79196,96.25525,88.11569,86.00771,86.61171,78.91245,80.38151,86.60633,75.80821,66.21892,67.43185,66.01911,60.80742,53.42366,46.31986,52.45343,64.8803,63.66636,62.51927,59.91901,56.3657,47.97468,37.98322,"Crimson"
"AutumRoyal_37bands_266",22.25947,22.26023,20.36309,19.26799,19.6597,20.83246,20.47111,17.67909,16.94672,15.09153,12.6049,9.2901,29.24824,48.9128,44.04806,41.45252,46.26023,56.11186,60.01899,63.15341,63.79135,65.08827,68.27178,64.52769,60.81097,58.39108,56.17428,52.88551,52.76928,56.58435,63.20143,62.61302,60.61146,57.3728,54.7918,47.17922,40.41761,"AutumRoyal"
"Itum5_37bands_266",28.44619,28.44634,36.90471,42.63341,45.89564,48.61452,52.60323,52.40314,50.84134,51.09519,48.12493,46.43021,1.92809,32.64022,54.09622,55.65915,53.13489,50.1557,49.75306,47.94244,45.09844,49.23777,45.97549,43.02658,41.65462,41.84099,39.61639,38.90023,40.16596,43.73728,46.38311,44.00843,39.62054,36.7533,33.4785,30.98451,28.87862,"Itum5"
"AutumRoyal_37bands_267",26.32527,26.32573,26.46644,26.37875,26.9609,28.57355,29.20965,27.07072,26.51049,25.30158,23.09086,20.02873,27.83477,57.3326,62.41472,59.71855,62.51338,69.887,72.13734,73.8521,72.97491,74.33961,75.90508,70.75756,65.79661,62.71327,59.58458,55.4534,55.00691,59.05082,66.00505,65.4158,62.72177,58.1436,54.09002,46.09894,39.11763,"AutumRoyal"
"Itum5_37bands_267",37.71642,37.71657,46.513,52.44219,55.27602,57.87911,61.27752,60.8083,59.02368,58.95462,55.74708,52.10839,3.53165,33.33351,52.13242,52.94624,50.79929,48.46031,48.33341,46.67109,43.93985,47.86909,44.82637,41.93931,40.1793,40.25805,37.81731,36.7495,38.09101,41.43178,44.31012,42.31569,38.58977,35.94014,32.83354,30.48002,28.62116,"Itum5"
"Crimson_37bands_267",22.48915,22.48857,25.43769,26.13862,26.57381,27.4331,30.95829,30.90349,32.66542,33.96556,36.37834,38.00459,24.61226,69.28869,97.5428,89.95023,82.30219,80.42151,81.69567,73.98748,75.86722,82.48318,72.15167,62.04768,63.16125,61.71341,56.26494,48.98164,41.73453,46.81758,58.78644,57.45667,56.39585,54.13973,50.70494,43.5059,35.13135,"Crimson"
"Crimson_37bands_268",22.28855,22.28788,25.48126,26.23174,26.59993,27.52588,30.91939,30.82194,32.47059,33.89505,36.74874,38.70341,24.55326,68.03765,95.7123,88.38533,80.84123,79.16386,80.29092,72.9398,74.74642,81.1455,71.25658,61.58122,62.29507,60.88826,55.27265,47.84864,40.59421,45.62489,57.74999,56.62056,55.73717,53.33697,49.96454,42.85784,34.52074,"Crimson"
"Itum5_37bands_268",36.06157,36.06181,45.124,50.97325,53.94573,56.5062,60.03054,59.46297,57.72111,57.67587,54.43195,51.89319,2.86841,32.68668,51.44237,52.46288,50.30929,48.17938,48.2142,46.51489,43.70517,47.72985,44.74594,41.81721,40.25617,40.27721,37.98804,37.02598,38.13889,41.52046,44.53381,42.41245,38.55941,35.89007,32.71545,30.4173,28.64576,"Itum5"
"AutumRoyal_37bands_268",23.49943,23.49943,23.47514,23.10165,23.46895,24.84962,25.59064,23.94617,23.75057,22.88875,21.39953,19.49164,28.57769,56.43077,60.71181,57.97429,60.8811,68.36602,70.44471,72.3482,71.54504,72.87533,74.61404,69.45236,64.3551,61.16181,58.10832,53.93407,53.1672,56.98918,64.15945,63.68341,61.23299,56.7422,52.98743,44.9793,37.83516,"AutumRoyal"
"AutumRoyal_37bands_269",30.92064,30.92068,30.3146,29.97347,30.32998,31.40349,32.47647,30.38509,30.55517,29.98532,29.07543,26.9487,30.72788,61.42206,68.00258,64.46637,65.67701,71.13661,71.84661,72.36988,70.82738,70.44465,71.34117,66.8536,62.25722,58.93642,55.5203,51.56575,51.33798,55.71171,63.97155,63.9792,62.10925,58.62383,56.13822,48.89363,42.27885,"AutumRoyal"
"Crimson_37bands_269",14.59431,14.59413,15.67569,15.77236,16.23728,17.05909,17.69058,15.96614,15.97937,15.16829,16.13097,16.87451,20.38292,62.06137,85.50635,81.05081,75.82843,75.44739,77.5187,70.40784,72.47162,79.17639,69.63377,60.09869,61.07407,59.88292,54.39965,47.48844,40.63933,45.91962,57.78331,56.57779,56.15961,54.65646,52.38296,45.44726,37.0537,"Crimson"
"Itum5_37bands_269",33.30166,33.30192,43.73179,50.55834,54.23315,57.87949,63.17208,63.44376,61.75385,62.30522,59.13046,55.8297,5.47683,32.98129,52.42499,53.39852,51.05671,48.33353,48.3177,47.10808,44.56038,48.49287,45.67392,43.11605,41.68723,41.78834,39.68576,39.23168,40.48087,43.96734,46.4262,44.03166,39.87168,37.02778,33.69441,31.34569,29.50477,"Itum5"
"Crimson_37bands_270",16.14206,16.14197,16.4987,16.25989,16.76875,17.57373,18.08447,15.96129,15.72757,14.32548,14.13217,13.77756,21.58047,62.221,85.92991,81.31244,75.93149,75.46804,77.15042,70.12134,72.17735,78.92164,69.38433,59.96075,60.95896,59.59832,54.14269,47.40101,40.32431,45.48359,57.38586,56.53902,56.06743,54.38963,52.20473,45.40101,36.97303,"Crimson"
"AutumRoyal_37bands_270",28.36855,28.369,27.3811,26.75307,27.1782,28.18904,28.78464,26.35965,26.37318,25.37885,24.20978,22.29411,31.32978,61.31246,67.56061,63.79121,65.23856,71.08271,71.93177,72.36563,70.84402,70.18482,71.22174,66.99987,62.78379,59.62398,56.07669,52.03508,52.29285,56.44128,64.53479,64.61971,62.80686,59.41128,56.98556,49.68178,43.14618,"AutumRoyal"
"Itum5_37bands_270",29.18464,29.18444,38.0582,43.52268,46.63828,49.56309,55.6213,56.11031,55.31208,56.1536,54.12896,52.71986,3.11444,33.40944,55.06974,56.0253,53.21321,50.15022,49.76235,48.35295,45.72279,49.51209,46.48513,43.82302,42.18741,42.3072,40.18202,39.52237,40.72208,44.30825,46.75428,44.35845,40.25106,37.27726,33.91403,31.40052,29.22289,"Itum5"
"Crimson_37bands_271",36.979,36.979,43.53277,47.10244,49.23575,51.4345,56.9075,57.23481,57.50928,58.24698,55.54716,54.19645,17.78841,68.30351,101.41434,94.32615,85.6869,83.08273,83.30577,75.60817,77.02607,83.35386,73.40564,63.48171,63.89849,62.12988,56.67571,48.89747,41.61363,46.68415,58.50595,57.24925,55.95946,53.06488,49.05346,41.18313,31.97775,"Crimson"
"AutumRoyal_37bands_271",30.32413,30.32426,30.53256,30.56758,31.14151,32.39691,33.6212,31.64442,31.66861,30.8836,29.88338,28.07327,35.47824,62.96722,67.49502,63.29562,64.36448,70.11627,71.11913,72.10239,70.84871,70.48921,71.73614,67.26425,62.5626,59.20693,56.07159,52.03458,51.88285,55.97114,63.91453,64.03401,62.02806,58.53604,56.03815,48.82386,42.4355,"AutumRoyal"
"Itum5_37bands_271",39.41566,39.41581,48.56539,54.55157,57.26471,59.89762,64.11498,64.20882,62.56153,62.72162,60.04542,55.17554,5.16299,35.67991,55.7702,56.56112,53.64109,50.27553,49.77619,48.1762,45.49187,49.20399,46.03648,43.28295,41.89579,42.02901,39.84636,39.11178,40.32553,44.04852,46.76049,44.47515,40.33782,37.45534,34.26369,31.86084,29.81166,"Itum5"
"Crimson_37bands_272",36.10084,36.10107,42.38839,45.66867,47.6853,49.98047,55.00045,54.97013,54.86831,55.34345,52.72583,51.23115,17.1407,67.67919,101.13053,93.93344,85.41599,82.83946,83.16941,75.40569,76.7528,83.44278,73.47488,63.37511,63.89452,62.2587,56.63426,48.9103,41.4685,46.47978,58.05256,56.79408,55.43984,52.33209,48.16348,40.46315,31.58999,"Crimson"
"Itum5_37bands_272",40.0588,40.05865,49.87072,56.23554,58.94941,61.61523,65.81167,65.79013,64.02343,64.19032,61.3686,55.72551,4.73322,33.29777,51.72114,52.76292,50.75347,48.59245,49.05268,47.21445,44.60881,48.82993,45.74541,42.67094,41.11028,41.13968,38.50972,37.5334,38.80903,42.25489,45.04318,43.08123,39.16187,36.69353,33.76526,31.33299,29.52127,"Itum5"
"AutumRoyal_37bands_272",30.61687,30.61692,30.51063,30.38215,30.86426,31.99252,33.08809,30.99207,31.12671,30.30075,29.76085,28.2736,36.21337,64.60297,70.08105,65.59194,66.22679,71.73056,72.50186,73.39141,71.96723,71.73667,72.70097,68.18255,63.45531,60.11041,56.71333,52.82529,52.44743,56.83716,64.79739,64.82923,62.79624,59.12378,56.55013,49.30828,42.96253,"AutumRoyal"
"Crimson_37bands_273",22.09374,22.09343,24.61836,25.23893,25.69137,26.19673,28.91366,28.18912,30.07058,31.37239,34.95479,37.36234,28.03073,71.12389,98.70643,91.13868,83.53091,81.44762,82.91206,75.01629,76.79477,83.60025,73.36061,63.45855,64.58537,63.3595,57.51368,50.40684,43.57625,48.84082,61.11672,59.74761,58.5468,56.42822,53.35547,46.45723,38.43712,"Crimson"
"Itum5_37bands_273",32.46816,32.46857,42.15474,48.27754,51.43734,54.22494,58.30128,58.12482,56.51169,56.65307,53.70353,52.33433,2.31347,32.07527,52.15448,53.90823,51.38474,47.7866,47.39553,45.55927,42.63338,46.53994,43.67848,41.0409,39.75405,40.06555,38.12457,37.41461,38.85301,42.70778,45.43632,43.31641,39.31656,36.78128,33.93734,31.65919,29.76984,"Itum5"
"AutumRoyal_37bands_273",22.53763,22.53821,20.58164,19.45892,19.8481,21.12922,20.88172,18.01161,17.22675,15.35296,12.70893,9.34351,29.86809,48.54247,41.41885,38.92649,44.17507,54.53861,58.29896,61.87423,63.00578,64.22944,67.74134,64.30106,60.33181,57.93102,56.02725,53.22263,53.28941,57.38048,63.51186,63.15557,61.34445,58.03393,55.64394,48.12814,41.48241,"AutumRoyal"
"AutumRoyal_37bands_274",22.37586,22.37649,20.53922,19.4753,19.86084,21.08668,20.81338,17.97281,17.19861,15.40201,12.8755,9.66097,30.4824,51.53787,46.69358,44.26443,48.93227,58.54135,61.8127,65.03588,65.77493,67.06569,70.08062,66.31854,62.07496,59.50588,57.41644,54.23552,54.49751,58.6987,65.00864,64.65721,62.75185,59.24625,56.75593,49.15147,42.42775,"AutumRoyal"
"Itum5_37bands_274",33.2326,33.23265,42.60712,48.48273,51.46156,54.16423,58.35289,58.10722,56.56676,56.72274,53.84692,52.61428,2.91597,33.45057,53.97354,55.30361,52.51167,48.84641,48.09633,46.31149,43.53849,46.99372,44.07091,41.55851,40.22165,40.26554,38.25521,37.61998,39.0733,43.03496,45.87883,43.74634,39.78561,37.21294,34.46286,32.16376,30.16055,"Itum5"
"Itum5_37bands_275",37.48078,37.48088,47.16053,53.29562,56.25918,59.24265,64.17701,64.59336,63.20013,63.70403,61.18365,56.30894,5.28547,34.94014,56.33206,56.99141,53.81515,50.26391,49.26652,47.71734,45.01191,48.29768,45.75599,43.01362,41.39197,41.44821,39.56551,38.8439,40.15233,43.79741,46.35769,44.09509,39.97356,37.0492,33.70056,31.1647,29.03714,"Itum5"
"Crimson_37bands_275",30.23107,30.23075,34.70218,36.13341,36.91485,37.97947,43.88422,45.01178,47.27874,49.25636,50.4514,51.16337,18.28912,69.49563,101.20034,93.65002,85.7673,83.43454,84.10785,76.17456,77.53945,83.9816,74.14184,64.269,64.87107,63.29542,57.6328,50.24666,43.22087,48.31486,60.56555,59.27498,58.0784,55.55304,51.87497,44.28042,35.28753,"Crimson"
"AutumRoyal_37bands_275",20.98289,20.98338,19.15617,17.99905,18.4343,19.73953,19.40705,16.44862,15.62136,13.70747,10.95375,8.02679,29.40971,49.14194,42.74795,40.32406,45.18036,55.03661,58.3898,61.99847,62.84905,64.18292,67.52364,63.95614,59.81613,57.1936,55.23016,52.39084,52.45852,56.65122,63.09948,62.71638,60.80316,57.39089,54.98915,47.3812,40.63568,"AutumRoyal"
"Crimson_37bands_276",27.30925,27.30893,31.43424,32.64453,33.20283,34.22006,39.27475,40.35061,42.77961,45.00824,46.94072,48.11082,16.67528,67.65824,100.0144,92.89761,85.33875,83.1368,84.23729,76.17148,77.67547,84.42961,74.38886,64.43707,65.2158,63.88543,58.14837,51.04339,43.9943,48.95531,61.15819,59.63462,58.21043,55.78022,51.9705,44.45753,35.73331,"Crimson"
"AutumRoyal_37bands_276",21.5799,21.58045,19.76697,18.64643,19.08302,20.31322,20.00009,17.10966,16.34574,14.4752,11.82312,8.71788,30.05574,50.31181,45.05788,42.47757,46.92955,56.46159,59.56806,62.84298,63.57976,64.59069,67.72831,64.28398,60.16157,57.62202,55.68473,52.84207,52.85851,57.17938,63.57056,63.17437,61.33713,57.97591,55.64857,48.04745,41.36609,"AutumRoyal"
"Itum5_37bands_276",36.06138,36.06138,45.68748,51.62965,54.64119,57.71169,63.44814,64.01616,62.80107,63.43533,61.08483,56.40803,5.59394,33.67077,54.67948,55.70212,52.67938,49.30999,48.55059,47.05019,44.21012,47.93168,45.2242,42.58437,40.93102,40.96009,38.94946,38.21741,39.61228,43.05611,45.67538,43.41355,39.22941,36.39583,33.05981,30.75311,28.94272,"Itum5"
"Crimson_37bands_277",19.68603,19.68536,21.90223,22.37177,22.80379,23.34219,25.05864,24.05188,25.13732,25.58873,28.54196,30.50782,30.35782,71.73483,97.6148,90.0458,82.7451,81.15447,82.63719,75.16174,77.23635,83.37118,73.89598,64.24066,65.14496,63.62291,57.90075,50.83463,43.77717,49.02552,61.59637,60.52484,59.69136,57.63398,54.31997,47.33319,39.07795,"Crimson"
"Itum5_37bands_277",32.91092,32.91087,42.80146,49.02255,52.39448,55.37798,59.98316,59.87557,58.4771,58.82032,55.69943,53.84405,2.52792,32.98513,54.2989,55.89536,53.1656,49.65107,49.00744,47.02526,44.04097,48.04274,45.19874,42.31116,40.68983,40.89507,38.88064,38.14078,39.41959,43.10095,45.76635,43.47011,39.33524,36.46519,33.10316,30.70435,28.65555,"Itum5"
"Crimson_37bands_278",25.2117,25.2113,28.62222,29.53551,30.07465,30.54749,34.63932,34.88045,37.25634,39.06245,42.63707,45.26082,29.40101,70.49455,95.99296,88.42237,81.53143,80.17209,81.38715,74.36454,75.90301,82.10982,72.90651,63.63057,64.1056,62.44408,56.98704,49.77471,42.89126,47.82441,60.30187,59.35979,58.4657,56.23938,53.04096,46.1724,37.96411,"Crimson"
"AutumRoyal_37bands_278",21.83331,21.83382,19.96214,18.79842,19.17877,20.4911,20.21691,17.33566,16.46537,14.59596,11.92195,8.63986,29.98518,51.15122,47.4288,45.32715,49.86304,59.03605,62.09812,65.24339,65.7442,66.70639,69.75173,65.9915,61.79912,59.17268,57.03303,54.04785,54.3358,58.6492,65.27391,64.80804,62.83331,59.17236,56.55884,48.88288,42.0675,"AutumRoyal"
"Itum5_37bands_278",36.5562,36.55665,47.71467,54.94987,58.76782,62.09095,67.05087,66.98994,65.24724,65.64537,62.11745,59.68787,2.78823,33.09273,52.90623,54.16129,51.80458,49.08813,48.83668,47.01035,44.15971,48.18284,45.46614,42.38654,40.71402,40.77956,38.61079,37.64378,39.07985,42.52197,45.34413,43.29643,39.41789,36.72165,33.54644,31.06935,29.0267,"Itum5"
"Crimson_37bands_279",18.31113,18.31056,21.65204,22.49218,22.83453,23.85099,26.9346,26.99956,28.57696,30.01903,32.95088,35.00287,22.01041,67.69458,95.12401,88.44807,81.46553,79.78519,80.8762,73.71187,74.99046,81.3585,71.92253,62.59952,63.12637,61.47564,55.86902,49.09789,42.23379,47.16865,59.62813,58.63179,57.70486,55.72018,52.86484,45.71692,37.08221,"Crimson"
"AutumRoyal_37bands_279",26.75343,26.75352,26.02323,25.42439,25.81109,27.02736,27.53884,25.29268,25.14729,24.05507,22.66402,20.00226,30.96934,60.74021,66.24181,62.99651,64.88903,71.33688,72.48168,73.65732,72.36582,72.60243,73.91766,69.2751,64.40767,61.13977,57.91866,53.84999,53.47421,57.74877,65.56221,65.43045,63.28226,59.35355,56.30513,48.73097,41.8797,"AutumRoyal"
"Itum5_37bands_279",41.60948,41.61008,52.63493,60.20544,64.50227,68.1957,72.63317,72.35254,70.22333,70.39266,66.22109,60.91786,2.21299,32.4082,56.39621,57.83796,54.7169,50.91775,49.63903,48.28939,45.56389,48.95403,46.68839,43.99064,42.20708,42.40721,40.52252,39.84217,41.16308,44.50594,46.4684,43.94292,39.58261,36.45592,32.78958,30.07153,27.6896,"Itum5"
"Crimson_37bands_280",21.98414,21.98379,24.63814,25.30386,25.82744,26.6367,29.74063,29.41816,30.96048,31.93176,34.02166,35.24359,21.8714,67.91006,95.41572,88.66106,81.76861,80.33358,81.48706,74.09308,75.56807,81.81537,72.57595,63.05648,63.59173,62.13443,56.52009,49.45987,42.8799,48.07273,60.40178,59.3423,58.35498,56.43551,53.56484,46.50811,38.04746,"Crimson"
"AutumRoyal_37bands_280",29.21181,29.21207,28.79124,28.29272,28.79411,30.11413,31.10019,28.87691,28.75815,27.75943,26.21939,23.70212,33.23664,64.04443,70.56911,66.81916,68.01487,73.70424,74.25747,75.40566,73.92963,74.08837,74.97547,70.26748,65.15106,61.69308,58.53236,54.43477,54.05325,58.58129,66.52239,66.31804,64.00984,59.92919,56.83103,49.23042,42.44293,"AutumRoyal"
"Itum5_37bands_280",31.63566,31.63571,41.23084,47.66581,51.24958,54.60583,59.2705,59.24608,57.88032,58.29666,54.94461,52.35822,2.94073,34.24903,59.13585,60.56219,57.47261,53.77107,52.22505,50.95636,48.00016,51.4743,48.92746,46.08407,44.11706,44.38745,42.42224,41.6745,43.06648,46.74955,48.7419,46.15256,41.79046,38.43082,34.66395,31.80073,29.2014,"Itum5"
"Crimson_37bands_281",29.12646,29.12628,33.16108,34.60852,35.46007,36.85037,41.10473,41.15899,42.07059,42.90006,42.87742,42.61265,20.82442,70.15054,97.96159,90.48877,83.6879,82.31933,83.31319,76.27987,77.79268,83.64466,74.60756,65.20867,65.65045,64.04764,58.51459,51.4953,44.59689,49.63417,62.30156,61.21608,60.54089,58.32973,55.12032,47.50205,38.37223,"Crimson"
"Itum5_37bands_281",41.10351,41.10356,51.70039,58.32812,61.30442,64.03166,69.04825,69.59462,68.10947,68.57227,66.07425,62.2903,7.17531,37.97039,57.15412,58.06293,54.81397,50.76051,49.86853,48.22792,45.37382,48.82269,46.0749,43.46656,41.96844,42.12906,40.23077,39.61586,41.15141,45.11198,47.79237,45.5131,41.41104,38.62313,35.57493,33.20843,31.10677,"Itum5"
"AutumRoyal_37bands_281",25.1198,25.12024,23.20756,22.11344,22.4798,23.71177,23.37844,20.49286,19.77248,17.84948,15.32433,12.34101,37.83363,52.23021,45.82526,41.48841,44.68188,53.06389,54.95969,58.01937,58.27869,57.58913,60.87599,57.58013,53.45279,50.4908,48.50064,45.30897,45.3077,49.09818,56.17342,56.67655,55.76822,53.03757,51.60312,44.96307,39.28388,"AutumRoyal"
"AutumRoyal_37bands_282",22.63827,22.63858,20.86854,19.80716,20.24733,21.48439,21.10024,18.18828,17.4872,15.584,13.12297,10.32523,37.57565,52.00237,45.62375,41.33886,44.62027,53.03145,55.06441,57.85027,58.11574,57.26046,60.41797,57.13432,52.93067,49.85675,47.59673,44.35909,44.39778,47.78429,54.89757,55.4039,54.58896,51.84174,50.31992,43.67745,37.87243,"AutumRoyal"
"Itum5_37bands_282",39.46569,39.46553,49.82045,56.21288,59.06719,61.70794,66.74267,67.09517,65.68778,66.1158,63.73567,59.7703,7.38008,37.53786,56.28635,57.07105,53.96028,50.03756,49.2546,47.7296,44.83985,48.30775,45.57429,42.92828,41.46018,41.60937,39.58036,39.00314,40.43003,44.3292,47.17275,44.89407,40.85539,37.9857,34.90375,32.49856,30.50041,"Itum5"
"Crimson_37bands_282",25.59625,25.5959,29.5387,30.9889,31.80259,32.90066,37.39992,37.3735,39.38508,40.82004,41.77499,42.56534,20.62428,69.01876,96.69885,89.51611,82.76937,81.35561,82.12467,75.08798,76.30642,81.70555,72.61479,63.34368,63.64431,62.00605,56.54997,49.53565,42.9603,48.08049,60.18888,59.07614,58.21069,55.94384,52.6938,45.13355,36.25827,"Crimson"
"Crimson_37bands_283",26.07713,26.07698,29.22916,30.07948,30.61004,31.44835,35.22215,35.07962,36.97128,38.4152,40.44279,41.61479,24.79631,67.29909,93.12148,86.22512,79.63914,78.31665,79.4815,72.52835,74.10001,79.96713,71.10632,61.90795,62.42772,60.85116,55.33685,48.43799,42.08725,47.17827,59.48724,58.45588,57.64347,55.71391,52.7933,45.78016,37.50607,"Crimson"
"AutumRoyal_37bands_283",22.2986,22.29923,20.49721,19.34289,19.73661,21.03453,20.79644,17.83319,16.97988,15.04711,12.34693,9.05592,29.71962,51.33503,46.773,44.46841,48.99223,58.37869,61.56289,64.69036,65.23668,66.40399,69.51188,65.6125,61.37287,58.80198,56.67556,53.57898,53.70849,57.88193,64.46354,64.13687,62.24558,58.87149,56.3313,48.75069,42.04275,"AutumRoyal"
"Itum5_37bands_283",38.92105,38.92133,49.96819,57.4158,61.4753,64.72515,69.00225,68.50726,66.4182,66.45408,62.44071,59.54985,2.60413,34.21343,57.4536,58.89527,55.75246,51.8006,50.47578,48.79414,45.74048,49.30341,46.57697,43.79955,42.06233,42.06017,40.10291,39.34384,40.76903,44.43587,46.96776,44.63153,40.26628,37.10214,33.63407,30.94021,28.64691,"Itum5"
"Crimson_37bands_284",28.25398,28.25398,31.48546,32.43981,33.15684,34.32232,38.57014,38.4503,40.07558,41.22661,42.37161,43.01769,26.49284,68.65517,94.77253,87.37355,80.62114,79.2715,80.70762,73.65814,75.08292,80.72756,71.9002,62.55632,62.96178,61.36549,55.95386,49.19848,43.14126,48.17903,60.49779,59.39408,58.64946,56.57086,53.51693,46.48906,38.22621,"Crimson"
"Itum5_37bands_284",35.50807,35.50846,46.98263,54.62926,58.85786,62.25278,66.44007,65.83023,63.76566,63.76169,59.64173,57.64962,2.66214,32.21363,53.69962,55.03538,52.53619,49.65394,49.10088,47.47966,44.49345,48.38345,45.79147,42.68633,40.89078,40.93126,38.70659,37.89108,39.32005,42.69251,45.31431,43.05618,38.97527,36.04794,32.57328,30.03915,27.96119,"Itum5"
"AutumRoyal_37bands_284",22.25149,22.25177,20.04713,18.86364,19.22161,20.43426,20.07534,17.11038,16.37079,14.466,11.69463,8.63324,29.9033,50.90257,45.96079,43.66362,48.21297,57.64949,60.67648,63.90995,64.4947,65.5249,68.52363,64.92752,60.77843,58.12894,56.04025,52.97791,53.09227,57.27191,63.85069,63.50611,61.68304,58.45672,56.28536,48.8894,42.35965,"AutumRoyal"
"Crimson_37bands_285",26.67242,26.67228,29.51688,30.28453,30.83983,31.6259,36.03371,36.21163,38.31688,39.80778,41.78531,42.8836,21.71534,69.41472,95.73035,88.79048,82.11316,80.47162,81.32987,73.9973,75.30286,81.0933,71.83448,62.37814,62.84005,61.28098,55.46811,48.52141,42.28084,47.52303,60.21806,59.00948,58.01685,56.11716,53.4514,46.4176,37.85956,"Crimson"
"AutumRoyal_37bands_285",20.16582,20.16681,18.45288,17.36259,17.70441,19.00699,18.83451,16.03727,15.18589,13.39545,10.81571,7.682,31.75935,47.34008,39.30844,35.52691,40.41571,50.68701,54.09784,58.40994,59.70061,60.62911,64.86718,61.60638,57.58776,55.14116,53.81828,51.03943,51.07942,55.02569,61.4805,61.25195,59.65396,56.24716,53.80891,46.31978,39.57586,"AutumRoyal"
"Itum5_37bands_285",31.81442,31.81461,40.92362,46.96621,50.37296,53.31554,57.2692,56.89226,55.31593,55.47229,52.28457,50.43976,2.19642,29.61056,49.01264,50.75846,48.87116,46.7641,47.02334,45.3452,42.55188,46.90364,44.27061,41.24635,39.53024,39.73007,37.45872,36.51065,37.81671,41.1797,43.90869,41.87116,38.02815,35.34947,32.08338,29.79624,27.98629,"Itum5"
"Crimson_37bands_286",24.33718,24.33669,27.09302,27.83547,28.39152,29.13406,32.78447,32.33817,34.40397,35.95347,38.75449,40.53451,21.71822,70.67914,97.25407,89.62458,82.93888,81.55766,82.57671,74.98885,76.40946,82.31158,73.00375,63.4952,64.11296,62.43819,56.62695,49.75543,43.5805,48.71662,61.5072,60.21731,59.24091,57.48503,54.76489,47.60281,38.93277,"Crimson"
"Itum5_37bands_286",34.97765,34.97775,44.75622,51.16673,54.69389,57.80592,61.98339,61.50884,59.84911,60.04358,56.65876,54.92183,2.24626,31.50209,54.04032,55.5224,53.02521,49.88204,49.56282,47.78002,44.70424,48.98314,46.26258,43.15036,41.51856,41.59245,39.33803,38.5206,39.97756,43.5478,46.20827,43.84133,39.56311,36.65638,33.24164,30.68665,28.64681,"Itum5"
"AutumRoyal_37bands_286",21.52907,21.52944,19.68229,18.47252,18.89083,20.13449,19.88484,16.87834,16.07822,14.22254,11.56123,8.41284,31.32544,47.27034,39.53043,36.44855,41.59493,51.76659,55.29464,59.36654,60.71136,61.78836,65.84426,62.5029,58.59002,56.14961,54.51287,51.90305,51.90993,55.82342,62.12831,61.76823,59.91658,56.42594,53.87342,46.32244,39.64961,"AutumRoyal"
"AutumRoyal_37bands_287",20.0833,20.08374,18.34238,17.27799,17.67864,18.94317,18.75307,15.96274,15.1621,13.40078,10.89848,7.92461,30.88608,52.6243,49.626,47.10505,51.06753,59.8496,62.599,65.55445,65.90591,67.02127,69.9606,65.87616,61.38518,58.62146,56.30289,53.12598,52.84008,56.7466,63.25794,63.06207,61.29048,57.76368,55.15725,47.78867,41.29926,"AutumRoyal"
"Itum5_37bands_287",41.58381,41.58412,52.22922,58.72266,61.84608,64.6995,68.89285,68.61757,66.97458,66.98357,63.69764,61.63616,4.77189,36.58527,55.3881,56.3439,53.74431,50.13844,49.72583,47.77149,44.72809,48.55327,45.6019,42.73944,41.14573,41.25358,38.87959,37.95916,39.64987,43.44869,46.39489,44.3971,40.47431,37.6999,34.61571,32.34224,30.43126,"Itum5"
"Crimson_37bands_287",14.2302,14.22977,17.21374,17.85315,18.19225,19.17947,20.81524,20.21703,20.91362,21.5671,24.48116,26.58387,23.39244,68.94368,98.53041,92.12394,84.57637,82.57516,82.69087,75.79063,76.82668,82.51876,74.06901,64.49727,64.47721,62.65998,57.1654,49.77287,42.88854,48.01715,60.26256,59.30276,58.227,55.45412,51.7857,44.24887,35.27708,"Crimson"
"Crimson_37bands_288",19.71336,19.71271,22.61382,23.38644,23.95396,24.63226,27.37051,26.91235,28.72855,29.84889,32.97753,35.27834,24.44262,69.24222,98.42576,91.88146,84.26452,82.41554,82.57402,75.91828,76.83717,82.39925,74.12815,64.54979,64.4571,62.5756,57.17753,49.51999,42.63897,47.52807,60.10753,59.39508,58.43502,55.43283,51.66188,44.22344,35.20878,"Crimson"
"Itum5_37bands_288",39.39725,39.3976,49.11279,55.13539,58.0302,60.52293,64.43953,64.23343,62.63229,62.67794,59.90327,58.00549,3.70547,33.57003,51.12009,52.53979,50.49741,48.01344,47.96688,45.87282,43.05008,47.15854,44.21516,41.1604,39.68775,39.64301,37.14198,36.2133,37.63989,41.21818,44.37158,42.54477,38.83416,36.31023,33.38125,31.35533,29.75741,"Itum5"
"AutumRoyal_37bands_288",19.19599,19.19662,17.62475,16.57638,16.91364,18.0907,17.84066,15.22208,14.50528,12.87601,10.55388,7.67469,30.95821,52.38509,49.16986,46.43239,50.51982,59.52094,62.43203,65.51141,65.71966,66.82253,69.69299,65.78132,61.24875,58.45991,56.1597,52.72065,52.60672,56.3714,62.87381,62.5413,60.71546,57.20843,54.59598,47.16109,40.55464,"AutumRoyal"
"Crimson_37bands_289",30.19566,30.1952,35.00556,36.58347,37.26985,38.29479,43.49113,44.3542,46.86002,49.06137,51.01961,52.24331,28.16055,69.49756,96.63344,89.21289,82.02453,80.3407,81.18777,74.32506,75.61388,81.27181,72.84953,63.17031,63.52232,61.80886,56.24568,49.08682,42.79294,47.87976,60.449,59.36318,58.44485,56.00985,52.41038,45.41872,37.18234,"Crimson"
"AutumRoyal_37bands_289",21.87276,21.87321,19.89784,18.70832,19.10481,20.36748,20.13922,17.23736,16.44771,14.55252,11.83739,8.74894,30.2443,46.64244,38.07753,35.21657,40.56367,51.19811,54.71791,58.89894,60.02632,61.02714,64.99424,61.82958,58.12825,55.76584,54.17476,51.58345,51.50829,55.75259,62.19386,61.83141,60.2947,57.22922,55.2395,47.83963,41.08585,"AutumRoyal"
"Itum5_37bands_289",47.18171,47.1814,58.85326,66.2116,69.21551,71.94928,77.26324,77.98718,76.43086,77.00451,74.41728,66.92526,8.547,37.97553,57.98338,58.50393,55.28665,51.08168,50.18257,48.4904,45.77213,49.08148,46.25184,43.81105,42.1016,42.41596,40.43694,39.93017,41.16742,44.93702,47.28472,44.86065,40.54791,37.5244,34.01931,31.59118,29.68052,"Itum5"
"Itum5_37bands_290",45.14374,45.14364,56.75741,63.9341,66.87731,69.67672,75.15448,75.69156,74.12938,74.59329,71.77015,66.28944,9.49708,39.07216,58.90568,59.40055,56.14085,51.82125,50.73009,49.17469,46.52724,49.48855,46.71372,44.37397,42.51461,42.65798,40.78162,40.0409,41.34786,45.26059,47.6794,45.27744,40.90105,37.94889,34.65688,32.23343,30.20996,"Itum5"
"Crimson_37bands_290",31.12831,31.12791,35.55664,37.057,37.77974,38.63889,43.8543,44.55531,47.29486,49.33883,51.36813,52.8022,27.74151,70.56789,98.20874,90.59697,83.50258,81.8704,83.16308,75.96448,77.61057,83.3182,74.51232,64.864,65.3957,63.75702,58.20879,51.18673,45.02307,50.12049,62.65752,61.4639,60.33305,57.95505,54.36093,47.13098,38.90379,"Crimson"
"AutumRoyal_37bands_290",23.66993,23.67039,21.67624,20.43633,20.86296,22.06715,21.81607,18.77257,18.02502,16.11422,13.38825,9.83675,31.24046,46.93871,37.42732,34.4549,39.88491,50.58009,54.07698,58.10077,59.37471,60.25592,64.24646,61.2717,57.71037,55.32472,53.79275,51.25377,51.59816,55.41776,61.80587,61.6343,60.05155,57.1386,55.28072,47.8442,41.29837,"AutumRoyal"
"Crimson_37bands_291",28.6722,28.67233,33.25491,35.3112,36.86904,38.71202,43.19239,42.86213,43.38919,43.80817,42.24976,41.12663,16.3,68.75919,96.6722,90.31146,84.15971,82.79516,83.32101,76.57748,77.45776,83.12737,74.4431,64.93774,64.8374,63.12862,57.78526,50.5438,44.03532,49.08357,60.98729,59.91552,58.7955,55.91595,52.17406,44.08664,34.58163,"Crimson"
"AutumRoyal_37bands_291",23.81479,23.81534,21.79279,20.61675,21.00164,22.28959,21.85664,18.77764,18.04204,16.09073,13.34418,10.03569,30.52022,50.82492,45.36499,43.11652,47.90917,57.54806,60.75614,64.1974,64.87125,66.00009,69.31543,65.56317,61.2942,58.6131,56.50027,53.55358,53.69959,57.9796,64.53099,64.15495,62.256,58.81219,56.47809,48.90589,42.06111,"AutumRoyal"
"Itum5_37bands_291",35.30698,35.30728,46.013,53.20606,57.31756,60.9267,65.55179,65.37614,63.52619,63.88077,60.15132,57.93118,2.28345,32.04809,55.70291,57.33002,54.4011,50.58477,49.82332,48.18632,45.24185,49.03761,46.33199,43.5891,41.99232,42.27518,40.33642,39.70641,41.09831,44.81422,46.96333,44.48036,39.98277,36.8633,33.39249,30.72797,28.52417,"Itum5"
"Crimson_37bands_292",29.61374,29.6137,34.76182,37.38209,39.21023,41.07701,45.90906,45.81825,46.29225,46.86057,45.30822,44.34504,16.47356,67.57333,95.19887,88.96757,83.03482,81.96243,82.43736,75.6129,76.65624,81.95679,73.59511,63.9717,64.20531,62.33378,56.97875,49.85662,43.3576,48.24625,60.15522,58.89974,57.69692,55.19231,51.45457,43.59786,34.39806,"Crimson"
"Itum5_37bands_292",32.76308,32.76328,43.26927,50.06975,54.16593,57.88423,63.65082,63.81872,62.32595,62.75292,59.51221,57.82528,3.11759,31.38386,53.45667,54.90031,51.97534,48.38189,47.50392,45.98718,43.36186,46.89849,44.37025,41.92769,40.25092,40.50131,38.6371,38.03744,39.28925,42.93287,45.03764,42.69817,38.39308,35.51315,32.0772,29.45849,27.28452,"Itum5"
"AutumRoyal_37bands_292",22.84462,22.84526,20.75398,19.56001,19.91725,21.17061,20.65649,17.54856,16.79905,14.76899,11.93878,8.72255,29.11961,49.82186,44.56758,42.66667,47.50732,57.07199,60.4034,63.68943,64.40053,65.76242,68.89248,65.11989,60.84622,58.32348,56.11405,53.26737,53.36458,57.67351,64.13051,63.67082,61.66037,58.18704,55.60855,47.99129,41.24921,"AutumRoyal"
"AutumRoyal_37bands_293",21.83703,21.83758,19.88706,18.75632,19.12855,20.40313,20.06208,17.06313,16.29967,14.35401,11.54967,8.29212,25.55603,47.84339,43.66384,41.93943,46.89443,56.7858,60.69346,63.9306,64.54042,66.63656,69.83913,66.09289,62.35369,60.04157,58.0532,55.28983,55.43527,59.79734,66.04894,65.07068,62.68284,59.14169,56.35108,48.48302,41.4436,"AutumRoyal"
"Crimson_37bands_293",30.69795,30.69768,35.07281,36.44896,37.10549,38.26807,42.68619,43.05705,44.88594,46.5597,47.66617,48.10338,31.00593,70.41979,94.86713,87.3152,80.45224,79.29998,80.19266,73.78746,75.07182,80.40206,72.2182,62.94569,63.10616,61.2485,55.88073,49.15711,42.72331,47.93303,60.36426,59.36291,58.53102,55.89052,52.53685,45.52594,37.14355,"Crimson"
"Itum5_37bands_293",29.44269,29.44343,40.31678,47.72125,52.10729,55.86626,60.07404,59.29905,57.14679,57.28693,53.0629,52.05827,1.14448,30.91956,54.48564,56.63169,54.1664,50.69538,50.11261,48.13743,44.92153,49.09935,46.21442,43.26294,41.68361,41.82232,39.55643,38.9236,40.47145,43.99448,46.57697,44.0862,39.81444,36.84956,33.35998,30.80449,28.60662,"Itum5"
"Crimson_37bands_294",30.13694,30.13666,35.31471,36.91949,37.42237,38.7844,43.93312,44.94955,47.1073,49.5502,51.41376,52.61533,29.05307,70.69381,96.37496,88.67268,81.73975,80.44442,81.49307,74.7838,76.22173,81.54974,72.89846,63.7131,63.98223,62.19098,56.75061,49.91484,43.81579,49.0447,61.27084,60.12944,58.89731,56.34527,52.88879,45.62987,37.22417,"Crimson"
"Itum5_37bands_294",26.15254,26.15274,35.35206,41.70596,45.58968,48.87761,52.39286,51.56356,49.64814,49.66386,45.79487,45.18115,1.34653,31.53644,54.90527,56.88527,54.41619,50.77775,50.05334,48.32335,45.12976,49.16001,46.12145,43.34624,41.69416,41.83273,39.68889,38.92059,40.36052,44.102,46.75889,44.31992,40.04324,36.99224,33.5156,30.89402,28.59341,"Itum5"
"AutumRoyal_37bands_294",24.73436,24.73491,22.55017,21.32022,21.71533,22.95056,22.62246,19.58044,18.8449,16.80083,14.01134,10.74087,31.17509,50.30679,43.78043,41.36516,46.28467,56.31922,59.8845,63.27096,64.16544,65.2365,68.57512,65.00068,61.22781,58.87786,56.9354,54.07125,54.35104,58.59269,64.96317,64.48589,62.57357,59.22152,56.99017,49.56811,42.95784,"AutumRoyal"
"AutumRoyal_37bands_295",22.8393,22.83974,21.01962,19.88435,20.22511,21.5299,21.25908,18.38302,17.55346,15.7236,13.13572,9.83553,29.68613,47.54948,40.99504,38.0823,43.38692,53.68125,57.62389,61.76054,62.74464,64.48255,68.32667,64.68617,60.32038,57.82158,56.08026,53.34736,53.09944,56.96448,63.17975,62.68077,60.76502,56.89706,53.9084,46.11964,39.02108,"AutumRoyal"
"Itum5_37bands_295",49.27075,49.27104,60.48532,68.06505,71.24656,74.11801,77.99532,77.83107,75.61572,75.76036,72.31815,65.158,4.81718,34.98644,54.19672,55.35404,52.45484,49.09485,48.30903,46.7234,43.97376,47.45772,44.82747,42.10436,40.40539,40.49868,38.45289,37.72642,39.10612,42.51863,44.91076,42.66459,38.44041,35.56232,32.00966,29.59339,27.74802,"Itum5"
"Crimson_37bands_295",29.18354,29.18323,32.12323,32.8787,33.61487,34.85613,39.17355,39.09985,40.3412,40.99516,40.69256,39.95142,25.31218,70.42292,97.58801,90.17875,82.96019,81.24882,82.01016,74.88949,75.89943,81.42623,72.80455,63.40729,63.41723,61.44701,55.79882,49.05221,42.93028,47.9893,60.50092,59.5028,58.6798,56.48247,53.30059,46.22115,37.73304,"Crimson"
"Crimson_37bands_296",31.37335,31.373,35.20136,36.30448,37.15031,38.43538,43.5158,43.82126,45.47554,46.62776,46.72795,46.48927,26.29657,71.52926,98.74066,91.15848,83.85218,82.10654,82.81375,75.98316,76.89839,82.21784,73.38166,64.2553,64.30835,62.35407,56.86897,50.03323,43.95908,49.24135,61.83401,60.84254,60.0395,57.6526,54.53708,47.22095,38.52801,"Crimson"
"AutumRoyal_37bands_296",21.93027,21.93072,20.13427,19.01624,19.3902,20.69483,20.394,17.44964,16.58342,14.67958,11.9237,8.58673,31.41609,49.76165,44.37521,41.27194,46.13199,55.83295,59.23839,63.28236,64.06745,65.47549,69.28115,65.43322,60.81085,58.18074,56.34167,53.26152,52.82999,56.68074,63.1001,62.7595,60.88657,57.02303,54.26925,46.52415,39.51342,"AutumRoyal"
"Itum5_37bands_296",46.13578,46.13622,56.73953,63.68051,66.81348,69.55902,73.52439,73.42452,71.56611,71.71618,68.49645,63.144,5.79003,38.30624,57.9596,58.67031,55.53685,51.73239,50.37945,48.82314,46.00685,49.16317,46.76968,43.93561,42.07055,42.15908,40.20667,39.3593,40.85974,44.44591,46.84801,44.55074,40.30446,37.26525,33.86575,31.25707,28.98709,"Itum5"
"Crimson_37bands_297",33.27012,33.27017,38.27456,40.62987,42.162,44.04542,49.24011,49.44538,49.82667,50.25673,47.99548,46.53066,20.41465,73.0116,101.96368,95.10593,87.7886,85.7546,85.19891,78.30922,78.6936,83.7009,75.05092,65.61576,65.45689,63.3962,57.94339,50.55776,44.0155,49.43736,62.1036,61.31186,60.42827,57.3055,53.57231,45.77422,36.35831,"Crimson"
"AutumRoyal_37bands_297",26.41403,26.41426,24.26645,23.15126,23.48813,24.63188,24.23935,20.91565,20.24883,18.26855,15.37194,11.5949,32.44673,47.84209,38.10376,34.71164,39.94029,50.74088,54.38907,58.66468,60.0246,60.95573,65.24414,62.14361,58.20305,55.88253,54.334,51.64582,51.88645,55.90608,62.07178,61.89519,60.41198,57.31765,55.2578,47.78237,41.1898,"AutumRoyal"
"Itum5_37bands_297",31.30979,31.31025,41.08826,47.56855,51.2652,54.51497,59.00128,58.6636,57.01486,57.28527,53.87925,52.23812,1.67162,29.7748,51.78629,53.38416,51.19026,48.53749,48.86403,47.05174,44.24895,48.80095,46.05103,42.70809,40.9194,41.12187,38.77608,37.85264,39.39784,42.88794,45.57815,43.29395,39.24456,36.36919,33.03877,30.4645,28.3482,"Itum5"
"Crimson_37bands_298",32.46688,32.46692,37.41125,39.61148,41.14478,43.07267,48.30981,48.40614,48.7452,49.11703,46.70208,45.12509,19.41684,72.23542,101.46384,94.6154,87.61143,85.73947,85.53669,78.43697,79.14575,84.33153,75.74436,66.27647,66.2692,64.33981,58.65825,51.53968,45.1657,50.58884,63.18424,62.06831,61.05413,58.22423,54.53929,46.67724,37.24216,"Crimson"
"Itum5_37bands_298",26.22586,26.22581,35.2949,41.02518,44.40374,47.58792,53.14827,53.44318,52.74424,53.58434,51.08822,51.16928,1.69114,30.59199,53.43806,54.99657,52.50382,49.02568,48.68662,47.04177,44.20753,48.04689,45.23654,42.62592,41.26272,41.44899,39.57719,38.79312,40.2874,43.98515,46.54639,44.05856,39.80717,36.77623,33.356,30.93478,28.80866,"Itum5"
"AutumRoyal_37bands_298",26.83871,26.83953,24.77555,23.63813,24.00823,25.151,24.65583,21.48072,20.79247,18.83386,16.01971,12.07674,30.79897,46.15731,36.67947,33.47739,38.81012,49.70595,53.53743,57.80276,59.21837,60.3723,64.59409,61.35592,57.65423,55.27599,53.71112,51.07029,51.23364,55.12914,61.04802,60.83107,59.26103,56.18077,54.0541,46.59953,40.01358,"AutumRoyal"
"AutumRoyal_37bands_299",20.99077,20.99117,19.32551,18.26907,18.70241,19.89951,19.79006,17.09274,16.48446,14.74971,12.4164,9.61301,32.41564,50.87965,45.84983,42.57806,47.04896,56.28862,59.1331,62.60247,63.02495,63.43703,66.70552,62.93311,58.68746,55.88996,53.83731,50.64742,50.55815,54.55509,61.64638,61.4741,59.85767,56.28151,53.74453,46.12404,39.22498,"AutumRoyal"
"Itum5_37bands_299",31.58673,31.58712,40.90704,47.28852,50.82189,53.85992,57.43488,56.96227,55.18374,55.37421,52.22899,50.07541,2.38702,33.11378,55.35473,57.0313,54.16223,50.26701,49.09123,47.37727,44.37901,48.04959,45.20639,42.74407,41.04341,41.23042,39.19062,38.44502,39.96929,43.62362,45.85423,43.44324,39.15645,36.17558,32.81898,30.23655,28.09251,"Itum5"
"AutumRoyal_37bands_300",23.1001,23.10047,21.1372,20.0253,20.44377,21.63246,21.30472,18.25471,17.65763,15.83726,13.32375,10.32598,31.14407,50.44182,46.54457,43.79803,48.19533,57.35607,60.38467,63.62652,63.9207,64.90816,67.93203,64.14282,59.92669,57.2158,55.11436,52.02707,51.97655,56.29288,63.21775,62.86582,61.04035,57.62216,55.15484,47.75397,41.026,"AutumRoyal"
"Itum5_37bands_300",37.10182,37.10235,48.39565,56.0492,60.19094,63.67664,67.86499,67.47028,65.36119,65.51142,61.75005,58.60465,2.43289,34.07102,56.70041,58.26176,55.50356,51.69685,50.49683,48.67552,45.63359,49.40634,46.56536,43.68381,42.03714,42.2133,40.15931,39.38232,40.91332,44.51957,47.0327,44.63344,40.1864,37.18767,33.75078,31.14765,28.93855,"Itum5"
"AutumRoyal_37bands_301",24.07887,24.07924,22.12096,21.05764,21.47968,22.65823,22.42925,19.5806,18.92373,17.07004,14.65782,11.63522,37.55425,57.02725,51.04584,46.97572,51.01286,60.92229,63.71364,67.08959,67.33987,67.04201,70.31947,66.84078,62.36552,59.27816,56.5531,53.18041,53.22271,56.83076,63.91466,64.22098,63.02024,60.12677,58.39627,50.96121,44.03442,"AutumRoyal"
"Itum5_37bands_301",37.85561,37.85626,46.97328,52.84934,55.91288,58.63323,62.11404,61.52066,59.83833,59.73444,56.62586,55.27,2.69197,33.26308,53.98641,55.58616,52.80207,48.91586,47.81535,45.98737,43.08253,46.57167,43.88242,41.12475,39.66056,39.83687,37.82076,37.00071,38.69202,42.72187,45.49,43.45192,39.48449,36.75424,33.93172,31.66934,29.63778,"Itum5"
"AutumRoyal_37bands_302",23.77624,23.77668,21.78963,20.67046,21.09745,22.30129,22.03649,19.11173,18.40958,16.46318,13.93389,10.94482,33.0123,56.95976,54.84508,51.78606,55.13086,63.73868,66.23412,68.52924,68.48367,68.99105,71.32073,67.37966,62.96461,60.04526,57.34872,53.82397,53.94204,57.88721,64.62691,64.46013,62.68579,59.36454,56.99484,49.68275,43.24175,"AutumRoyal"
"Itum5_37bands_302",38.73175,38.73225,48.76956,55.08843,58.36853,61.1742,65.13538,64.62388,62.78101,62.86311,59.62122,58.22512,2.24706,31.58938,51.24541,52.89866,50.67656,47.45049,47.04223,45.29432,42.35628,46.31154,43.267,40.5464,39.25675,39.39666,37.16963,36.44195,37.98674,41.66626,44.58316,42.70167,38.69042,36.10244,33.32113,31.07974,29.2554,"Itum5"
"AutumRoyal_37bands_303",23.20256,23.20292,21.29724,20.16524,20.55108,21.79648,21.46125,18.44631,17.68349,15.81261,13.09815,9.78328,31.30573,49.24252,42.18753,39.34332,44.20411,54.41589,57.83193,61.75378,62.7599,63.97767,67.75775,64.07102,59.73355,57.00242,55.00621,52.02864,51.90569,55.81361,61.8332,61.56141,59.79616,56.30564,53.88107,46.26294,39.35442,"AutumRoyal"
"Itum5_37bands_303",36.03758,36.03793,47.23461,54.71594,58.80293,62.1993,66.27407,65.71614,63.66733,63.72163,59.82657,57.99515,2.07764,32.7738,55.73206,57.71005,54.74625,50.64369,49.58241,47.82118,44.68434,48.584,45.59473,43.18506,41.48652,41.79853,39.82226,39.23451,40.75896,44.68538,46.92374,44.51536,39.93878,36.89976,33.46486,30.75713,28.51961,"Itum5"
"AutumRoyal_37bands_304",22.12615,22.12661,20.24108,19.05859,19.4535,20.79866,20.39822,17.41634,16.56857,14.63277,11.848,8.81245,31.42444,50.27106,44.00018,41.1663,45.85325,55.86695,59.29512,63.11313,63.96394,65.15664,68.81908,65.03978,60.69868,58.03707,55.93074,52.94366,52.89303,56.65384,62.69109,62.29098,60.4025,57.11001,54.77792,47.1107,40.26688,"AutumRoyal"
"Itum5_37bands_304",33.67317,33.67337,43.10318,49.53893,52.99173,55.80226,59.50525,59.00401,57.32594,57.37379,54.06752,51.8139,2.09218,34.26793,58.8355,60.74049,57.50644,52.85843,51.1916,49.47271,46.20369,49.82876,46.72211,44.20651,42.77244,42.9843,41.12988,40.60264,42.12171,46.26526,48.52992,45.89345,41.27546,38.1593,34.644,31.86675,29.47563,"Itum5"
"AutumRoyal_37bands_305",18.6787,18.67943,16.79766,15.62923,16.04961,17.31651,17.08444,14.15375,13.34202,11.42444,8.6457,5.97956,29.40676,46.18859,39.32075,36.58807,41.90024,51.87499,55.40524,59.73153,60.74731,62.21974,66.27719,62.63306,58.42005,56.02224,54.54884,51.82497,51.50233,55.705,62.18656,61.74819,59.86803,56.11245,53.39297,45.85188,38.91906,"AutumRoyal"
"Itum5_37bands_305",29.26349,29.26364,38.88113,45.15163,48.91384,52.44663,58.2159,58.16616,56.69889,57.14161,54.35561,52.66228,2.77523,31.82573,53.33617,54.38136,51.92,48.76106,48.5407,46.85684,43.88599,47.78415,45.1341,42.41893,40.66959,40.81496,38.6475,37.90227,39.3218,42.87236,45.69484,43.72018,39.75585,36.99319,33.85588,31.50353,29.64119,"Itum5"
"AutumRoyal_37bands_306",24.58821,24.58887,22.84807,21.73878,22.15452,23.31848,22.7612,19.65769,18.9363,16.97739,14.13684,10.03009,30.45504,47.51521,39.47506,36.72331,42.12965,52.55004,56.2435,60.5239,61.84313,63.33987,67.26423,63.9882,59.89245,57.61548,56.1077,53.54036,53.70225,57.9482,64.26089,63.77131,61.80092,58.15616,55.49796,47.83275,40.88798,"AutumRoyal"
"Itum5_37bands_306",34.73637,34.73658,45.46532,52.4492,56.41236,60.19052,65.57157,65.49554,63.6523,63.94401,60.7408,57.75395,3.42405,31.83473,54.26196,55.6141,52.8173,49.06773,48.4778,46.77796,43.87319,47.71382,44.84548,42.23363,40.88128,41.17054,39.01769,38.46042,40.00986,43.77618,46.53207,44.21484,39.90842,37.10859,34.03173,31.66216,29.76815,"Itum5"
"Crimson_37bands_401",15.63459,15.63319,20.02375,22.12873,22.78022,22.47875,24.28283,24.32415,27.14023,29.30186,33.7325,39.24022,12.07264,49.99551,68.39073,70.45742,67.00505,61.51064,58.62376,55.97586,53.42166,53.5638,50.38769,50.11733,50.5821,50.07528,47.38668,46.63908,48.46511,54.51036,60.74025,60.13737,57.76332,56.33683,54.82962,51.26402,48.62741,"Crimson"
"Crimson_37bands_402",22.92825,22.92764,26.00094,27.54902,28.14379,28.0589,29.79286,29.54939,31.65428,33.01769,35.75841,37.76874,12.65775,50.46084,68.32254,70.20616,66.84096,61.55404,58.57159,56.36895,53.73847,53.50824,50.55502,50.59557,50.83505,50.20489,47.73312,46.76137,48.77061,54.83533,61.10657,60.55967,58.5417,56.9969,55.65841,51.9359,49.10235,"Crimson"
"Crimson_37bands_403",20.3149,20.31406,23.57995,25.36043,25.90425,25.55679,26.84769,26.66347,28.72568,30.09251,34.02149,37.02298,24.75375,54.50574,69.38744,69.64443,66.0309,61.63345,58.82944,57.12475,54.55503,54.24152,51.60798,51.35233,51.45275,50.66287,48.2998,47.24166,49.07754,54.75408,60.56244,59.88072,57.63285,55.78307,53.97513,50.27677,47.78618,"Crimson"
"Crimson_37bands_404",23.3109,23.30978,27.62059,29.84774,30.5147,29.95302,32.21415,32.37741,35.00736,36.98807,41.76786,45.19336,23.04399,52.70047,68.15529,68.74922,65.035,60.41963,57.89169,56.04511,53.50273,53.40085,50.74857,50.42182,50.55604,49.91173,47.40164,46.40411,48.41697,54.02838,59.83455,59.12938,56.71436,54.93079,53.01179,49.2999,46.989,"Crimson"
"Crimson_37bands_405",43.64104,43.63976,52.30421,56.81111,57.76645,58.48261,66.5518,69.2969,71.91076,75.21626,75.08589,68.56583,18.42322,51.83458,69.74616,69.00152,64.86779,60.73751,57.79837,56.28751,53.21681,52.93063,50.48947,49.80725,49.29658,48.47166,46.11583,44.84787,46.57084,51.21138,56.12089,55.44931,53.04044,50.84161,48.48684,44.59269,41.96771,"Crimson"
"Crimson_37bands_406",33.98351,33.98175,42.98442,47.01709,48.0185,48.12599,56.37881,59.44784,63.96209,68.27917,70.47936,71.25117,18.75904,52.6887,71.12121,70.39113,66.13262,61.63476,58.60892,56.91795,53.93957,53.48625,50.991,50.46961,49.92952,49.04409,46.67035,45.33322,47.20979,52.05706,57.14062,56.50153,54.18219,51.98452,49.80715,45.86386,43.04122,"Crimson"
"Crimson_37bands_407",27.49787,27.49641,33.31168,36.10317,36.59423,36.07721,40.1565,41.20014,44.99343,48.19277,52.98392,56.41196,19.36355,54.46052,71.15622,71.09002,67.18861,62.99007,59.94596,58.27064,55.35291,54.9226,52.41144,52.06941,51.60383,50.81102,48.21537,47.05092,49.00038,54.31395,59.59324,58.98525,56.6469,54.5053,52.3653,48.34719,45.58534,"Crimson"
"Crimson_37bands_408",24.23915,24.23742,29.19135,31.66511,32.21819,31.8268,34.32746,34.58746,37.47095,39.88045,45.0014,49.45678,16.94008,52.1572,69.65893,70.09654,66.35065,61.8645,59.06581,57.15398,54.35594,54.15089,51.66436,51.16015,50.89925,50.03092,47.51791,46.31506,48.29387,53.64616,58.97142,58.20098,55.81731,53.62615,51.39654,47.50122,44.92315,"Crimson"
"Itum5_37bands_409",36.97096,36.9711,46.34294,52.32962,55.98826,57.78497,59.30466,59.46328,58.94433,59.53547,55.1248,65.44069,25.39814,59.82505,76.03479,79.59671,77.17198,74.25057,75.84769,73.25762,72.95676,77.80394,75.07947,72.33969,72.38989,73.22445,71.41967,70.94322,71.36771,72.59072,70.02913,66.58163,61.96497,59.10373,55.0431,51.67817,49.53486,"Itum5"
"Crimson_37bands_409",35.03046,35.02903,42.02342,45.4914,46.24055,45.87268,50.77503,52.12936,55.582,58.33885,61.80322,62.7205,26.58617,53.44888,69.31548,68.54704,64.28451,59.90944,57.15157,55.45087,52.83368,52.59767,50.04178,49.64821,49.60509,48.9483,46.57491,45.60398,47.48491,52.97125,58.56484,57.91204,55.4422,53.53373,51.46451,47.89308,45.66189,"Crimson"
"Crimson_37bands_410",33.1791,33.17775,39.56186,42.78789,43.50626,43.1658,47.31548,48.6312,52.11276,54.96447,58.12807,59.52941,27.48595,54.75469,70.74535,69.90788,65.53773,60.69171,57.90914,56.2327,53.49426,53.2419,50.67266,50.60164,50.44285,49.68863,47.24101,46.22215,48.177,53.74358,59.50117,58.83094,56.38314,54.4817,52.50654,48.77645,46.31231,"Crimson"
"Itum5_37bands_410",36.22932,36.22983,45.39338,51.15208,54.83843,56.68796,57.8511,57.9459,57.42122,57.92737,53.42725,64.97281,25.28771,60.18374,76.19775,79.71814,77.24665,74.51827,75.96493,73.74533,73.26974,77.98668,75.32711,72.60791,72.59422,73.45647,71.75948,71.18757,71.69764,72.77543,70.21978,66.7228,62.29932,59.44836,55.33637,51.86161,49.56463,"Itum5"
"Crimson_37bands_411",49.36,49.35836,58.19252,62.74308,63.72885,64.53985,73.26697,76.13991,78.88517,82.06898,80.97576,73.6862,20.58036,56.5434,75.77493,74.83768,70.04065,64.87308,61.0957,59.3411,56.06484,55.24526,52.72805,52.37285,51.72396,50.76697,48.25941,46.93552,48.89629,54.15543,59.81095,59.13177,56.71333,54.46687,52.18251,47.98283,45.05128,"Crimson"
"Itum5_37bands_411",26.58021,26.58072,35.38129,41.67921,46.52097,49.03632,49.31416,48.47184,47.56198,47.80998,42.85317,57.47653,16.66668,59.44544,79.32724,83.33517,81.30367,79.10401,80.21549,78.30855,77.56555,82.21767,79.74768,76.78484,76.08726,76.73618,75.01633,74.37832,74.77876,75.67591,72.51229,68.94011,64.12043,60.63565,55.95746,51.4274,48.0797,"Itum5"
"Crimson_37bands_412",50.29673,50.2957,61.55093,67.42316,68.86923,69.93854,80.55656,84.27402,87.14444,90.81618,88.89442,81.17639,19.42001,55.71999,75.49097,74.66127,69.93038,64.73558,60.96372,59.08308,55.76205,55.13335,52.60481,51.9165,51.46532,50.59831,48.05594,46.84658,48.82145,54.12447,59.70214,59.01244,56.47977,54.14124,51.80772,47.76427,44.94354,"Crimson"
"Itum5_37bands_412",27.86781,27.86846,36.69053,42.83614,47.56582,50.08013,50.58952,49.71797,48.8331,49.0497,43.41851,58.07322,15.97077,59.25658,80.15639,84.40145,82.08378,79.85389,80.83697,78.81857,77.88109,82.75448,80.10005,77.15432,76.50648,77.16598,75.39227,74.59449,75.06063,76.04274,72.98709,69.30661,64.39693,60.8443,56.06031,51.70898,48.39047,"Itum5"
"Crimson_37bands_413",14.75059,14.7492,18.70348,20.71407,21.39439,21.09818,21.19358,20.47597,22.21355,23.04689,27.73161,34.00462,25.29742,54.77698,70.00112,69.56567,65.82598,61.53453,58.71191,57.33296,54.67983,54.06578,51.79637,51.50536,51.18035,50.36594,48.00978,46.97016,48.77891,54.14566,60.05596,59.61642,57.60619,55.75589,54.09513,50.1947,47.44963,"Crimson"
"Itum5_37bands_413",41.9021,41.90229,52.11166,59.33652,63.46288,65.37887,66.23382,66.12362,65.04867,65.52954,60.90601,69.17384,24.63827,68.61806,89.3924,93.46288,90.29633,86.75073,88.3222,85.53029,84.89541,90.26336,86.90455,83.70758,83.59371,84.48648,82.18722,81.84396,82.59422,84.41501,81.60318,77.41718,72.22967,68.75464,63.9242,59.68831,56.80189,"Itum5"
"Crimson_37bands_414",27.56595,27.56447,32.0198,34.11746,34.50308,34.29355,37.3536,37.98205,40.86991,43.20421,47.01046,49.38196,21.38186,51.93708,67.32505,67.67106,64.1114,59.82096,56.92098,55.61883,53.02942,52.66495,50.46699,50.27194,50.32154,49.62785,47.30132,46.58395,48.64821,54.14064,59.88846,59.33768,57.05996,55.27176,53.61332,49.87967,47.29179,"Crimson"
"Itum5_37bands_414",39.98623,39.98656,50.42418,57.7118,62.15984,64.11094,64.91372,64.60238,63.62221,64.14961,59.59116,69.82914,23.04118,67.06688,88.18189,92.72477,89.45276,85.61435,87.39237,84.3165,83.70584,89.44065,85.87012,82.72828,82.59646,83.58998,81.50369,81.1499,81.87647,83.60304,80.48022,76.21261,70.55405,67.27854,62.67328,58.37296,55.65274,"Itum5"
"Crimson_37bands_415",33.22356,33.22252,39.09667,41.94333,42.67482,42.65724,47.51705,48.38323,51.34646,54.04432,56.43164,58.01021,14.93914,53.08917,71.12162,71.60485,67.5401,62.4877,59.1762,57.00846,54.25216,53.88,51.11178,51.10043,51.19938,50.42969,47.83525,46.83724,48.93857,54.8762,61.25216,60.71064,58.6142,57.06565,55.52428,51.81107,49.1115,"Crimson"
"Itum5_37bands_415",31.32114,31.32231,40.74762,47.37627,52.62908,55.13882,55.3866,54.3284,53.30756,53.51277,47.96971,65.97027,15.57106,63.41214,85.79791,90.94213,88.51393,85.4414,86.82977,84.22047,83.44271,88.83359,85.5157,82.54385,82.28583,83.22187,81.44471,81.11961,81.79898,83.43182,80.55003,76.51175,71.16348,67.65015,63.00349,58.54715,55.32184,"Itum5"
"Crimson_37bands_416",34.59264,34.59131,39.9849,42.67818,43.41092,43.46682,48.00698,48.55597,51.21905,53.49109,55.14457,56.02508,16.19387,54.51627,72.63481,72.81173,68.73052,63.22797,59.58471,57.60898,54.60551,54.15531,51.51669,51.71024,51.79696,51.04256,48.55706,47.6351,49.97853,55.92211,62.37659,62.04859,59.94177,58.11356,56.64673,52.93223,50.09071,"Crimson"
"Itum5_37bands_416",31.14,31.14056,40.62502,47.28085,52.49305,55.01514,55.30762,54.25193,53.23878,53.37465,47.69081,64.99744,15.8648,63.75315,85.39108,90.16568,87.8132,84.85735,86.36824,83.9108,83.19582,88.67434,85.50472,82.22526,82.00722,83.13681,81.26622,80.86978,81.59321,83.1746,80.21391,76.25246,70.9492,67.38077,62.67975,58.05549,54.54403,"Itum5"
"Crimson_37bands_417",28.46637,28.46463,33.61848,35.98621,36.50652,36.37141,41.13017,42.36985,45.75684,48.6734,51.73373,53.20166,17.99962,53.56793,72.88503,73.13511,68.92993,63.76869,60.35861,58.39103,55.40421,54.7935,52.21234,51.91063,51.80201,50.95967,48.36152,47.34472,49.48214,55.2234,61.15883,60.63029,58.14358,56.13022,54.33903,50.40458,47.65311,"Crimson"
"Itum5_37bands_417",42.33448,42.33476,50.28314,54.72379,57.35542,58.78018,61.00519,61.52266,61.52799,62.15879,57.72544,66.43358,40.93264,63.33581,74.90435,77.21008,74.17812,71.79648,73.30275,71.34266,71.233,75.38509,73.29494,70.90761,70.62851,71.26294,69.61005,69.27304,69.66171,70.47394,67.84226,64.64908,60.53974,57.56748,53.58681,50.40772,48.53726,"Itum5"
"Crimson_37bands_418",28.35384,28.35237,33.77874,36.37916,36.97615,36.75053,41.17969,42.12606,45.93518,48.92198,52.913,55.45513,18.49183,53.31081,71.65499,72.08155,68.15192,63.08847,59.66883,57.93282,54.95598,54.36709,51.75882,51.60317,51.4778,50.60229,48.22852,47.1898,49.34354,54.98435,60.78493,60.20649,57.92271,56.05197,54.25227,50.32322,47.55179,"Crimson"
"Itum5_37bands_418",39.75985,39.75971,47.91872,52.4288,55.07869,56.44086,59.24445,60.34317,60.80414,61.71518,58.27783,67.20686,42.61383,63.30511,74.64393,77.14934,74.16603,71.65979,73.56311,71.52525,71.29457,75.77552,73.45455,70.92103,70.74695,71.55063,69.93522,69.52918,69.80461,70.88695,68.10861,64.81621,60.38852,57.4945,53.42695,50.28269,48.52626,"Itum5"
"Crimson_37bands_419",24.33518,24.33377,28.65201,30.8298,31.48962,31.19682,33.02407,33.05505,35.43888,37.14504,41.93445,46.23634,25.8734,56.51088,73.30102,73.25051,69.07359,63.82821,60.35648,58.61272,55.75385,55.08849,52.59864,52.46932,52.3107,51.46682,48.87022,47.95898,50.21363,56.2506,62.32564,61.72928,59.38151,57.51192,55.68476,51.85269,49.2104,"Crimson"
"Itum5_37bands_419",33.24846,33.24869,41.88629,47.54788,51.388,53.49374,54.80992,54.88601,54.37757,54.85314,50.4257,61.90815,24.50171,58.49629,75.95724,79.44141,76.76738,74.17637,75.86803,73.65103,73.25648,78.03775,75.84394,72.92167,72.64793,73.56533,71.7438,71.41987,71.92805,72.92882,70.0669,66.46355,61.83542,58.67303,54.42812,50.75504,48.37024,"Itum5"
"Crimson_37bands_420",31.89361,31.89192,36.99101,39.47376,40.04652,39.6212,43.11409,43.75507,47.01459,49.66212,54.61469,56.35301,24.20809,55.70231,72.4005,72.66419,68.50298,63.21474,59.88274,58.06253,55.21814,54.64515,52.11964,52.10414,51.77328,50.95729,48.44917,47.52106,49.61441,55.50812,61.53881,61.10033,58.84907,56.91541,55.00376,51.119,48.41063,"Crimson"
"Itum5_37bands_420",34.50669,34.50728,43.12068,48.67184,52.47824,54.53719,56.03589,56.06497,55.67212,56.06082,51.55682,63.25428,23.95936,57.84352,75.03091,78.47911,75.77818,73.29606,75.00534,72.6696,72.31884,77.02781,74.72298,72.09178,71.71522,72.49043,70.84727,70.50057,70.95023,72.06036,69.23835,65.84489,61.37208,58.36921,54.29213,50.57468,47.98018,"Itum5"
"Crimson_37bands_421",27.91017,27.9084,33.25208,35.70435,36.2683,35.65419,38.39766,38.86751,42.47399,45.44623,51.15975,55.11236,24.72843,56.97465,75.36299,75.24826,70.72675,65.27153,61.67945,59.97451,56.71771,55.91703,53.29579,53.18402,52.63801,51.59521,49.102,47.9009,50.07138,56.03199,62.05284,61.61648,59.3937,57.20696,55.12895,51.15235,48.2484,"Crimson"
"Itum5_37bands_421",37.40568,37.40644,47.62768,54.60555,59.30554,61.39378,62.46028,62.19139,61.23252,61.65044,56.75001,69.23747,20.74306,65.77681,87.11081,91.86287,88.88557,85.25089,87.0574,83.98396,83.56019,89.11804,85.67995,82.83374,82.72507,83.88034,81.8225,81.55629,82.29483,84.34695,81.52911,77.5649,72.16493,68.9545,64.62235,60.36408,57.3667,"Itum5"
"Crimson_37bands_422",28.40101,28.39956,33.36205,35.90927,36.34556,35.96789,37.82199,37.96154,40.70639,43.27554,49.44141,53.064,26.38275,58.37396,75.93563,75.67342,71.18141,65.89287,62.17095,60.59958,57.46736,56.41777,53.92938,53.81338,53.22961,52.20043,49.62812,48.41514,50.77361,56.64506,62.95846,62.54958,60.41455,58.26589,56.20737,52.18589,49.30697,"Crimson"
"Itum5_37bands_422",38.33724,38.33738,48.4331,55.46895,60.11057,62.05358,63.14855,62.89676,61.95999,62.45391,57.62194,69.98482,21.14604,66.75157,87.69019,92.30939,89.47955,86.05505,87.86805,85.02899,84.57441,90.00383,86.76973,83.71289,83.81457,84.88896,82.82421,82.39598,83.33232,85.49487,82.63826,78.56292,72.93984,69.74751,65.42719,61.1922,58.37484,"Itum5"
"Crimson_37bands_423",33.51821,33.51773,37.41549,39.23695,39.83614,39.94144,43.92385,44.6935,47.44431,49.46893,50.76511,50.2749,18.32815,54.95402,74.23188,74.51472,70.12921,64.51233,60.78313,58.85229,55.69799,54.94933,52.32902,52.45373,52.02906,51.1782,48.526,47.48236,49.66362,55.67199,61.96487,61.52022,59.26836,57.4283,55.87161,51.95884,49.00741,"Crimson"
"Itum5_37bands_423",46.85122,46.85108,55.49847,61.03595,63.72352,64.86454,67.56679,68.77043,68.49405,69.40441,66.3081,68.41481,45.40822,68.67242,83.10309,86.49932,83.13918,80.08418,82.30871,79.48774,79.60768,84.62245,81.72827,79.07279,79.21653,80.19169,78.20614,78.09015,78.76864,80.48685,77.71628,73.95172,69.03247,66.15687,62.20995,58.96909,57.26693,"Itum5"
"Crimson_37bands_424",31.895,31.89396,38.63895,41.71376,42.21317,42.29149,48.94219,51.00133,55.10102,58.83795,61.4352,63.51557,19.4788,55.75518,74.79678,74.97664,70.46487,64.8597,60.84193,58.91827,55.77948,54.94181,52.29301,52.30552,51.99763,51.12528,48.60839,47.59484,49.75466,55.68183,61.93599,61.53561,59.3403,57.41673,55.81559,51.88889,48.99711,"Crimson"
"Itum5_37bands_424",47.88346,47.88313,56.91428,62.74269,65.2649,66.57265,69.67046,71.10507,70.86284,71.93208,69.10563,69.49026,45.54572,68.76916,83.01822,86.30851,82.825,79.73918,82.01344,79.41016,79.31919,84.39863,81.59561,79.10736,79.10512,80.25684,78.221,77.91404,78.60216,80.59214,77.73079,74.01635,69.00201,66.01771,62.1833,58.99869,57.38711,"Itum5"
"Crimson_37bands_425",36.64112,36.63955,44.9449,49.23285,50.59692,50.9134,56.95,58.75351,62.09467,65.18939,66.01953,65.75041,23.6915,53.47145,68.96577,68.23948,64.21276,59.76335,56.8396,55.55285,53.04931,52.1867,50.14078,50.10256,49.75662,48.92871,46.69122,45.76636,47.71687,53.20669,58.84619,58.49362,56.44914,54.46287,52.66223,48.78153,45.90983,"Crimson"
"Itum5_37bands_425",33.60898,33.60911,42.70252,48.30547,51.83987,53.82072,56.07354,56.70208,56.74267,57.55133,53.65876,65.66792,35.63188,61.78098,75.11605,77.628,74.56093,72.82657,74.55374,72.88832,72.72878,77.01951,75.38142,72.87037,72.31494,73.00009,71.42465,71.1328,71.65841,72.42804,69.41081,66.00674,61.60112,58.45515,54.16973,50.44238,47.95374,"Itum5"
"Itum5_37bands_426",32.62842,32.62856,41.27705,46.51175,49.83074,51.68069,54.23069,55.17575,55.44365,56.4179,53.19037,64.95526,32.48568,59.53028,73.57024,76.24156,73.23244,71.49646,73.30902,71.62337,71.38317,75.7197,73.95508,71.57489,71.0653,71.56312,70.21567,69.93745,70.46232,71.29531,68.19898,64.86898,60.51599,57.57101,53.33315,49.59013,47.18175,"Itum5"
"Crimson_37bands_426",36.59382,36.59297,44.25519,48.34735,49.60394,50.06299,55.22602,56.63848,59.54989,62.40916,63.10385,61.22571,23.74449,53.78847,70.92509,70.06845,65.82567,61.23831,58.11532,56.64778,53.68905,53.12498,50.8492,50.66318,50.26951,49.43873,46.93954,45.8133,47.97715,53.36184,59.09807,58.58845,56.43412,54.32025,52.21379,48.33294,45.59283,"Crimson"
"Crimson_37bands_427",37.23008,37.22865,44.07697,47.12993,47.53496,46.90559,53.13447,55.16577,59.67838,63.69382,67.20416,67.45929,22.15622,56.53807,72.89752,71.92284,67.81406,63.41501,60.12923,58.65645,55.66081,54.90119,52.73908,52.45354,51.87188,50.88783,48.38505,47.13869,49.23342,54.23185,59.9208,59.33353,57.14296,55.191,53.24005,49.2248,46.35533,"Crimson"
"Itum5_37bands_427",36.72359,36.72354,44.91102,49.92759,53.27209,55.0065,57.13535,57.60244,57.57468,58.1593,54.18576,64.90731,36.73672,62.9262,76.80491,79.73092,76.61354,74.41993,76.27855,74.3154,74.10439,78.68348,76.65406,74.20395,73.93321,74.6075,72.91561,72.67058,73.31108,74.46472,71.70284,68.22247,63.73352,60.84789,56.70177,53.12908,50.76815,"Itum5"
"Itum5_37bands_428",39.08607,39.08612,47.71365,53.23045,56.65178,58.318,60.13397,60.72753,60.4683,61.11527,57.29459,66.73443,36.5777,63.31485,77.26585,80.09639,76.98001,74.7342,76.62466,74.74641,74.60879,79.0882,77.05405,74.58899,74.38644,74.88255,73.20801,73.17011,73.68487,74.90116,71.93795,68.50042,63.96858,61.07376,56.80944,53.18006,50.99505,"Itum5"
"Crimson_37bands_428",38.18117,38.17992,44.64297,47.83993,48.18075,47.88521,53.85705,55.70787,59.45262,62.9297,64.95518,62.40134,20.6379,55.3015,71.82617,70.88128,66.78961,62.55744,59.15241,57.63813,54.72979,53.96261,51.6871,51.43125,50.90381,49.90312,47.3724,46.26116,48.2481,53.33944,58.91733,58.39737,56.11198,54.08114,52.20342,48.31133,45.56603,"Crimson"
"Crimson_37bands_429",33.17652,33.17548,38.90889,41.67477,42.26617,41.82598,47.02027,47.94971,51.70805,54.83286,58.79874,60.56556,19.9145,55.11769,71.81933,72.09611,68.08088,62.87971,59.44485,57.64263,54.91054,54.0436,51.5568,51.7188,51.70913,50.90771,48.40639,47.53304,49.89758,55.79383,62.15008,61.78464,59.52951,57.83654,56.44457,52.7557,50.28337,"Crimson"
"Itum5_37bands_429",40.40153,40.40129,48.95818,53.95355,56.89666,58.40545,61.36945,62.50293,62.80713,63.89392,61.28119,69.35655,44.62394,64.60225,78.50217,81.02934,77.44798,75.30027,77.21612,75.39033,75.41117,79.7809,77.76451,75.29616,74.76507,75.29801,73.86666,73.40796,74.116,75.40493,72.06062,68.50723,63.86387,60.81005,56.52188,52.92053,50.79163,"Itum5"
"Crimson_37bands_430",26.1693,26.16793,30.66225,32.8526,33.37009,32.9179,35.88665,36.08796,39.40026,42.01887,46.23097,48.85643,18.8168,53.68788,70.23177,70.39719,66.59255,62.0052,58.76416,57.1527,54.23489,53.57373,51.158,51.19734,50.98775,50.05122,47.40949,46.3456,48.51745,54.31079,60.51896,60.31212,58.30223,56.73461,55.31893,51.64797,48.84725,"Crimson"
"Itum5_37bands_430",42.75766,42.75743,51.34771,56.55341,59.33447,60.96916,64.11698,65.31014,65.44649,66.5026,63.39839,68.44766,44.96622,65.09087,79.01558,81.80333,78.175,75.71415,77.67765,75.71817,75.70661,80.29643,78.17061,75.74465,75.31192,75.91301,74.30658,73.82191,74.47139,75.69491,72.47111,68.90604,64.19283,60.97731,56.45997,52.80146,50.71078,"Itum5"
"Crimson_37bands_431",26.84304,26.84191,31.01685,33.01119,33.4315,33.11891,35.70945,36.01577,38.69831,40.7652,44.00755,45.68519,23.54324,53.86277,69.57024,69.14695,65.13081,60.97876,57.93689,56.68037,53.76817,53.0726,51.07322,50.8666,50.28111,49.29211,46.80358,45.81557,47.79475,52.97767,58.35654,57.76374,55.50481,53.48527,51.48442,47.61664,44.9273,"Crimson"
"Itum5_37bands_431",35.86071,35.86089,45.32876,50.99838,54.69762,56.64015,59.32876,60.28344,60.43659,61.39806,57.29762,67.89286,35.37847,62.74807,77.6024,80.78267,77.67526,75.49374,77.21672,75.3806,75.19584,79.77307,77.68321,75.39178,75.1903,75.72114,74.35468,74.27226,74.96161,76.17981,73.33915,70.05604,65.61525,62.73481,58.72807,55.15768,52.78568,"Itum5"
"Crimson_37bands_432",30.37124,30.37003,35.86495,38.41491,38.81358,38.46016,42.37054,43.22294,46.64172,49.44635,53.64984,55.8976,23.88309,53.5885,69.50583,69.20279,65.37432,61.33892,58.31302,56.85221,53.96249,53.4923,51.3851,51.07935,50.72033,49.71431,47.29133,46.32982,48.47243,53.64028,58.96767,58.37694,55.97131,53.94948,52.06648,48.16906,45.62297,"Crimson"
"Itum5_37bands_432",31.92792,31.92774,40.81462,45.87769,49.39312,51.04397,54.39906,55.54299,56.32415,57.5732,54.23392,66.40948,34.73157,62.77362,78.23315,81.38558,78.46561,76.03378,78.04918,76.06074,75.97724,80.68797,78.73061,76.30266,76.06801,76.82645,75.34129,75.08159,75.90054,77.09479,74.22323,70.80808,66.15028,63.17295,59.17409,55.64482,53.40413,"Itum5"
"Itum5_37bands_433",37.36736,37.36769,47.06391,53.50328,57.80319,59.94731,61.30522,61.25895,60.79286,61.31914,56.92752,68.79305,27.79081,65.47712,86.00461,89.67072,86.08667,83.50593,85.1625,83.08402,82.61588,87.58465,85.00121,82.2893,81.80082,82.43211,80.7498,80.38775,81.16944,82.73211,79.65624,75.76735,70.63925,67.1868,62.45957,58.11614,55.06577,"Itum5"
"Crimson_37bands_433",49.46899,49.46796,58.07523,62.81612,63.89005,64.34699,72.16391,74.5599,77.41872,80.42474,79.48887,72.74803,20.11621,55.61801,73.65992,73.07206,68.78121,63.82811,60.37513,58.83726,55.57409,54.77687,52.39894,52.34821,51.81771,50.85238,48.14024,47.04158,49.16951,54.69016,60.52793,60.07827,57.60951,55.74261,53.95375,49.97335,47.24922,"Crimson"
"Crimson_37bands_434",42.73863,42.73749,50.47736,54.15661,55.02457,54.99857,62.44046,64.61235,68.68673,72.26475,73.45984,70.918,20.94529,55.9,73.55307,72.86986,68.54407,63.8991,60.21608,58.7142,55.61121,54.66802,52.34613,52.30427,51.85624,50.85482,48.17104,47.12252,49.49193,54.92472,60.85515,60.32727,57.9751,56.04947,54.33317,50.33351,47.50817,"Crimson"
"Itum5_37bands_434",36.64177,36.64214,46.50631,52.94997,57.26372,59.50372,61.36972,61.6798,61.45411,62.11932,57.59272,70.27036,27.08924,65.20173,85.69844,89.67683,86.21284,83.4614,85.27196,83.22729,82.84849,87.76894,85.15509,82.3845,82.06453,82.70154,80.91895,80.67203,81.56731,83.11164,79.9134,75.9166,70.72207,67.23633,62.5136,58.1179,55.07121,"Itum5"
"Crimson_37bands_435",47.88075,47.87959,56.40195,60.74372,61.48782,61.46175,68.95034,71.55473,75.37573,79.42592,79.9622,74.12516,20.49623,53.73191,72.59776,71.6529,67.33226,62.72701,59.40954,57.97118,54.82422,53.99899,51.916,51.84151,51.32448,50.16493,47.71932,46.5859,48.82619,54.18649,59.8489,59.27616,56.99481,54.96302,52.96215,48.95428,46.17713,"Crimson"
"Itum5_37bands_435",47.46872,47.46858,56.69192,62.31134,64.91877,66.45864,69.67965,71.13857,71.04003,72.10003,68.76709,69.95675,50.1402,70.2896,84.23366,87.17744,83.48715,80.68124,82.82,80.5568,80.50548,85.19195,82.67373,80.14678,79.89059,80.5952,78.65898,78.45187,79.20669,80.71717,77.79844,74.13992,69.24896,66.12588,61.78463,58.11053,56.01922,"Itum5"
"Crimson_37bands_436",46.0069,46.00643,53.56057,57.4621,58.0319,57.99019,64.89629,67.12057,70.82962,74.35167,74.913,68.76071,21.70981,54.52052,72.59005,71.70119,67.36581,63.00276,59.79676,58.53357,55.416,54.47967,52.39805,52.28171,51.67648,50.57357,47.99171,46.92033,49.15824,54.47876,60.12848,59.70319,57.43805,55.38438,53.49238,49.44124,46.5781,"Crimson"
"Itum5_37bands_436",48.48888,48.48869,57.32644,62.87231,65.53599,66.86147,69.85279,71.09072,70.80854,71.7335,68.60512,69.1209,48.61652,69.66765,83.47296,86.22713,82.68943,80.1694,81.92898,80.01172,79.73881,84.36211,82.00268,79.43336,78.96571,79.60623,77.79871,77.78925,78.57499,79.94975,77.01961,73.53138,68.86161,65.7539,61.53456,57.91754,55.84601,"Itum5"
"Crimson_37bands_437",46.04482,46.04415,53.49479,57.56303,58.83102,59.78989,67.74098,69.75661,72.01205,74.60483,73.71509,67.3174,21.80592,56.65083,74.47468,73.74574,69.30524,64.63766,61.07844,59.45731,56.31085,55.42184,53.07183,52.92812,52.38318,51.43265,48.72938,47.58393,49.81034,55.29611,61.13884,60.54213,58.01171,55.97933,53.92206,49.87326,47.18405,"Crimson"
"Itum5_37bands_437",48.24358,48.24315,57.17666,62.90424,65.46051,66.58905,69.76294,71.31978,71.11091,72.21553,69.46886,70.17787,47.70798,70.88656,84.10495,87.11457,83.6745,80.91324,83.37226,80.75943,81.00994,85.95836,83.21675,80.5854,80.77973,81.63426,79.55219,79.45742,80.222,82.11025,79.18932,75.57213,70.60434,67.71291,63.67998,60.21614,58.23832,"Itum5"
"Crimson_37bands_438",39.20418,39.20348,45.73898,48.91444,50.06145,50.62112,57.6578,59.42904,62.26229,64.83839,64.92654,62.94137,20.63463,53.7653,70.76549,70.30001,66.25956,62.03946,58.87239,57.37159,54.23149,53.62516,51.40182,51.05976,50.56089,49.53084,47.05707,45.83203,48.08947,53.2072,58.64405,58.19947,55.84644,53.83905,51.94199,48.07257,45.398,"Crimson"
"Itum5_37bands_438",44.80368,44.80359,53.4782,58.99348,61.58096,62.70571,65.49809,66.85857,66.86661,67.93735,65.62331,68.50103,47.01116,71.46245,84.66607,88.05898,84.47582,81.79372,84.05278,81.40246,81.70943,86.74328,84.03206,81.24422,81.40572,82.3715,80.19967,80.15135,80.97239,82.88393,80.01768,76.00299,70.99022,68.1248,64.10647,60.54182,58.53502,"Itum5"
"Crimson_37bands_439",36.75419,36.75309,43.21033,46.13721,46.87091,46.97592,53.27802,55.18442,58.90485,62.12877,63.9116,63.26538,20.43416,55.32035,73.35565,72.84925,68.59631,63.843,60.08302,58.54504,55.45518,54.47279,52.24978,52.24691,51.67828,50.6079,47.99439,46.96743,49.28878,54.74283,60.77093,60.31729,57.99685,55.8118,53.89322,49.91479,47.12421,"Crimson"
"Itum5_37bands_439",40.00059,40.00078,48.83069,54.29685,57.74432,59.51432,62.01281,62.76986,62.69257,63.47191,59.27059,67.88518,39.55166,65.18144,80.37943,83.30848,79.83174,77.35458,79.37278,77.33867,77.17688,81.80716,79.73288,77.13894,76.83881,77.48564,75.43169,75.30657,76.00962,77.23634,74.13406,70.59891,65.6109,62.59316,58.43311,54.67104,52.47953,"Itum5"
"Crimson_37bands_440",36.64777,36.6468,43.0981,46.01194,46.73008,46.9585,53.42348,55.39056,59.28268,62.56018,64.31372,64.10645,20.95979,56.35577,74.64543,74.11733,69.62592,64.80343,60.96194,59.49463,56.22934,55.27938,52.9171,52.95662,52.31087,51.25147,48.60264,47.52943,49.93252,55.37716,61.49853,61.06932,58.82134,56.59929,54.75923,50.68835,47.61779,"Crimson"
"Itum5_37bands_440",37.58334,37.58344,46.64008,52.24863,55.80792,57.65365,60.00582,60.81143,60.80607,61.68449,58.12431,67.74066,40.11093,64.05886,78.60813,81.50879,78.01773,75.88543,77.90998,75.93034,76.06116,80.37589,78.37068,75.82606,75.50505,76.04727,74.34727,74.21599,74.88718,76.16743,73.07427,69.54221,64.97618,61.9681,57.86013,54.16549,51.86138,"Itum5"
"Crimson_37bands_441",31.06042,31.05981,36.5723,39.13531,39.83213,39.90818,45.5199,46.8172,50.26044,53.21266,55.08697,55.79984,13.77143,54.88191,73.18975,73.98792,70.26128,64.97956,60.93809,59.08632,55.82401,54.85088,52.4027,52.57878,52.29095,51.34909,48.58004,47.72258,50.00285,55.94243,62.56408,62.19358,60.01316,58.22456,56.797,52.72939,49.60192,"Crimson"
"Itum5_37bands_441",48.55839,48.55839,57.45431,62.75984,65.46823,66.67807,68.75431,69.25965,68.92446,69.43411,64.99756,69.58721,48.5903,69.81987,81.22235,83.67615,80.06326,77.59016,79.45656,77.25876,77.22127,81.53786,79.27699,76.79724,76.53646,77.08069,75.28908,75.11654,75.77057,77.11204,74.27591,70.87296,66.15858,63.2799,59.1859,55.82338,53.947,"Itum5"
"Crimson_37bands_442",31.59652,31.59535,36.21184,38.46253,39.25074,39.33958,44.25882,45.15772,48.16984,50.5806,52.06869,52.48006,13.99507,54.88109,72.63726,73.18125,69.50665,64.52182,60.43331,58.70294,55.63683,54.51529,51.97407,52.25492,52.0124,51.01052,48.4218,47.49941,50.03209,55.91167,62.24905,61.90204,59.7059,57.87094,56.39408,52.47033,49.54127,"Crimson"
"Itum5_37bands_442",47.64822,47.64831,56.88799,62.50671,65.27446,66.52892,68.65763,69.27225,68.86771,69.44007,65.15751,69.56859,47.75213,70.03412,80.7934,83.15243,79.63523,77.2906,79.26392,77.12514,77.32825,81.33187,79.30919,76.75453,76.58158,77.14274,75.19549,75.08066,75.73528,76.99464,74.24232,70.87637,66.23723,63.43357,59.62648,56.11963,54.13615,"Itum5"
"Crimson_37bands_443",41.35389,41.3524,48.94794,52.82793,54.02013,54.72208,63.08911,65.42767,68.44384,71.70465,71.16023,69.2342,16.01319,57.61624,77.16811,77.24511,72.83944,67.14635,62.64215,60.92133,57.46169,56.16625,53.72008,54.18028,53.82066,52.71919,49.86829,48.94663,51.5233,57.78486,64.48387,64.24138,62.13045,60.33114,58.88497,54.9712,51.90809,"Crimson"
"Itum5_37bands_443",28.76941,28.77013,37.61171,43.83196,48.48506,51.13527,51.78692,51.0357,50.24657,50.46367,45.24219,58.61717,20.53304,59.93555,79.34857,82.79419,79.97405,78.25867,79.26489,77.69823,77.1062,81.29938,79.46141,77.1605,76.02383,76.42426,75.03232,74.67855,75.25749,76.15585,72.88563,69.36284,64.94105,61.36509,56.62209,52.01963,48.36627,"Itum5"
"Crimson_37bands_444",35.82716,35.82628,41.6183,44.53911,45.65609,46.40317,52.47716,53.78533,56.1404,58.4746,57.50969,55.56462,16.145,56.17196,75.14254,75.48329,71.32788,65.74151,61.57438,59.80011,56.37468,55.22048,52.78166,53.00771,52.71088,51.59943,48.78882,47.92327,50.28596,56.30622,62.97876,62.84101,60.69099,58.84231,57.47223,53.57169,50.4206,"Crimson"
"Crimson_37bands_445",49.74375,49.74242,58.869,63.94131,64.62134,65.04763,72.4215,75.12084,77.99383,81.67201,81.24776,71.83067,25.66546,56.80595,73.47644,72.41866,68.28809,64.13863,61.00403,59.62352,56.51094,55.6787,53.51653,53.24078,52.4448,51.31337,48.66769,47.45348,49.82621,55.19225,60.89581,60.53964,58.24135,56.09351,54.04707,50.04484,47.27888,"Crimson"
"Itum5_37bands_445",25.51274,25.51329,32.96007,38.46312,43.14128,45.58365,45.50099,44.26598,43.28191,43.27884,38.00734,52.26158,13.73686,57.71942,77.53766,82.92615,80.93441,79.25056,80.5825,78.32639,77.8416,82.66576,80.54234,77.72429,77.42571,77.98784,76.25658,76.07922,76.91706,78.18543,75.15092,71.31028,66.50328,63.47331,59.17359,54.71497,51.29568,"Itum5"
"Crimson_37bands_446",54.05998,54.0593,62.93716,68.05025,69.02724,69.64914,76.99445,79.35557,81.69453,84.69199,83.76181,72.75033,27.11621,58.12573,75.06554,73.92653,69.37482,64.86088,61.26929,60.00286,56.65438,55.54314,53.44903,53.5223,52.95673,51.88744,49.31627,48.30108,50.82412,56.39783,62.11002,61.66755,59.10246,57.00947,55.03671,50.98662,48.30743,"Crimson"
"Itum5_37bands_446",24.13647,24.13692,31.9266,37.56375,42.42966,45.00777,44.97201,43.73383,42.78986,42.82818,37.56718,53.3199,14.01582,56.87048,75.68714,80.99008,79.18087,77.77531,79.02008,76.97091,76.59609,81.15371,78.98299,76.72748,76.18389,76.64104,75.15,75.07244,75.86257,76.99332,74.00988,70.46703,66.0171,62.91059,58.76187,54.3778,51.06544,"Itum5"
"Crimson_37bands_447",50.84998,50.84819,60.20966,65.32966,66.58926,66.891,75.56119,78.43401,81.65821,85.12102,84.37888,78.24985,22.68488,58.38358,78.41655,77.64861,72.73444,67.35929,63.29136,61.72547,58.23201,56.90521,54.58432,54.72149,54.14357,52.95311,50.27274,49.28637,51.904,57.99622,64.20525,63.82593,61.36845,59.2181,57.32433,53.12437,50.12888,"Crimson"
"Itum5_37bands_447",37.3866,37.3866,46.14718,51.67176,55.20784,56.93101,58.82216,59.21507,59.07129,59.61621,55.27531,66.12021,32.93883,63.91168,77.7164,81.04105,77.78558,75.41794,77.29179,75.09679,74.94293,79.44928,77.31811,75.03208,75.00525,75.62656,73.92112,73.71751,74.76164,75.82865,72.99397,69.65017,65.25474,62.47045,58.76307,55.19229,52.85277,"Itum5"
"Crimson_37bands_448",39.84224,39.84011,46.34068,49.46345,50.01437,49.82531,55.93485,57.74541,61.77794,65.34999,67.23487,64.45835,21.45986,56.31354,75.4532,74.90129,70.37443,65.3949,61.57522,60.19322,56.87486,55.6866,53.41433,53.46284,53.01215,51.86441,49.29619,48.28366,50.7855,56.70088,62.77728,62.45854,60.1041,58.01541,56.22438,52.13219,49.27165,"Crimson"
"Itum5_37bands_448",37.13824,37.13842,46.08265,51.82423,55.36969,57.08747,58.80927,59.11706,58.8534,59.51634,55.63443,65.55047,32.60722,64.49843,78.65247,81.83058,78.64504,76.31107,78.15862,75.82198,75.9087,80.51026,78.43546,76.09373,75.92394,76.61259,74.68613,74.73587,75.51545,76.9842,73.97027,70.37876,65.76593,63.1402,59.09808,55.44135,53.20803,"Itum5"
"Crimson_37bands_449",39.95046,39.94917,46.56403,50.00451,50.8627,51.24853,57.85377,59.77116,62.65051,65.48753,65.18763,61.03983,19.57047,54.608,71.53008,71.06707,67.38358,63.26923,59.5115,58.44319,55.22843,54.12815,52.05593,52.02466,51.27056,50.06523,47.51527,46.30216,48.54342,53.57755,58.97755,58.62889,56.49926,54.41371,52.59959,48.52852,45.53671,"Crimson"
"Itum5_37bands_449",33.91009,33.9106,42.5304,48.20817,52.47482,54.7188,55.8081,55.54607,54.98545,55.31641,50.59485,63.23219,23.59187,62.04589,80.14797,84.27462,81.39559,79.1357,80.81253,78.58608,78.30186,83.04411,80.43933,77.95882,77.91555,78.71633,77.14181,76.87246,77.69101,79.15165,76.34728,72.72235,67.95285,65.1323,61.11542,57.11933,54.28796,"Itum5"
"Crimson_37bands_450",35.28113,35.28021,41.44436,44.34756,45.06192,45.18181,51.68427,53.70042,57.23577,60.28284,60.69605,59.59484,19.35216,54.72949,71.2193,70.59677,66.77196,62.69136,59.00014,57.92133,54.76726,53.5239,51.50292,51.58334,50.51957,49.27336,46.71813,45.56314,47.74122,52.54028,58.13024,57.94723,55.9177,53.77168,51.93592,47.90095,44.84906,"Crimson"
"Itum5_37bands_450",30.98943,30.99009,39.40375,44.79829,48.99483,51.27186,52.39374,52.15999,51.7459,52.08176,47.54973,61.47564,24.78856,63.30531,82.2143,86.463,83.33445,80.76545,82.60959,80.1489,80.07273,84.82507,82.52403,79.70018,79.75248,80.52868,78.70869,78.53841,79.44575,80.95118,78.06456,74.25015,69.37885,66.26937,62.01691,57.96523,55.15571,"Itum5"
"Crimson_37bands_451",35.63736,35.63617,43.26938,46.73389,47.45432,47.21986,52.93485,54.63349,58.91454,62.72108,65.07385,65.60751,21.58673,52.31274,69.55466,69.28887,65.18424,60.73209,57.47874,56.33633,53.36678,52.58641,50.59387,50.60152,50.11449,49.09265,46.69431,45.80111,48.17254,53.70177,59.51854,59.17765,57.12601,55.21156,53.35185,49.55807,46.89113,"Crimson"
"Itum5_37bands_451",43.8782,43.87829,53.1537,58.99389,62.10291,63.70394,66.60154,67.73052,67.55052,68.47027,64.73364,69.94647,44.31331,68.04383,81.48314,84.61189,80.94204,78.72348,80.90809,78.42364,78.67853,83.50926,81.36218,78.63031,78.55976,79.36437,77.38065,77.34302,78.1785,79.57403,76.73141,72.93444,68.10389,65.05442,60.98554,57.28631,55.08263,"Itum5"
"Crimson_37bands_452",38.81585,38.81501,45.58596,48.89266,49.76098,49.91367,55.16613,56.91825,60.33568,63.37288,64.02456,62.5221,21.78052,53.62329,70.74732,70.1878,66.13106,61.6325,58.19946,57.11317,54.01099,52.99675,50.86943,51.14058,50.50385,49.32037,46.78466,45.8762,48.03275,53.50483,59.57781,59.33528,57.41805,55.48182,53.70348,49.7964,46.84037,"Crimson"
"Itum5_37bands_452",43.6867,43.68656,52.78444,58.50688,61.56669,63.09822,65.5832,66.53005,66.24839,67.18501,63.97678,69.44092,45.93471,69.30397,83.09032,85.9941,82.42008,80.06771,82.20476,80.0897,80.17016,84.8512,82.64073,80.10802,79.93419,80.607,78.48713,78.48856,79.31035,80.90578,77.9596,74.1556,69.28323,66.3262,62.30992,58.58801,56.36978,"Itum5"
"Crimson_37bands_453",26.04695,26.04581,30.69582,33.01849,33.7388,33.902,38.20906,38.86606,41.87973,44.42648,46.35609,47.83732,13.93991,53.53707,70.24754,71.03111,67.9645,63.96842,60.21601,58.89991,55.87439,54.85831,52.72726,53.08203,52.53026,51.43414,48.96038,47.95972,50.4818,55.92582,61.73175,61.42932,59.30995,57.28749,55.64623,51.62207,48.46884,"Crimson"
"Itum5_37bands_453",31.14072,31.14108,39.54487,45.08032,49.01229,51.13672,52.2813,51.94674,51.48492,51.7682,46.76227,58.78915,26.6015,59.04976,75.20811,78.21,75.3062,73.62102,74.86085,73.39675,73.02087,77.02297,75.41667,73.20412,72.33976,72.71789,71.25222,70.90564,71.3867,72.18909,69.17163,65.9742,61.82491,58.58485,54.37808,50.41425,47.52733,"Itum5"
"Crimson_37bands_454",27.01986,27.01886,30.8732,32.82681,33.42742,33.55993,37.17985,37.6475,40.12588,42.16346,43.23437,43.16488,13.7075,53.6618,70.5555,71.57386,68.26821,63.73869,60.03383,58.67887,55.48482,54.68289,52.58061,52.59632,52.09433,51.0605,48.44277,47.48692,49.87224,55.50171,61.35163,60.9437,58.81836,56.86626,55.15237,51.14556,48.00763,"Crimson"
"Itum5_37bands_454",28.33582,28.33613,36.76195,42.18285,46.23379,48.41771,49.41212,49.13563,48.71304,48.99614,44.29197,56.62056,24.9174,58.75987,74.99051,78.18267,75.24599,73.49322,74.83311,73.1652,72.83324,76.81733,75.26035,72.89878,72.27113,72.53551,71.2263,70.80722,71.4471,72.18688,69.14454,65.95726,61.66272,58.58167,54.33901,50.29263,47.45704,"Itum5"
"Crimson_37bands_455",45.58545,45.58368,53.97223,58.24882,59.13026,59.12301,68.39101,71.54611,75.44497,79.26474,80.53135,75.3937,28.13044,59.79419,75.96838,75.04384,70.49814,65.48407,61.57319,60.13713,56.95143,55.68246,53.40438,53.58949,53.0476,51.9087,49.06887,48.17187,50.7386,56.41428,62.35586,61.98546,59.75471,57.74338,55.9629,51.9955,49.28977,"Crimson"
"Itum5_37bands_455",38.56704,38.56704,47.54915,53.04256,56.44416,58.29068,61.53371,62.74713,63.08729,64.17886,60.99769,70.17001,46.91266,68.40895,81.892,84.82735,81.1944,79.16073,81.23682,79.60377,79.52307,84.06163,82.13738,79.68041,79.22863,79.86017,78.04016,77.99402,78.93173,80.12999,76.87166,73.13588,68.33249,65.04346,60.32976,56.43347,54.09454,"Itum5"
"Crimson_37bands_456",44.34626,44.34561,54.35492,59.24094,60.43697,60.2391,70.9156,74.72234,79.10086,83.3851,84.15399,79.87742,27.96182,60.12399,76.57201,75.79894,71.1018,66.07514,62.23741,60.70316,57.49904,56.27474,54.11421,54.10439,53.30489,52.21042,49.27879,48.33883,50.59157,56.30728,62.4719,62.00955,59.70786,57.57211,55.65613,51.74181,48.9377,"Crimson"
"Itum5_37bands_456",39.9326,39.9327,49.3748,55.347,58.8455,60.6933,64.01077,65.23192,65.40706,66.50588,63.40518,71.18568,46.82015,67.08221,80.26705,83.02916,79.45767,77.69161,79.77142,78.00042,78.13291,82.48932,80.70563,78.2766,77.82824,78.35147,76.76554,76.58602,77.57008,78.69133,75.49026,71.97583,67.33656,64.04604,59.43599,55.56368,53.15408,"Itum5"
"Crimson_37bands_457",38.12346,38.12224,44.39252,47.26562,47.6819,47.3543,54.19812,56.11928,60.37529,64.02466,65.69127,64.97854,16.9502,54.95867,72.72563,72.83285,68.988,64.14182,60.38644,59.02231,55.60348,54.63667,52.49489,52.60777,52.07574,51.09197,48.45013,47.39666,49.96126,55.84707,62.02617,61.78616,59.41351,57.32643,55.66778,51.65149,48.70341,"Crimson"
"Itum5_37bands_457",35.87902,35.87934,45.03333,50.71608,54.73043,56.81012,59.09949,59.51221,59.43777,60.08006,55.43467,67.33696,33.07539,65.16555,80.77309,84.46438,81.05061,78.77698,80.52254,78.39205,78.22641,82.86256,80.56245,78.19893,77.93892,78.4946,76.67456,76.5737,77.52501,78.9695,76.13638,72.59578,67.8194,65.03493,61.01175,57.11224,54.65934,"Itum5"
"Crimson_37bands_458",36.12181,36.12063,42.56926,45.54249,45.99651,45.4594,51.7991,53.80264,58.57224,62.60364,65.36091,64.7254,18.15798,55.62007,72.77191,72.67299,68.70609,64.05718,60.13173,58.92318,55.59868,54.26157,52.14004,52.47413,51.87805,50.73881,48.28711,47.33999,49.86128,55.54929,61.71629,61.27044,59.27337,57.38418,55.73569,51.68187,48.47871,"Crimson"
"Itum5_37bands_458",37.25842,37.2586,46.51333,52.44801,56.52195,58.6562,60.95259,61.38474,61.10211,61.77536,57.43867,67.85071,32.42955,66.36354,83.10293,86.75006,83.30688,80.75325,82.60733,80.22095,80.19989,85.00146,82.6949,80.26006,80.08634,80.48876,78.62292,78.53991,79.39905,80.96321,78.03259,74.29389,69.3712,66.36514,62.12923,58.00944,55.32037,"Itum5"
"Crimson_37bands_459",47.40238,47.40103,57.58439,63.29084,65.25019,66.58134,74.63228,77.15537,79.41296,82.48657,79.67772,73.08768,22.09312,54.98011,71.61621,70.48705,66.50133,62.66079,59.21336,58.31548,55.17496,53.86309,52.14579,52.11676,51.13421,49.78973,47.19842,45.99099,48.18258,53.26712,58.87937,58.55979,56.66188,54.36955,52.35062,48.23691,45.18898,"Crimson"
"Itum5_37bands_459",37.40409,37.40414,46.73497,52.65527,56.36473,58.04159,59.88978,60.36857,60.31249,61.02626,56.84473,68.19209,34.2302,68.6562,84.46888,88.01232,84.37399,81.94211,83.69955,81.55543,81.26341,85.89692,83.55858,81.19542,80.75021,81.35778,79.48268,79.34783,80.40085,81.75289,78.86969,75.08007,70.22034,67.19038,62.96342,58.9084,56.21691,"Itum5"
"Crimson_37bands_460",43.63639,43.63568,50.65477,54.68953,55.53121,56.55043,62.48533,64.38552,66.32886,69.02666,67.40501,58.51441,19.95293,53.03497,69.84441,69.29169,65.37769,61.80016,58.59068,57.43012,54.39546,53.42023,51.48749,51.32151,50.27541,48.9722,46.32292,45.08068,47.25241,52.23068,57.78494,57.51999,55.46325,53.37179,51.50205,47.54577,44.50891,"Crimson"
"Itum5_37bands_460",37.23169,37.23206,46.31983,52.07157,55.71081,57.36731,59.36846,59.85829,59.87869,60.70038,56.61511,67.60006,34.45106,68.33136,83.69877,86.9791,83.59448,81.28734,83.03447,81.01172,80.66942,85.1987,82.89391,80.55641,80.29528,80.8438,79.05122,78.99483,79.98754,81.30903,78.33949,74.72286,70.10572,67.21531,63.27742,59.16081,56.38185,"Itum5"
"Crimson_37bands_461",46.27212,46.27071,55.16398,59.69343,60.95673,61.52931,69.69217,72.11442,75.23312,78.48472,78.30633,74.05468,23.94706,57.7819,73.60539,73.08279,68.91477,64.36237,60.39668,59.15906,55.95893,54.66452,52.7277,52.88084,52.26747,51.08762,48.38907,47.53109,50.08974,55.68837,61.73811,61.36875,59.25255,57.22931,55.44736,51.64744,48.8492,"Crimson"
"Itum5_37bands_461",32.03318,32.03345,40.53396,45.55649,49.06191,50.89983,53.08965,53.64386,53.80019,54.53628,50.57781,62.75991,37.46898,62.99777,74.24553,76.33415,73.18964,71.68164,73.28625,71.75345,71.69769,75.44918,73.9901,71.72503,71.271,71.56902,70.24807,70.0781,70.69792,71.42634,68.56117,65.53646,61.52536,58.71375,54.79983,51.17916,48.85937,"Itum5"
"Crimson_37bands_462",44.23868,44.23797,52.46757,56.75289,57.90244,58.27446,66.01241,68.51023,71.7099,74.80329,74.73734,71.06758,24.66662,58.47899,73.58971,73.0059,68.89345,64.65332,60.83069,59.93199,56.75884,55.28135,53.41956,53.74474,52.8283,51.7417,49.12749,48.07606,50.51815,56.39605,62.46522,62.21802,60.35408,58.2257,56.60372,52.64109,49.54475,"Crimson"
"Itum5_37bands_462",35.75731,35.7574,43.9488,49.04271,52.32856,54.07944,55.97912,56.48044,56.42745,57.01186,52.72816,61.93048,37.30327,61.56505,73.43576,75.94732,72.73917,71.18229,72.80653,71.24305,71.22554,75.04091,73.42835,71.18597,70.82678,71.24934,69.7472,69.59384,70.2025,71.03242,67.96933,64.85256,60.72646,57.95972,54.00642,50.48597,48.26169,"Itum5"
"Crimson_37bands_463",58.5919,58.59132,68.54999,74.70882,76.37589,77.65131,85.14776,87.05064,88.12633,90.21348,86.14833,75.19286,22.96611,58.88875,75.22331,74.48695,70.20455,65.53319,61.40619,60.00945,56.576,55.20871,53.25753,53.24359,52.56937,51.28793,48.49797,47.50422,49.95199,55.79707,62.10385,61.88255,59.81592,57.80466,56.23357,52.35842,49.23176,"Crimson"
"Itum5_37bands_463",27.10742,27.10751,35.95994,41.95734,46.47384,49.00418,50.01725,49.61387,49.2073,49.70881,45.01069,59.88939,22.36651,63.55382,83.5514,87.54987,84.32775,82.46841,83.27696,81.67858,81.03233,85.23735,83.58293,81.03157,79.96412,80.16944,78.60444,78.33462,78.98531,80.22405,76.96403,73.34284,68.62002,65.1222,60.34477,55.68972,52.13998,"Itum5"
"Crimson_37bands_464",58.78717,58.78614,67.88671,73.7112,75.07833,75.78387,82.67859,84.3855,85.58876,87.648,84.14327,71.96202,21.98827,59.40619,77.06673,76.6506,72.0681,66.75041,62.27626,60.79877,57.28776,55.96343,53.63636,53.95716,53.45266,52.38409,49.46878,48.65031,51.32966,57.30515,63.58825,63.2831,60.95367,59.01664,57.24059,53.29257,50.52543,"Crimson"
"Itum5_37bands_464",27.15935,27.16002,36.12536,42.18642,46.94383,49.48807,50.34698,49.71547,49.31295,49.71516,44.85982,60.69758,20.32416,62.57176,83.0766,87.13255,83.97392,82.19496,82.91292,81.29433,80.44749,84.83166,82.85909,80.38286,79.35914,79.66057,78.1499,77.83044,78.65569,79.70576,76.41011,72.63562,67.87129,64.35109,59.64005,54.89818,51.21931,"Itum5"
"Crimson_37bands_465",35.78879,35.78783,43.26627,46.85857,47.79208,47.71869,53.56175,55.16626,59.00585,62.46244,64.83625,65.60936,27.57223,54.89419,69.15972,68.51552,64.74315,61.02387,57.85166,57.36591,54.38173,53.19109,51.65106,51.86588,51.15323,50.03036,47.71197,46.90512,49.41429,54.91216,60.62641,60.23728,58.1412,55.90567,53.91042,49.94284,47.14052,"Crimson"
"Itum5_37bands_465",26.43106,26.43111,34.6048,39.49482,43.43228,45.31386,47.94342,48.74207,49.68056,50.86442,47.47911,64.28644,24.78069,61.76321,80.58178,84.73095,81.59388,79.40218,81.58202,79.63738,79.52271,84.53373,82.20121,79.67953,79.60494,80.37809,78.51057,78.34663,79.3329,80.94079,77.57494,73.87061,69.0902,66.06723,61.70686,57.52543,54.64155,"Itum5"
"Crimson_37bands_466",44.99189,44.99072,53.78702,58.59763,59.76134,60.04349,66.68657,68.89484,71.98676,75.25008,75.69063,70.10982,29.223,56.97707,71.4177,70.39011,66.56808,62.7027,59.459,58.93078,55.93129,54.63851,52.98979,53.06573,52.31935,51.07603,48.67371,47.74735,50.07887,55.45476,61.30658,60.93856,58.73803,56.51578,54.49182,50.44716,47.53167,"Crimson"
"Itum5_37bands_466",28.15251,28.15242,36.72893,41.97403,46.02452,47.96345,50.45361,51.1602,51.75625,52.76072,48.98205,64.68459,24.4765,60.03772,77.60514,81.4157,78.38428,76.67778,78.65074,76.86544,76.98928,81.67153,79.5069,77.2728,77.04028,77.64561,76.01343,75.79178,76.83458,78.27951,75.15521,71.44829,66.86264,63.97431,59.98056,55.8439,52.92857,"Itum5"
"Crimson_37bands_467",45.84273,45.84249,54.95018,60.17424,61.98926,63.10098,70.78934,72.32129,74.08581,76.39232,73.79585,69.32795,19.15965,58.26505,75.04322,75.13645,71.03038,66.19621,61.85894,60.45379,57.15404,55.60203,53.55192,53.81178,53.25934,52.03252,49.54284,48.65594,51.24151,57.13878,63.48189,63.27365,61.12052,59.04588,57.42469,53.31815,50.1789,"Crimson"
"Itum5_37bands_467",26.08708,26.08743,33.78642,39.1336,43.34134,45.63387,46.44014,45.81139,45.26352,45.45294,40.4921,52.9449,21.44499,59.20824,76.04783,79.3862,76.62709,75.37897,76.18924,74.80798,74.23725,78.09193,76.23846,74.0899,73.26891,73.51078,72.13315,71.77789,72.31826,73.37067,70.22822,67.02178,62.96529,59.91337,55.77946,51.51374,48.2416,"Itum5"
"Crimson_37bands_468",37.15833,37.15758,43.87567,47.48855,48.66893,49.4001,56.17103,57.74151,60.47774,63.03287,62.37527,60.10077,18.16183,56.59267,73.15064,73.20423,69.37786,64.68197,60.40412,59.07858,55.67309,54.32554,52.09019,52.46924,51.95892,50.65788,48.04736,47.00888,49.51764,55.35973,61.56188,61.28989,59.16202,57.10927,55.52784,51.59924,48.56443,"Crimson"
"Itum5_37bands_468",25.17462,25.1748,33.17951,38.81007,43.18755,45.63801,46.33096,45.65707,44.95293,45.17407,40.15702,53.27598,22.73476,60.79878,76.31336,79.36135,76.72407,75.60255,76.41249,75.2147,74.74047,78.13961,76.45234,74.29549,73.37972,73.55411,72.14016,71.52148,72.14734,73.07093,70.16639,67.02993,63.02911,59.933,55.84028,51.61635,48.32026,"Itum5"
"Crimson_37bands_469",40.31641,40.31524,47.74795,51.56921,52.60378,52.88758,59.73662,61.45271,64.73793,67.76968,68.21064,67.08277,25.39346,62.62261,77.28348,77.18071,73.44859,68.13022,62.90548,62.16952,58.21331,55.79011,54.24516,55.36545,54.5218,53.08071,50.2794,49.53272,53.1987,59.71966,66.99335,67.19692,65.07682,63.17013,61.87241,57.9882,55.22371,"Crimson"
"Itum5_37bands_469",39.88908,39.88927,48.26129,53.33044,56.20469,57.59359,59.37546,59.90376,59.86492,60.34219,56.39526,64.9836,39.83978,68.26315,80.34322,83.26138,79.70441,78.03388,79.72268,77.84726,78.00702,82.18787,80.1723,77.76217,77.529,77.98429,76.34442,76.35669,77.14614,78.44117,75.179,71.7645,67.1303,64.01069,59.81631,56.12579,53.86273,"Itum5"
"Itum5_37bands_470",39.97097,39.9713,48.7642,54.0768,57.06252,58.51712,60.32054,60.77937,60.76617,61.37428,57.40556,66.46202,42.46926,69.46226,80.80304,83.3972,79.79769,78.16577,79.90671,78.32547,78.2893,82.36122,80.53957,78.22434,77.70501,78.20358,76.51275,76.6214,77.46066,78.51083,75.5827,72.20734,67.70788,64.68768,60.63169,56.71981,54.18629,"Itum5"
"Crimson_37bands_470",38.90894,38.90818,46.44197,50.0892,51.20687,51.27927,58.41879,60.3997,64.25881,67.48482,68.40651,68.78118,25.64366,63.69897,77.90061,77.61895,73.80764,68.53661,63.13785,62.5576,58.75509,55.97253,54.6646,55.93964,54.9533,53.26557,50.55879,49.88666,53.37586,60.18403,67.49633,67.74662,65.67351,63.76633,62.54441,58.56916,55.57711,"Crimson"
"Itum5_37bands_471",20.02603,20.02603,27.53443,31.70952,35.18133,37.08842,40.40974,41.47612,42.62347,43.90494,40.63312,55.62114,24.3535,57.95947,74.63101,77.87253,74.87599,73.75543,75.55646,74.24268,74.01104,78.37478,76.9268,74.77042,74.09515,74.65705,73.33016,73.11768,73.85512,74.80673,71.46364,67.93061,63.54762,60.49363,56.20359,52.05081,49.09295,"Itum5"
"Crimson_37bands_471",39.03096,39.03031,45.72021,49.21986,50.38783,50.97953,57.95291,59.73675,62.75366,65.53851,65.41994,64.19787,24.35414,60.73938,75.25082,75.05767,71.82875,68.10619,63.12051,63.05356,58.96636,56.60182,55.63056,56.07735,54.58029,52.9312,50.26265,49.32933,52.58463,58.22522,64.48163,64.50099,62.24458,59.65071,57.73864,53.20452,49.90634,"Crimson"
"Crimson_37bands_472",42.57477,42.57379,49.85492,53.88807,55.28406,56.12551,62.85957,64.63924,66.99805,69.50137,68.28369,65.44262,26.36843,61.77181,75.45284,74.97406,71.79668,68.03761,63.11021,63.23019,59.21517,56.71887,55.85321,56.41951,54.80528,52.94073,50.30377,49.15814,52.50662,58.06666,64.31581,64.36555,62.30935,59.92186,57.9735,53.46079,50.04063,"Crimson"
"Itum5_37bands_472",22.7635,22.76377,30.55794,35.44125,39.2062,41.37013,43.9123,44.55073,44.98763,45.99905,42.31097,55.45257,27.36932,57.88798,73.20022,76.48478,73.6734,72.76051,74.63417,73.62398,73.45697,77.76517,76.55368,74.31541,73.76169,74.16285,72.94347,72.83167,73.52396,74.43522,71.08059,67.73156,63.54992,60.49248,56.27301,52.31369,49.53311,"Itum5"
"Itum5_37bands_473",44.65513,44.65583,53.73385,59.33358,62.41244,63.68894,65.12725,65.5591,65.30363,65.77267,61.34658,70.1651,39.5284,69.14917,81.32155,84.53769,80.83379,78.48665,80.05271,77.8154,77.67873,82.10509,79.77021,77.60595,77.39683,77.95876,76.12465,75.93011,77.18065,78.57098,75.56128,72.013,67.30827,64.6178,60.75113,57.19528,55.08048,"Itum5"
"Crimson_37bands_473",29.17358,29.17198,34.30696,37.00037,37.73173,37.29999,40.93384,41.62328,45.24165,47.93679,52.72415,56.35786,45.44082,64.76158,74.14494,73.7758,70.14775,66.0044,61.73234,61.61682,58.19084,55.64621,54.82628,55.73814,54.58655,53.0139,50.22181,49.48419,52.87349,59.22013,65.78118,65.93721,63.74413,61.722,60.18906,56.43015,54.1718,"Crimson"
"Crimson_37bands_474",28.62815,28.62656,34.05344,36.79233,37.53094,36.99281,40.49568,41.25251,44.79004,47.50138,52.79037,56.47391,46.13616,64.94171,73.90172,73.31884,70.15447,66.02125,62.00738,62.20524,58.80662,56.32043,55.29081,56.12308,54.96469,53.33449,50.70232,49.72586,53.02298,59.13373,65.73418,65.94741,63.97062,61.73614,60.07997,56.35593,53.92428,"Crimson"
"Itum5_37bands_474",45.92913,45.92917,55.31962,61.27202,64.25533,65.53546,67.21543,67.7161,67.30611,67.90618,63.74987,70.29427,41.13889,71.2328,83.67255,86.57633,82.88563,80.51251,82.19008,79.87296,79.70306,84.04442,81.98069,79.4832,79.39123,79.83374,77.94046,77.85922,78.86766,80.3233,77.47666,73.83627,69.10179,66.28777,62.34183,58.57988,56.15999,"Itum5"
"Crimson_37bands_475",35.55775,35.5568,45.77694,50.86026,52.6493,53.16732,60.5519,62.92865,67.1459,70.89999,70.60323,72.06033,30.66415,58.12422,71.89283,70.81923,67.26126,63.63675,59.19125,59.61574,55.97233,53.35169,52.73573,53.42975,51.85491,50.15409,47.83911,47.01993,50.15612,55.53296,61.52207,61.6233,59.48302,56.90255,54.85639,50.61781,47.77473,"Crimson"
"Itum5_37bands_475",37.49864,37.49873,45.98983,51.04865,54.47639,56.22021,59.28851,60.19172,60.54488,61.56046,58.56291,68.6984,37.00412,66.46423,80.78358,84.57845,81.26941,79.21702,81.20116,79.27561,79.38895,83.90899,81.70414,79.59815,79.5483,80.11806,78.5735,78.65267,79.81392,81.67718,78.96925,75.3662,70.72583,67.83806,63.90483,60.1218,57.66622,"Itum5"
"Crimson_37bands_476",47.93953,47.93827,59.20873,65.56328,67.42308,68.58273,76.50173,79.25073,81.97587,85.32209,83.14106,74.82194,34.56828,61.25573,75.29022,74.01207,70.29738,66.48449,62.02373,62.40412,58.66341,56.14416,55.45734,56.16307,54.4803,52.79474,50.28427,49.3731,52.56882,58.0787,64.13466,64.20148,62.00743,59.42065,57.27513,52.89469,49.83355,"Crimson"
"Itum5_37bands_476",36.6852,36.68534,44.9294,49.72825,53.19819,54.88584,57.73984,58.73388,59.09552,59.9856,56.4614,67.98048,39.11255,68.6763,83.3734,87.28983,83.7965,81.51396,83.56619,81.42278,81.45655,86.31711,83.96604,81.6774,81.76042,82.37848,80.78944,80.71935,82.00909,83.8396,80.84878,77.16824,72.11319,69.15837,65.28656,61.5188,59.21107,"Itum5"
"Crimson_37bands_477",31.34414,31.34294,36.67117,39.11349,39.59079,39.9479,44.53635,45.79855,49.06203,52.18449,53.59926,53.45896,21.30813,59.012,73.53681,73.4946,70.23511,66.30708,61.58316,61.47115,57.51382,55.15933,54.21051,54.83115,53.44176,51.74718,49.08815,48.13726,51.45146,57.01642,63.0475,63.15722,61.06212,58.78549,57.01154,52.71256,49.53263,"Crimson"
"Itum5_37bands_477",29.60281,29.60374,37.84525,43.57868,48.46351,50.86648,51.31244,50.17094,49.51937,49.46117,43.55661,60.62731,19.11634,62.26391,80.37255,85.4082,82.84441,80.96668,82.42869,80.20553,79.88683,84.6415,82.40344,80.02189,79.97485,80.6254,78.67524,78.53612,79.87017,81.5925,78.5869,74.97895,70.24645,67.5385,63.90321,59.63706,56.50975,"Itum5"
"Crimson_37bands_478",37.4723,37.47116,43.90106,47.03548,47.85489,48.09925,54.57687,56.45742,59.92426,63.32374,64.46966,62.2722,23.31136,59.81273,74.35371,74.25237,70.95915,67.11226,62.25964,62.33538,58.30781,55.8216,54.82651,55.61113,54.05695,52.23986,49.60376,48.61481,51.85135,57.56405,63.88874,63.99336,61.98513,59.59425,57.83634,53.47612,50.19637,"Crimson"
"Itum5_37bands_478",28.99724,28.99794,37.3284,43.08389,47.97347,50.40388,50.8029,50.04755,49.40322,49.50649,43.94012,61.58524,18.80878,63.088,81.94213,87.20434,84.42106,82.41966,83.98781,81.71322,81.44395,86.13662,83.69337,81.26885,81.21738,81.86189,80.02999,80.1184,81.3717,83.00238,80.0553,76.26011,71.47258,68.65147,64.7574,60.49421,57.34362,"Itum5"
"Crimson_37bands_479",34.97268,34.97087,41.01373,44.33302,45.2522,46.37823,51.9552,53.57751,55.42666,57.96707,56.97721,53.26257,24.43717,58.99416,71.76959,70.85943,67.95474,64.82269,60.27607,60.60891,56.7763,54.41587,53.84235,54.27865,52.35961,50.65049,48.20816,47.06505,49.88344,54.80987,60.34634,60.44836,58.62458,55.97676,54.02125,49.8187,46.58127,"Crimson"
"Itum5_37bands_479",32.56148,32.56199,41.58447,48.047,53.15416,55.72797,56.06563,55.00709,54.12876,54.193,47.97177,64.08023,21.05219,68.68153,88.52927,93.32663,90.00232,88.24992,89.46818,87.44399,86.92834,91.75912,89.39819,86.70614,85.89743,86.45511,84.37279,84.27226,85.59532,87.07708,83.29808,79.28014,73.67801,70.02623,65.12561,60.02137,56.27764,"Itum5"
"Crimson_37bands_480",36.22083,36.21942,42.45144,45.49712,46.41521,47.20584,53.4307,55.13439,57.96649,60.85859,61.01585,58.26575,25.68141,59.65194,71.99602,71.17555,68.22087,65.14046,60.54412,60.99964,57.07842,54.51361,53.98723,54.42767,52.48001,50.64229,48.26606,47.08372,49.93471,54.86928,60.64406,60.86443,59.0024,56.46077,54.49468,50.18261,46.83487,"Crimson"
"Itum5_37bands_480",30.82115,30.82194,39.9607,46.43691,51.7457,54.43208,54.75518,53.57159,52.68591,52.73609,46.50316,63.68313,22.36384,69.2077,88.55877,93.26995,89.90268,88.0184,89.18708,87.3774,86.73976,91.39924,88.93561,86.43464,85.53735,85.83852,83.95861,83.74426,84.92084,86.46725,82.85775,78.81265,73.58,69.79574,65.01891,59.96548,56.0819,"Itum5"
"Crimson_37bands_481",32.51201,32.5102,38.04682,40.72,41.44686,41.58555,46.34957,47.30217,50.55869,53.32772,56.45111,57.10334,29.25892,60.86754,73.05702,72.93923,70.02045,66.51133,62.08546,62.35919,58.60555,56.12063,55.40578,56.07115,54.40754,52.62248,50.17183,49.274,52.39865,57.90709,63.93941,64.01508,61.86415,59.44027,57.61205,53.35472,50.3023,"Crimson"
"Itum5_37bands_481",37.54871,37.54899,46.92186,52.85546,56.76642,58.44135,60.45967,61.19735,61.45551,62.41416,58.15861,70.09704,34.50201,69.30021,86.20218,90.07791,86.22884,84.11883,85.7974,83.62448,83.374,88.11414,85.58267,83.23344,82.87203,83.39645,81.435,81.77049,82.84319,84.51816,81.26356,77.56008,72.582,69.63287,65.45489,61.30263,58.513,"Itum5"
"Crimson_37bands_482",30.00882,30.0073,35.2507,37.75642,38.38834,38.55045,42.87545,43.89401,46.97718,49.67522,52.42145,53.45157,28.76473,60.79688,73.5493,73.66599,70.45373,66.69272,62.02195,62.10622,58.30879,55.89189,55.12491,55.90227,54.24817,52.53405,50.15637,49.18044,52.41203,58.04303,63.79738,63.77975,61.78191,59.24041,57.27063,53.17465,50.18103,"Crimson"
"Itum5_37bands_482",37.39328,37.39328,46.7635,52.72428,56.63097,58.17413,60.3147,61.20432,61.65027,62.70688,58.5097,69.3755,33.3117,68.55419,84.85463,88.54896,84.84931,82.67128,84.37569,82.51749,82.275,86.75067,84.51968,82.32796,81.94072,82.34346,80.56546,80.60872,81.75613,83.51141,80.22889,76.55681,71.73631,68.72133,64.59165,60.38539,57.52762,"Itum5"
"Itum5_37bands_483",39.23881,39.2389,47.75938,52.92677,56.17362,57.81004,60.15007,60.85684,61.02879,61.7826,57.18778,67.03914,40.06157,66.388,79.03947,82.01676,78.54954,76.97683,78.81259,77.31334,77.27442,81.53092,79.69279,77.47525,77.16205,77.50241,75.95895,75.70775,76.71559,77.94999,74.66442,71.21188,66.6087,63.43188,59.31798,55.4916,53.15012,"Itum5"
"Crimson_37bands_483",25.74502,25.74355,29.93372,32.00795,32.61663,32.44752,35.53989,35.56914,38.61653,40.88439,44.11798,46.43403,21.61611,59.13317,72.74284,74.163,71.47257,67.04242,62.01889,61.97638,58.09487,55.61104,54.55077,55.7222,54.6696,53.01576,50.4568,49.81944,53.38953,59.83071,66.73465,66.97666,64.96303,62.87497,61.5565,57.46243,54.33423,"Crimson"
"Crimson_37bands_484",23.7766,23.7758,27.58426,29.5087,30.09452,29.95243,32.48004,32.60831,35.40866,37.57781,41.1401,43.74025,21.76689,58.03408,71.35558,72.44162,69.93188,65.79489,60.75722,60.81035,57.12794,54.64757,53.67369,54.68727,53.62009,51.97756,49.57333,48.79527,52.17819,58.36101,65.31179,65.4707,63.63339,61.56564,60.06883,56.06831,53.04191,"Crimson"
"Itum5_37bands_484",37.17671,37.17676,45.73919,50.7933,54.1634,55.86391,57.95744,58.78914,59.0897,59.79265,55.74797,66.76146,39.90157,65.6103,77.39538,80.06409,76.65065,75.15203,77.11691,75.38101,75.43591,79.62255,77.97398,75.86192,75.42537,75.80513,74.1372,74.10444,74.94506,76.25531,72.93651,69.561,65.14076,62.20254,58.13937,54.35841,52.07874,"Itum5"
"Itum5_37bands_485",31.5728,31.57313,40.19464,45.86717,50.18548,52.50551,54.10536,54.25826,54.02031,54.49342,49.97964,64.74309,30.33388,66.38356,80.93902,84.51666,81.1964,79.49217,81.22657,79.26886,79.09922,83.45425,81.3882,79.29544,79.02445,79.43575,77.48181,77.36381,78.5517,80.1385,77.39336,73.85872,69.34638,66.52637,62.85281,58.9269,56.15341,"Itum5"
"Crimson_37bands_485",35.74594,35.74424,41.92498,44.83115,45.56129,45.43544,51.56783,53.40433,57.61747,61.19438,63.4524,63.08853,28.42535,62.34825,74.99309,74.1159,70.88461,67.53908,62.91442,63.2459,59.22475,56.85521,56.18009,56.80613,55.05594,53.2894,50.77848,49.78111,53.00848,58.40332,64.14982,64.12341,61.94,59.1571,56.96935,52.52009,49.30092,"Crimson"
"Itum5_37bands_486",34.28864,34.28859,43.01836,48.79312,52.97088,55.23228,57.2799,57.53379,57.21406,57.7826,53.12798,63.97511,32.07937,68.85324,84.46386,88.06265,84.55633,82.51853,83.94735,81.79622,81.63758,86.29836,84.0186,81.71667,81.43319,81.86897,79.80698,79.81327,80.80449,82.61302,79.53576,76.08252,71.22829,68.30292,64.47349,60.29737,57.30334,"Itum5"
"Crimson_37bands_486",43.25921,43.25741,50.87104,54.55736,55.18347,55.08577,62.11065,64.39113,68.64595,72.37869,73.32381,70.34531,28.61973,62.54589,74.04194,73.17062,69.83854,66.52171,62.11361,62.43205,58.52532,55.89943,55.34605,55.93462,54.26324,52.52693,49.95515,49.10015,52.20738,57.62385,63.4057,63.3516,61.2895,58.53429,56.3104,51.90785,48.71318,"Crimson"
"Crimson_37bands_487",34.12903,34.12815,39.38242,41.88331,42.86549,43.19053,49.40384,50.80591,53.97582,56.55032,56.67374,56.16215,25.03854,63.52853,78.38079,78.52151,75.1034,70.00702,64.54139,64.33079,60.1911,57.27593,56.08769,57.12127,55.99794,54.22453,51.57838,50.75975,54.18586,60.74932,68.05771,68.309,66.35385,64.04378,62.55159,58.32443,55.10158,"Crimson"
"Itum5_37bands_487",31.05304,31.05366,38.43028,43.43024,47.41385,49.46539,49.9715,49.35367,49.03005,49.16159,44.18675,58.2386,25.0737,64.28834,79.23111,82.91202,80.14917,78.66461,79.54632,77.83634,77.33182,81.23983,79.29508,77.45112,76.75572,76.88123,75.65104,75.67303,76.804,77.78224,74.81797,71.64628,67.3761,64.42848,60.44764,56.27195,53.16344,"Itum5"
"Crimson_37bands_488",38.60201,38.60116,45.20378,48.44552,49.57156,49.98968,57.76394,59.69046,63.16779,66.37603,66.53777,65.47016,24.60384,62.22518,76.69233,76.71669,73.42272,68.65367,63.25122,63.06686,59.05537,56.20298,55.10787,56.12767,54.96612,53.17962,50.45561,49.56921,53.13926,59.58282,66.51708,66.86275,64.89114,62.72391,61.22363,57.09905,53.9382,"Crimson"
"Itum5_37bands_488",31.88475,31.88533,39.76146,45.0735,49.22657,51.3065,51.78049,51.06198,50.68524,50.70824,45.34539,59.16597,26.38848,64.56553,78.26417,81.71494,79.04997,77.89123,78.69685,77.17602,76.68676,80.42259,78.93123,77.14186,76.41482,76.38875,75.1365,75.157,76.29578,77.27185,74.45988,71.4033,67.35995,64.50029,60.5896,56.35441,53.31422,"Itum5"
"Itum5_37bands_489",31.84252,31.84288,40.59354,46.4869,50.85462,53.09714,54.0332,53.78031,53.34916,53.5231,48.39463,62.80741,28.05098,64.61523,81.30896,85.03165,81.9141,80.13511,81.61628,79.85975,79.47603,83.77603,81.72879,79.57376,79.09795,79.2849,77.83106,77.74088,78.78931,80.30382,77.33342,74.04684,69.60141,66.62992,62.77035,58.67449,55.69472,"Itum5"
"Crimson_37bands_489",33.39284,33.39147,39.37061,42.3272,43.05697,43.21824,48.12389,49.4599,52.76263,55.71685,56.89396,57.09709,25.81896,60.4861,72.91231,71.98548,68.98507,65.95253,61.42617,61.80029,57.86447,55.33199,54.80116,55.47067,53.57046,51.67535,49.33149,48.17456,51.51153,56.5758,62.40521,62.61396,60.54079,57.92646,55.86402,51.43005,48.1799,"Crimson"
"Crimson_37bands_490",36.74107,36.73987,42.02315,44.64362,45.29612,45.48242,49.8382,50.63625,53.41954,55.94927,56.74747,55.72256,26.31969,61.02071,73.63032,72.75778,69.65683,66.51809,61.9026,62.38616,58.52527,55.88266,55.41659,55.8944,54.11959,52.20742,49.82572,48.746,51.91148,57.17018,62.99728,63.16714,61.22316,58.52923,56.47777,51.98794,48.52343,"Crimson"
"Itum5_37bands_490",35.58178,35.58238,44.59295,50.86971,55.37113,57.55656,58.44074,58.12424,57.52803,57.70467,52.17212,65.35964,28.80932,66.82863,83.8733,87.61835,84.12991,82.11693,83.67731,81.82225,81.48583,85.92923,83.71895,81.34373,81.01484,81.40477,79.55516,79.47183,80.59462,82.26258,79.01005,75.44018,70.67372,67.60895,63.41938,59.15379,56.18985,"Itum5"
"Crimson_37bands_491",30.95976,30.9585,36.18808,38.74449,39.43996,39.67947,44.61785,45.84155,49.05936,51.82605,53.16932,53.35383,20.19719,56.91835,70.07209,70.13756,67.6705,64.56325,59.99982,60.13647,56.32796,54.11373,53.41976,53.9203,52.28876,50.53253,47.97608,46.91998,50.08015,55.26384,61.27349,61.35265,59.4319,57.09687,55.328,50.96543,47.68496,"Crimson"
"Itum5_37bands_491",34.08935,34.08906,41.71558,47.03518,50.51144,51.88326,53.84072,54.36997,54.3684,55.10672,51.69987,59.47716,36.21235,71.34239,87.33351,91.8157,88.12039,85.56532,87.74791,85.54225,85.50214,90.36142,87.66891,85.56029,85.50684,86.32648,84.28295,84.37301,86.10145,88.57867,85.76139,81.94355,76.97479,74.42917,70.93919,67.21055,64.81608,"Itum5"
"Crimson_37bands_492",31.46323,31.46215,36.11644,38.43071,39.07046,39.46771,44.43546,45.42276,48.2986,50.66454,51.31472,50.62109,21.29661,59.18415,73.0537,73.27263,70.40339,66.87182,62.02398,62.28067,58.28365,55.8416,55.07579,55.70958,53.92543,52.2444,49.6126,48.68469,51.82412,57.32651,63.39345,63.48519,61.47945,59.0215,57.14756,52.80041,49.47005,"Crimson"
"Itum5_37bands_492",39.87903,39.87917,48.75222,55.06576,58.72316,60.17609,62.45046,63.30584,63.07368,63.97071,60.3133,67.22338,38.66852,71.92921,88.43019,92.85819,89.17671,86.55006,88.71424,86.18568,86.3218,91.20415,88.36291,86.25628,86.15316,87.00636,84.86222,84.80036,86.42012,89.02222,86.15325,82.31966,77.34264,74.77273,71.38024,67.5719,65.05104,"Itum5"
"Itum5_37bands_493",30.1811,30.18105,38.73948,43.97855,47.91836,49.84002,53.00259,54.07749,54.79175,55.90229,51.97374,65.77191,38.31152,67.26811,81.36262,84.5836,81.16719,79.70351,81.758,80.38082,80.48305,84.84817,83.1448,80.90601,80.33981,80.88904,79.12897,79.02668,79.87132,81.47301,78.03323,74.41013,69.82852,66.79543,62.49753,58.3506,55.6256,"Itum5"
"Crimson_37bands_493",46.43992,46.43959,55.39245,60.60157,62.73191,64.37944,72.02395,73.75774,75.86141,78.4814,75.38703,70.63433,22.44694,59.06034,74.51483,74.32527,71.03729,67.11036,62.14717,62.33446,58.20916,55.75708,54.98605,55.63862,53.90605,52.12455,49.62334,48.56432,51.70381,57.28303,63.22948,63.3661,61.3305,58.83411,56.81497,52.34804,48.97709,"Crimson"
"Crimson_37bands_494",44.59299,44.59216,53.12926,58.12233,60.06286,61.44794,68.57994,70.04707,72.08247,74.7623,72.07866,67.53115,23.46234,60.62686,76.40296,76.01515,72.51364,68.39177,63.24416,63.49203,59.24973,56.52005,55.7091,56.58277,54.81471,52.92733,50.36152,49.38122,52.64215,58.27826,64.54221,64.71249,62.6822,60.08419,58.0998,53.53408,50.03173,"Crimson"
"Itum5_37bands_494",33.89475,33.89498,42.37816,47.87837,51.84431,53.75498,56.377,56.98246,57.27792,58.03824,53.48053,66.43325,39.83558,67.50276,80.99443,84.10168,80.67776,79.37273,81.51961,80.18957,80.22702,84.57195,82.89294,80.74997,80.29421,80.67326,78.89549,78.89596,80.01995,81.29431,77.89387,74.34596,69.80106,66.70806,62.56198,58.4784,55.71428,"Itum5"
"Itum5_37bands_495",34.73526,34.73581,44.42933,50.84857,55.53727,57.84074,59.59865,59.6685,59.41886,60.05795,54.64455,68.24455,29.84954,69.02312,87.76213,91.70167,88.08422,85.99819,87.66457,85.95243,85.35943,89.91185,87.52319,85.21541,84.63663,84.91773,83.19915,83.20165,84.56979,86.116,83.01195,79.30996,74.55969,71.33826,67.00153,62.51563,59.2357,"Itum5"
"Crimson_37bands_495",35.04882,35.04759,41.57296,44.74998,45.62928,45.68786,51.86157,53.52146,57.34068,60.52231,61.96514,62.46713,23.99146,60.18045,74.45793,74.68583,71.41293,67.20116,62.29261,62.11777,58.16824,55.72007,54.91336,55.70753,54.39581,52.79709,50.0707,49.22908,52.71267,58.89246,65.41982,65.5308,63.3943,61.15612,59.5167,55.45585,52.47623,"Crimson"
"Crimson_37bands_496",33.48037,33.47923,39.19576,42.02741,42.76412,42.89179,48.19562,49.63926,53.2001,56.19743,57.75322,58.08894,25.25477,61.68499,76.49122,76.6315,73.17583,68.68675,63.60557,63.60985,59.50083,56.9892,55.98563,57.09484,55.59367,53.81485,51.0996,50.20814,53.67804,60.02546,66.738,66.97411,64.85724,62.60909,61.01466,56.80823,53.6699,"Crimson"
"Itum5_37bands_496",35.92192,35.92216,45.89638,52.73702,57.61116,59.90164,61.5241,61.43118,61.02643,61.54806,56.09324,69.40904,31.40964,71.0322,89.98023,93.84715,89.97585,87.72366,89.20389,87.42444,87.1072,91.43272,89.2131,86.82705,86.26428,86.56956,84.66546,84.36428,85.71357,87.44095,84.19021,80.37707,75.48195,72.1615,67.85818,63.11604,59.563,"Itum5"
"Crimson_37bands_497",31.56277,31.562,36.53839,38.79468,39.60092,39.51012,44.27503,45.13007,48.44412,51.06388,52.67911,53.45862,24.15358,60.61138,72.98617,73.32176,70.26366,66.07443,61.21606,61.16904,57.38597,54.88568,54.07265,55.05988,53.99639,52.32662,49.75788,49.03777,52.53093,58.85355,65.6859,65.87788,63.95062,61.93275,60.46888,56.49817,53.48579,"Crimson"
"Itum5_37bands_497",26.04107,26.04166,34.30349,40.22325,44.73745,47.19286,47.37595,46.5074,45.86809,45.9928,40.75932,55.09324,25.81171,65.45275,82.03641,85.42793,82.24077,81.06412,81.70416,80.51021,79.8243,83.44614,81.92573,79.85641,78.58824,78.58882,77.42408,77.26156,78.11565,78.98814,75.66096,72.32011,67.94974,64.49907,59.9861,55.27895,51.63089,"Itum5"
"Crimson_37bands_498",30.48967,30.48814,36.65411,39.60072,40.44971,40.26707,46.12315,47.52029,51.50624,55.05553,57.25507,59.13016,25.7054,61.07734,73.2795,73.56791,70.58677,66.452,61.88289,61.85065,58.05705,55.459,54.62068,55.70016,54.48309,52.77017,50.11311,49.37289,52.8507,59.07639,65.95881,66.25521,64.3257,62.28422,61.02662,57.0121,54.02957,"Crimson"
"Itum5_37bands_498",29.17811,29.17888,37.30305,43.05483,47.51379,49.866,50.26169,49.31513,48.67406,48.70771,43.09187,56.44751,26.36104,64.7589,80.95634,83.78765,80.77021,79.82554,80.30166,79.43579,78.59674,81.87352,80.6568,78.71213,77.16829,77.14608,76.2525,75.95418,76.77426,77.49504,74.35564,71.34545,67.27674,63.85568,59.4772,54.83072,51.08254,"Itum5"
"Itum5_37bands_499",39.42592,39.4261,47.71776,52.41977,55.51142,57.10523,60.12026,61.3842,61.92253,62.86193,58.62167,66.88629,54.20379,67.90625,76.25613,78.55547,74.92141,73.70116,75.86543,74.39299,74.87696,78.58063,77.30727,75.37106,74.95129,75.19908,73.54537,73.47683,74.39757,75.62275,72.38609,69.13982,64.87978,61.96097,58.26394,54.77082,52.84888,"Itum5"
"Crimson_37bands_499",45.62623,45.62553,53.12779,56.9169,57.9313,58.30396,64.50189,66.37344,69.66864,72.60083,72.38631,68.99562,30.52002,60.63299,72.89039,71.86294,68.53474,65.15794,60.71627,61.14741,57.0329,54.5505,54.0234,54.62968,52.75891,51.03435,48.5038,47.39372,50.51745,55.85786,61.59277,61.75034,59.69441,57.0728,54.93527,50.66398,47.63951,"Crimson"
"Crimson_37bands_500",39.50129,39.5002,46.46584,50.19324,51.42272,51.84153,57.65953,58.98898,62.09585,64.75271,64.79483,62.70102,30.02344,59.51431,71.96921,70.95167,67.99084,65.09658,61.08778,61.42884,57.58844,55.39764,54.82929,55.14038,53.15547,51.34142,48.68021,47.6019,50.75439,55.89141,61.63627,61.76477,59.69127,57.17316,55.04434,50.86243,47.89182,"Crimson"
"Itum5_37bands_500",32.82101,32.82092,41.11355,45.85748,48.93529,50.44811,54.32074,56.07644,57.35287,58.74238,56.17967,67.28318,53.40608,69.57375,78.78938,80.81042,77.23311,75.87619,77.87085,76.45432,76.77756,80.38239,78.83945,76.89198,76.38764,76.6402,74.99265,74.84775,75.87208,77.06357,73.97307,70.60734,66.3567,63.4487,59.52209,55.94409,53.88682,"Itum5"
"Crimson_37bands_501",40.454,40.45316,46.7036,49.92165,50.2791,50.21795,56.15942,58.10136,61.78799,65.26821,66.96999,63.5431,17.50832,56.37288,73.01683,73.4389,70.66933,67.09528,62.14198,62.52347,58.36045,55.75643,55.15605,55.88186,54.03347,52.18088,49.72543,48.6518,52.07564,57.4936,63.572,63.73118,61.78929,59.24741,57.32842,52.76732,49.12305,"Crimson"
"Itum5_37bands_501",40.41858,40.41889,48.7801,53.88625,57.13555,58.73444,60.50708,60.93549,60.99383,61.46946,57.05754,67.31984,41.82858,68.27807,78.92637,81.74003,78.17486,76.69155,78.04325,76.47773,76.39865,80.20328,78.58509,76.49448,76.02824,76.1511,74.45834,74.48778,75.56185,76.73417,73.75271,70.38601,66.00018,63.12903,59.19689,55.3605,52.93138,"Itum5"
"Crimson_37bands_502",33.10479,33.10391,40.59184,44.17801,44.7425,44.47915,51.16724,53.40626,57.90347,62.24222,64.92279,65.69031,16.20972,56.36289,73.82714,74.11849,71.27737,67.7633,62.5215,62.81372,58.70879,55.8882,55.30699,56.00488,54.26288,52.45218,50.0643,49.13441,52.47549,57.89131,64.2373,64.36949,62.16543,59.5319,57.57466,52.80063,49.2334,"Crimson"
"Itum5_37bands_502",41.5483,41.54871,49.6531,54.6224,57.75466,59.23719,61.09535,61.59111,61.68587,62.25245,57.80728,66.30832,43.96736,70.00486,80.50635,83.16287,79.4991,77.93734,79.28932,77.77424,77.72072,81.30247,79.64878,77.75367,77.17313,77.49055,75.88534,75.72742,76.85235,78.17809,75.0041,71.72657,67.49176,64.61781,60.67561,56.93392,54.52872,"Itum5"
"Itum5_37bands_503",35.61714,35.61724,43.90306,49.09135,52.91182,54.87229,57.03655,57.67809,57.60597,58.2808,54.61081,66.07575,37.60667,70.24574,85.67753,89.34663,85.56369,83.59284,85.51057,83.43798,83.44674,88.26529,85.91452,83.54186,83.46028,84.05522,82.07305,82.15136,83.40409,85.30152,82.0683,78.2875,73.27419,70.2381,66.21659,62.24583,59.62534,"Itum5"
"Itum5_37bands_504",34.59765,34.59778,43.15001,48.44691,52.22996,54.39077,56.84564,57.38935,57.44613,58.06401,54.1479,65.69326,39.34003,69.58428,84.33692,87.66546,83.91428,82.07876,83.92971,82.17721,82.23655,86.48267,84.47566,82.4024,82.00998,82.58396,80.37918,80.52351,81.89404,83.79935,80.50891,76.94757,72.25812,69.31842,65.3083,61.46861,59.03581,"Itum5"
"Itum5_37bands_505",35.53774,35.53774,43.16313,47.70507,50.90902,52.40072,54.72993,55.51338,55.99096,56.7202,53.08682,65.16175,43.64855,65.55199,76.42785,79.62244,76.05056,74.52934,76.76661,75.05416,75.35948,79.49363,77.75927,75.89145,75.67729,76.11044,74.43052,74.6271,75.70216,77.0256,73.93375,70.63554,66.1933,63.48293,59.78409,56.26555,54.09794,"Itum5"
"Itum5_37bands_506",38.23641,38.23669,45.85201,50.29737,53.40953,54.84179,57.45233,58.31967,58.93142,59.63419,55.48388,66.36669,47.29421,68.17484,78.55594,81.20296,77.90795,76.72726,78.74008,77.52184,77.67805,81.47435,79.93091,78.12852,77.95126,78.21866,76.71908,76.77488,77.91399,79.43607,76.43732,73.20923,68.91836,66.11509,62.51873,59.04474,56.87143,"Itum5"
"Itum5_37bands_507",37.27807,37.27829,45.3924,50.62226,54.21868,56.06844,57.30819,57.14222,56.89431,57.09223,51.68103,62.5057,39.61348,68.24416,80.46698,82.5892,78.99595,77.84553,78.96462,77.95126,77.62253,80.74657,79.77121,77.79161,76.71137,76.71574,75.30516,75.03146,75.94083,76.83889,73.69448,70.68388,66.6162,63.41392,59.23097,55.05672,52.06478,"Itum5"
"Itum5_37bands_508",38.31961,38.32028,46.56699,51.96402,55.67986,57.58886,58.66983,58.47063,58.14956,58.32094,52.70643,63.16584,38.95501,67.41925,79.74996,81.76562,78.15688,77.16752,78.37316,77.23398,76.79632,80.25657,79.1665,77.0177,76.0992,76.0823,74.73629,74.5311,75.53678,76.34712,73.31424,70.25887,66.01979,63.01402,58.85253,54.67671,51.71846,"Itum5"
"Itum5_37bands_509",36.65909,36.65918,44.82543,49.85722,53.32176,55.0217,56.69802,56.94869,57.10703,57.51417,52.73236,64.56393,38.79886,66.39463,77.13473,79.73455,76.2594,75.14937,76.7612,75.52809,75.47032,79.0952,77.84589,75.89734,75.38344,75.60778,74.23516,74.15897,75.14264,76.36407,73.20223,70.1678,66.00619,63.27582,59.37389,55.50375,52.83657,"Itum5"
"Itum5_37bands_510",33.05081,33.05107,40.86261,45.82518,49.29021,51.00707,52.6619,53.03403,53.21753,53.7339,49.60242,61.95877,38.98238,66.86123,77.87701,80.28296,76.73587,75.57303,76.86489,75.79575,75.52737,79.0602,77.84441,75.99513,75.30814,75.51091,73.99271,74.0352,74.95648,76.15827,73.08386,69.98403,65.86297,63.08037,59.25425,55.33354,52.71105,"Itum5"
"Crimson_37bands_605",4.6913,4.69099,7.64894,7.71167,8.59876,7.98877,9.79124,10.91743,14.34387,16.09994,19.43672,45.66306,30.32429,45.41741,54.3192,57.47798,56.37337,52.78043,52.88688,50.74558,49.05249,51.19742,50.21285,49.56328,49.71492,50.64831,49.531,50.37132,51.92394,54.00173,53.00562,50.36654,46.45194,44.28429,41.13138,39.20561,38.35515,"Crimson"
"Crimson_37bands_606",3.9705,3.97029,6.87376,6.96683,7.86333,7.32095,9.10851,10.23704,13.62533,15.32377,18.73086,45.11165,34.66644,47.17964,54.94926,58.31743,57.81136,54.06299,53.98371,52.48243,50.14035,51.75636,51.50181,50.90028,50.35784,51.26408,50.12075,51.06165,53.22186,55.08332,54.23491,51.68464,47.54739,44.92642,41.69247,39.65057,38.60984,"Crimson"
"Crimson_37bands_607",14.12016,14.12057,18.78892,20.78634,22.92123,23.62438,24.38868,24.46789,25.36025,25.75887,24.56686,47.25975,23.09734,45.67617,54.61688,57.77464,57.75656,54.43924,53.46609,52.36581,49.61932,50.81454,51.05256,50.62149,49.47445,50.15866,49.13787,49.89814,52.07642,53.41118,52.48764,50.09065,46.15491,43.35551,40.01582,37.60409,35.96272,"Crimson"
"Crimson_37bands_608",12.52272,12.52297,17.26747,19.31143,21.295,22.12205,23.16768,23.51724,24.31503,24.84266,23.85275,43.04837,22.51927,45.52566,54.72011,58.0288,58.03128,54.6874,53.77852,52.46943,49.7592,51.06434,51.21438,50.73877,49.63721,50.2768,49.15577,49.9099,52.10613,53.49625,52.55177,50.19998,46.16641,43.45857,40.14278,37.77061,36.2913,"Crimson"
"Crimson_37bands_609",12.61975,12.61985,16.59832,16.92984,18.10211,17.65338,19.72153,21.12479,24.7043,26.62574,28.49801,58.01625,26.64471,43.68958,54.33686,57.74404,57.32078,53.5733,53.36493,51.84959,49.41514,51.08276,51.10685,50.62716,49.73712,50.57422,49.4393,50.31631,52.47468,54.20978,53.14267,50.66581,46.57161,43.98812,40.7133,38.67955,37.66696,"Crimson"
"Crimson_37bands_610",10.76905,10.7691,14.51702,14.74086,15.82935,15.24256,17.18927,18.57696,22.30699,24.26589,26.80728,56.0274,27.32504,44.42357,54.64683,58.12003,57.66367,53.98175,53.74525,52.20009,49.68454,51.36018,51.32305,50.63637,49.94143,50.67387,49.65614,50.26819,52.56216,54.20674,53.24847,50.78924,46.70556,44.01773,40.703,38.69777,37.59223,"Crimson"
"Crimson_37bands_611",12.69235,12.69256,17.38016,18.58342,20.1361,20.49482,22.56938,23.76692,25.8854,27.06511,27.34962,51.13748,27.99137,42.6541,51.73883,54.76089,54.6277,51.66769,51.22736,50.26,47.82795,49.27087,49.65012,49.07783,47.78944,48.54425,47.64098,48.2052,50.21179,51.43302,50.31939,47.91298,44.13677,41.33119,37.91931,35.77693,34.41576,"Crimson"
"Crimson_37bands_612",9.18007,9.18032,13.81519,14.84815,16.4355,16.87147,18.97127,20.00138,22.23997,23.43892,23.95841,48.71681,28.35815,44.13435,53.17451,56.27212,56.15216,53.06547,52.64639,51.64782,49.17788,50.59909,50.94142,50.3157,49.11226,49.83131,48.92469,49.60772,51.61787,52.96745,51.73773,49.33264,45.33396,42.44127,39.03954,36.80059,35.34182,"Crimson"
"Itum5_37bands_613",24.57647,24.57708,32.40491,36.91776,40.92789,42.83871,44.18685,43.96125,43.74676,44.23574,41.17522,62.78687,19.42597,60.39796,83.14487,88.64332,86.67025,83.03486,84.86236,81.03983,81.23255,87.17409,82.66363,79.58904,80.40908,81.70539,79.43803,78.91443,79.83374,82.33135,79.10757,74.74592,68.99784,65.92442,61.37122,57.92719,56.044,"Itum5"
"Crimson_37bands_613",4.57875,4.5788,5.00418,4.98278,5.27878,5.0397,5.41605,5.52854,6.72814,7.12579,9.05321,21.25013,25.66162,40.07751,47.89545,52.23983,52.97886,50.37748,50.44754,49.46299,47.43944,49.18126,49.53047,49.12327,48.20534,49.08406,48.23774,48.94073,51.1244,52.64811,51.35629,48.85651,44.97962,42.35704,39.15712,37.12338,35.9654,"Crimson"
"Crimson_37bands_614",0.62447,0.62447,1.10155,1.19066,1.45101,1.36044,1.51925,1.65243,2.65513,3.28258,5.60944,16.60587,26.86579,41.12728,48.63156,52.74143,53.55618,51.2225,51.38737,50.59046,48.51503,50.14415,50.6441,50.18644,49.18433,50.02114,49.18514,50.02898,52.11123,53.49681,52.28274,49.81426,46.03466,43.38521,40.17871,38.11258,36.89342,"Crimson"
"Itum5_37bands_614",24.13638,24.13707,31.07732,35.08055,38.58832,40.31075,41.207,40.81565,40.57778,40.82475,37.94103,56.95868,22.83829,64.16744,86.8113,92.32069,90.06073,86.42065,88.09331,84.56831,84.35687,90.15135,85.85401,82.58684,83.32448,84.6069,82.30165,81.58148,82.55638,85.09668,82.16795,77.79628,71.95217,68.72742,64.35909,60.70935,58.5787,"Itum5"
"Itum5_37bands_615",33.20572,33.206,41.17679,45.61391,48.70221,50.02247,52.44057,53.09314,53.47974,54.31351,51.84862,69.26457,38.06904,66.64085,85.18809,88.79563,86.0609,82.74413,84.38465,81.56897,81.43787,86.4542,83.05094,80.02363,80.14366,81.32463,79.24108,78.53826,79.45262,81.50044,78.29881,74.10179,68.34845,64.98372,60.44703,56.88569,54.8348,"Itum5"
"Crimson_37bands_615",12.43177,12.43201,17.19545,18.48137,20.3792,20.88066,22.63333,23.51508,25.69903,26.84142,27.63264,55.24451,31.95005,43.01096,51.20034,53.9812,53.91511,50.87034,50.89783,49.87153,47.54375,49.16139,49.62613,49.03716,47.95291,48.76788,47.69695,48.36237,50.54316,51.86353,50.6437,48.14723,44.2034,41.4445,38.06421,35.99477,35.0003,"Crimson"
"Crimson_37bands_616",16.5,16.50032,21.21269,22.5693,24.27286,24.70124,26.55743,27.42066,29.42623,30.52853,30.72946,54.43711,31.14307,40.76151,47.56121,50.60855,50.77769,48.26902,48.49186,47.59946,45.6695,47.31184,47.82981,47.30664,46.27564,47.04062,46.10467,46.9536,49.05764,50.25121,48.87358,46.51582,42.69572,40.02638,36.78026,34.92497,34.00011,"Crimson"
"Itum5_37bands_616",35.23649,35.23663,43.25283,47.78926,51.01306,52.27812,54.53881,55.08203,55.48258,56.33496,54.08208,72.10113,38.34825,66.4057,84.97008,89.01807,86.2003,82.92026,84.44171,81.55703,81.5662,86.35448,82.8107,79.93459,80.13723,81.19726,79.19009,78.71744,79.84409,81.76908,78.46741,74.38253,68.68124,65.33243,60.56368,57.01564,55.27531,"Itum5"
"Itum5_37bands_617",28.00613,28.00646,34.90226,38.54864,41.31096,42.6187,43.83949,43.93962,43.92159,44.37254,41.50999,55.70938,32.75453,62.11051,77.77695,81.34685,79.2731,76.68512,77.59591,75.09262,74.75153,78.7686,75.76758,73.34722,73.22614,73.92616,72.33652,71.69545,72.59024,74.07739,71.21761,67.68433,62.70135,59.60887,55.31853,51.95383,50.05636,"Itum5"
"Crimson_37bands_617",11.73662,11.7369,14.62314,14.90824,15.87054,15.70171,17.67855,18.67209,21.1803,22.43583,23.70589,45.02211,27.96225,41.53544,50.17094,53.52637,53.57047,50.47074,50.55699,49.45431,47.1886,48.99326,49.14505,48.85567,47.96191,48.92165,47.91458,48.78139,50.93992,52.6742,51.50131,48.94972,45.01643,42.54686,39.4615,37.60399,36.61858,"Crimson"
"Itum5_37bands_618",30.01882,30.01938,37.55432,41.75234,44.75078,46.19151,47.56965,47.90064,47.94839,48.55702,45.8264,61.64477,32.88067,62.55624,77.95133,81.2174,79.31717,76.80225,77.78466,75.33104,75.15712,78.95748,76.27603,73.65308,73.55803,74.1568,72.59518,71.92231,72.76648,74.1668,71.43623,67.93994,62.92695,59.77622,55.41387,51.99913,50.10083,"Itum5"
"Crimson_37bands_618",5.23602,5.23596,8.19483,8.46759,9.39313,9.0323,10.55051,11.4619,14.51458,16.12676,18.82793,42.89974,28.65668,43.65884,52.71716,55.87898,55.83411,52.5413,52.63359,51.33633,48.97626,50.68009,50.87714,50.39172,49.54997,50.26962,49.15321,50.01062,52.27932,53.89221,52.92521,50.47117,46.36955,43.88039,40.77032,38.87367,37.97561,"Crimson"
"Itum5_37bands_619",36.27991,36.28009,44.30715,48.75518,51.61232,52.81027,54.75915,55.41395,55.50875,56.32608,54.46133,67.54814,44.65374,72.34118,87.88664,91.46996,89.02826,85.77799,87.13418,84.50007,84.31943,88.88503,85.42171,82.40389,82.59274,83.51074,81.53881,81.08399,82.16383,84.42439,81.27335,77.163,71.43787,67.99095,63.02309,59.51392,57.7303,"Itum5"
"Crimson_37bands_619",12.93299,12.9333,16.85489,17.57727,18.96798,19.10851,21.20535,22.06836,24.43997,25.52858,26.06243,50.80751,28.56842,42.75122,52.18546,55.68583,55.54259,52.25273,52.07112,50.87978,48.45439,50.03962,50.40425,49.81724,48.82344,49.66229,48.56217,49.43611,51.64303,53.23961,52.1246,49.66073,45.58482,42.88165,39.51192,37.53009,36.59763,"Crimson"
"Itum5_37bands_620",36.8455,36.84577,45.5225,50.44493,53.57944,54.87383,56.97413,57.73454,57.80509,58.63123,56.69354,71.91118,44.14057,71.44033,87.18607,91.11984,88.54172,85.26997,86.79767,83.91031,83.63856,88.55931,84.77262,81.95213,82.24615,83.15592,81.11365,80.8654,82.05225,84.17641,81.15523,76.82636,70.92958,67.43682,62.75157,59.14767,57.23362,"Itum5"
"Crimson_37bands_620",15.85648,15.85684,20.35927,21.50663,23.18632,23.44316,25.3044,26.17943,28.34295,29.39725,30.06979,56.51088,29.29731,44.07684,53.93321,57.24306,57.00016,53.40254,52.94104,51.78378,49.21451,50.68244,50.96083,50.63021,49.52813,50.3429,49.25736,50.20487,52.50269,53.98295,52.94979,50.40207,46.15684,43.36057,39.9128,37.91549,36.83788,"Crimson"
"Itum5_37bands_621",28.42495,28.42551,37.31576,42.88617,47.18181,49.18802,49.58752,48.93374,48.26958,48.50192,44.52056,64.13868,25.58933,65.21672,86.50137,91.73701,89.80642,86.66899,87.69022,84.81091,84.24556,88.7671,85.35656,82.43418,82.14249,83.01883,80.87244,80.37377,81.59535,83.54161,80.45876,76.37891,70.69324,67.08133,62.2719,58.34451,55.84954,"Itum5"
"Crimson_37bands_621",8.6898,8.6897,11.94143,12.39578,13.2211,13.25046,15.3582,16.64992,19.16799,20.82521,22.46058,42.49403,29.86913,42.86816,51.53804,54.95277,55.07031,51.97498,51.89537,50.93367,48.50597,50.1224,50.59452,50.14354,49.12771,49.85207,48.86668,49.70956,52.07726,53.507,52.34804,49.88986,45.8342,43.11152,39.80316,37.8799,36.87633,"Crimson"
"Itum5_37bands_622",26.51536,26.51614,34.01679,38.59051,42.29992,43.93324,44.18668,43.50826,42.88583,43.01837,39.53484,55.9525,25.26276,64.44981,86.14636,91.52728,89.53943,86.40128,87.31133,84.42666,83.74749,88.44753,84.8117,82.0135,81.77292,82.59199,80.70384,80.15058,81.18992,83.29978,80.23214,76.11964,70.51531,66.9075,62.02719,58.05075,55.47036,"Itum5"
"Crimson_37bands_622",7.44697,7.44692,10.78826,11.1882,12.10786,11.92115,13.71031,14.79351,17.62472,19.25989,21.54449,43.75872,28.63596,41.94517,50.96293,54.36945,54.41224,51.21307,51.18395,50.18544,47.76498,49.42491,49.92247,49.24499,48.31276,49.03415,48.04168,48.78911,51.07572,52.55785,51.38016,49.01023,44.92942,42.30449,39.05165,37.08309,36.09556,"Crimson"
"Itum5_37bands_623",29.59495,29.59536,36.66428,40.38727,43.00155,44.28362,45.61058,46.064,46.19851,46.8271,44.46855,59.07111,37.54754,64.84739,78.6687,81.68055,79.71784,77.2673,78.18411,75.9943,75.84292,79.51167,77.09354,74.79064,74.30349,74.77892,73.30313,72.74332,73.66934,75.0067,72.3209,68.8705,63.97352,60.7188,56.24195,52.82318,50.73288,"Itum5"
"Crimson_37bands_623",15.38047,15.38104,19.8923,21.02028,22.59535,22.84608,24.93801,25.93915,28.33358,29.60593,30.09867,55.48874,30.84504,44.40128,54.03465,57.66378,57.46348,53.64562,53.39557,52.09022,49.45642,51.0733,51.26587,50.85402,49.95596,50.81225,49.58923,50.64142,53.01894,54.92462,53.99575,51.43017,47.21623,44.49341,41.25182,39.39215,38.48413,"Crimson"
"Itum5_37bands_624",30.62891,30.62923,37.1314,40.5988,43.17473,44.35938,45.52162,45.68436,45.73716,46.16855,43.71062,58.2741,34.86933,63.33495,77.23109,80.55717,78.59725,76.19344,77.05632,74.76053,74.53745,78.17514,75.82125,73.28417,72.93691,73.63394,71.96784,71.40655,72.31002,73.85437,71.03349,67.57387,62.57776,59.3436,55.08812,51.67132,49.54678,"Itum5"
"Crimson_37bands_624",18.95654,18.95711,24.1919,25.50188,27.50235,27.85172,30.00377,30.89043,33.24346,34.30792,34.42746,63.26292,32.04846,45.3201,54.67489,58.14457,57.89961,54.17858,53.77032,52.53089,49.91443,51.31334,51.64728,51.31458,50.35938,51.16206,50.04372,50.96057,53.34132,55.4192,54.54539,52.0864,47.77043,45.01486,41.75737,39.68361,38.58059,"Crimson"
"Itum5_37bands_625",28.66501,28.66542,37.15486,42.48004,46.90202,48.91748,49.22548,48.38568,47.58335,47.75132,43.9476,63.57847,23.96152,64.20717,85.32952,90.53479,88.87313,85.89877,86.64566,83.92825,83.20061,87.91183,84.46177,81.5522,81.30854,82.16182,80.14509,79.63413,80.93724,83.09658,79.90333,75.66415,69.76638,65.98047,61.17208,57.09988,54.36176,"Itum5"
"Crimson_37bands_625",8.16268,8.16257,10.91199,11.09134,11.95153,11.47077,12.95859,13.93063,17.05869,18.77365,22.05361,46.7684,35.41072,45.11569,51.93741,55.06891,55.0318,52.0801,51.90431,50.98859,48.66701,50.09801,50.7127,50.35661,49.23239,50.03717,49.08236,49.84291,52.18347,53.71615,52.55663,50.05022,46.08829,43.47303,40.23601,38.4301,37.61052,"Crimson"
"Itum5_37bands_626",28.41359,28.41443,36.90516,42.263,46.66583,48.7057,48.94699,48.19629,47.35579,47.54761,43.87717,63.23141,24.84135,64.97741,85.78256,91.30883,89.60173,86.55217,87.62717,84.72289,84.19531,88.87717,85.36328,82.30334,82.31638,83.26202,81.17123,80.84861,82.16131,84.2193,80.82332,76.55031,70.5736,66.79397,61.75862,57.80119,55.46301,"Itum5"
"Crimson_37bands_626",5.51088,5.51061,7.99372,8.15048,8.83823,8.39673,9.47782,10.23184,12.97587,14.54261,17.83712,39.30671,35.16552,42.07888,46.61309,49.73664,50.26072,47.92418,48.2094,47.58141,45.67122,47.26515,48.10971,47.76531,46.83606,47.6556,46.91822,47.77999,49.99076,51.38992,50.40597,48.06267,44.28807,41.71357,38.6019,36.9122,36.15882,"Crimson"
"Crimson_37bands_627",6.05445,6.05461,10.18174,11.15025,12.65825,13.00042,14.77929,15.63429,17.91947,19.18535,20.34721,43.1792,26.8954,38.45319,45.24356,48.76402,49.31974,47.14177,47.3901,46.80713,44.76105,46.52078,47.25331,46.89656,45.96066,46.80612,46.18036,46.93293,49.22103,50.55763,49.25713,46.79944,42.98478,40.31031,36.99549,35.15937,34.14855,"Crimson"
"Itum5_37bands_627",36.2625,36.26274,44.73614,49.3793,52.50305,53.61338,55.91359,56.69336,57.04766,57.93184,55.47941,71.51393,39.91514,69.88062,88.49325,93.05953,90.42621,86.77822,88.31405,85.27868,84.91256,89.7717,86.31523,83.32447,83.33929,84.42865,82.15231,81.74078,83.36875,85.41233,82.57055,78.38831,72.63885,69.37105,64.77714,61.27559,59.48114,"Itum5"
"Crimson_37bands_628",12.96497,12.96534,17.09182,18.39257,20.04536,20.61,22.18213,22.77466,24.38418,25.28129,25.54067,46.77408,28.34611,40.86858,48.55053,51.7433,52.03057,49.34774,49.32005,48.66988,46.27081,47.88851,48.57439,48.05879,46.94667,47.67639,46.79165,47.58136,49.79501,51.12523,50.00986,47.59673,43.76517,40.94745,37.64219,35.7294,34.64901,"Crimson"
"Itum5_37bands_628",37.46979,37.47039,46.47323,51.32116,54.48522,55.76469,58.16002,59.19827,59.60443,60.74721,58.55243,73.27886,40.88344,69.83129,88.12479,92.62312,90.15379,86.62158,88.36536,85.11647,84.92666,89.79346,86.22263,83.49215,83.56349,84.66434,82.33296,82.02844,83.44576,85.76882,82.78439,78.68331,72.9301,69.66304,65.12856,61.79671,60.2408,"Itum5"
"Itum5_37bands_629",24.82715,24.82766,32.38329,36.92705,40.61137,42.48125,43.04543,42.62654,42.25234,42.52965,38.918,55.02469,24.19429,63.2219,84.65805,89.96357,88.42937,85.64538,86.26668,83.69499,82.88162,87.17722,84.38418,81.35039,80.89949,81.62478,79.59392,79.10334,80.46548,81.87842,78.82807,74.73234,69.11165,65.25536,60.35392,56.25508,53.52775,"Itum5"
"Crimson_37bands_629",2.77408,2.77388,5.13574,5.49323,6.16651,5.96148,7.24359,8.16016,10.65898,12.21555,14.75374,33.60188,24.56211,39.45023,47.755,51.25875,51.87921,49.3812,49.20845,48.63617,46.23523,47.7764,48.5181,48.09068,46.93888,47.63874,46.79009,47.52706,49.77972,51.08383,49.82564,47.41524,43.59609,40.83334,37.40038,35.40164,34.26514,"Crimson"
"Itum5_37bands_630",26.26838,26.26871,33.57084,38.17609,41.85578,43.59053,43.93143,43.32118,42.77034,42.88227,39.20814,54.56385,25.44424,63.38243,84.40874,89.56054,88.04631,85.20294,85.78648,83.24038,82.41003,86.54882,83.96114,81.04383,80.31547,80.94436,79.1157,78.61582,80.00276,81.61619,78.42617,74.44594,68.82663,64.98758,60.0945,56.07777,53.49809,"Itum5"
"Crimson_37bands_630",10.05103,10.05108,14.01315,14.92883,16.30433,16.5449,18.06211,19.02598,21.30656,22.58874,23.73086,48.08612,24.49387,40.40024,49.36396,52.68739,53.10305,50.36401,50.0825,49.34155,46.73713,48.2783,48.94182,48.40572,46.99332,47.65245,46.77677,47.45174,49.6553,50.91253,49.7039,47.29838,43.47705,40.67238,37.30387,35.38487,34.13519,"Crimson"
"Itum5_37bands_631",25.52543,25.5259,33.61197,37.95643,41.57994,43.30444,45.02024,45.36751,45.63441,46.3504,43.72309,64.86031,28.96012,63.49317,82.10472,87.24007,85.71739,82.77401,84.40416,81.95984,81.42314,86.24806,83.3726,80.70477,80.8209,81.78827,79.87826,79.37943,80.91585,82.99906,79.7641,75.69028,69.91912,66.48827,62.21683,58.55175,56.44932,"Itum5"
"Crimson_37bands_631",10.78136,10.78167,14.33732,14.91845,16.12274,16.12581,17.5854,18.34205,20.86228,22.16034,23.64635,46.78516,27.54738,41.49766,50.45595,53.76331,53.99724,51.14536,51.07255,50.1969,47.64755,49.28479,49.8885,49.30778,48.1102,48.85989,47.81397,48.60407,50.8304,52.37092,51.224,48.79545,44.79155,41.99522,38.64635,36.73908,35.66159,"Crimson"
"Itum5_37bands_632",25.78909,25.78978,33.88635,38.17075,41.71703,43.33121,45.30005,45.66514,46.09708,46.76185,43.91986,63.40724,28.24655,62.21239,81.433,86.4359,84.91165,81.97424,83.64793,80.95204,80.53797,85.36795,82.58985,79.9573,79.89281,80.89817,78.94733,78.75133,80.25832,82.16212,78.95919,74.94179,69.35965,66.119,61.46236,57.95102,56.13798,"Itum5"
"Crimson_37bands_632",7.14337,7.14342,10.48009,11.10499,12.28114,12.26893,13.53851,14.2385,16.6969,18.00789,19.92373,42.73661,26.87134,41.68246,50.80371,54.15717,54.49987,51.55519,51.40068,50.47567,48.00064,49.60012,50.2248,49.80206,48.5724,49.27069,48.37505,49.12519,51.56702,53.07962,51.86868,49.42451,45.39333,42.55727,39.1997,37.20647,36.06971,"Crimson"
"Crimson_37bands_633",3.09742,3.09737,3.36075,3.3447,3.62873,3.48414,3.69347,3.59957,4.6566,5.10225,7.06088,17.26961,26.89433,40.80835,48.02445,53.53581,54.77967,51.82814,52.01903,51.04223,48.7736,50.4277,51.03182,50.87297,50.07617,51.04717,50.2444,51.3293,54.0392,55.98471,55.06994,52.5395,48.52459,45.96351,42.85693,40.94828,39.82516,"Crimson"
"Crimson_37bands_634",3.4035,3.4035,3.41829,3.32201,3.45542,3.3637,3.41189,3.28026,3.78152,3.92453,5.25262,12.98102,26.80596,40.75278,47.85347,53.18397,54.50975,51.73642,51.87665,50.95967,48.76096,50.29589,50.9979,50.77953,50.02879,50.92375,49.98248,51.17957,53.83622,55.93665,54.96575,52.49916,48.32243,45.84393,42.86244,41.05601,40.2124,"Crimson"
"Itum5_37bands_634",33.47875,33.47898,41.38555,45.60278,48.51197,49.50457,51.37379,51.86205,52.07141,52.75859,50.91195,66.06406,42.44379,72.40781,87.70072,92.10716,89.89199,86.52992,87.88449,84.94171,84.49182,89.21386,85.80254,83.14685,83.10913,84.08725,81.97371,81.87873,83.76383,85.88314,82.82691,78.70329,72.82958,69.47599,64.84598,61.63858,60.19812,"Itum5"
"Itum5_37bands_635",29.17602,29.17664,37.99064,43.59008,47.80442,49.85816,50.19335,49.49,48.72283,48.86226,45.00989,62.3081,28.89439,65.56628,85.48861,90.08128,88.17272,85.37173,85.71155,83.51014,82.60109,86.30894,83.8931,81.24076,80.35016,80.75612,79.0246,78.46852,79.90009,81.55421,78.4195,74.6272,69.09652,65.17241,60.28314,56.17949,53.45025,"Itum5"
"Itum5_37bands_636",28.75824,28.759,37.60554,43.09345,47.12587,49.18587,49.6677,49.02723,48.29448,48.49506,44.65817,60.97089,27.96521,65.42437,85.61087,90.27597,88.42607,85.26112,85.73628,83.36052,82.62495,86.41176,84.01815,81.44105,80.49546,80.97201,79.02075,78.52716,79.81122,81.50382,78.37858,74.5129,68.93011,65.12099,60.04467,56.00022,53.37684,"Itum5"
"Crimson_37bands_636",18.04599,18.04679,22.47711,23.79986,25.65586,26.10334,27.41733,27.6614,29.30723,29.91947,29.14247,52.95606,23.84174,42.33295,51.69583,55.27438,55.59244,52.35608,51.75022,50.78223,48.04161,49.3612,49.95575,49.46876,48.2436,49.01067,48.01679,48.7921,51.3095,52.69589,51.77224,49.35576,45.30205,42.46797,39.24819,37.18134,35.92322,"Crimson"
"Itum5_37bands_637",32.51713,32.51796,40.58758,45.1086,48.313,49.69256,50.97842,51.03137,50.94115,51.48928,48.52669,65.59728,33.94203,68.27216,87.27147,92.44124,90.67957,87.68843,89.10178,86.4495,86.1086,90.58099,87.69563,84.846,84.3939,85.35111,83.19127,83.0906,84.66045,86.86058,83.42189,78.98074,72.91957,68.73146,63.6113,59.4424,56.91725,"Itum5"
"Crimson_37bands_637",6.86139,6.8615,9.88877,10.59007,11.66663,11.81061,13.35465,14.02955,16.03942,17.19332,18.10849,36.25154,21.63223,39.69696,48.476,52.24678,53.03523,50.42749,50.17999,49.4728,46.89503,48.3716,49.17224,48.72646,47.35439,48.09981,47.29013,47.93511,50.34659,51.67123,50.58501,48.32133,44.39841,41.66043,38.41845,36.25861,34.92762,"Crimson"
"Crimson_37bands_638",8.17645,8.17667,12.06542,13.23872,14.93327,15.58205,17.14587,17.57024,19.1494,20.0498,19.82812,40.91928,21.56986,39.90083,49.30577,53.10603,53.89844,51.27862,50.99287,50.29543,47.54814,49.14723,49.96337,49.32858,48.09585,48.89087,47.82169,48.76068,51.19953,52.45578,51.46541,49.1211,45.12116,42.35264,39.05655,36.96936,35.69052,"Crimson"
"Itum5_37bands_638",31.08277,31.08314,38.75073,43.03513,46.32907,47.69035,48.95843,48.8012,48.87233,49.35034,46.75054,64.6194,35.91765,69.13953,87.28176,91.95157,90.28264,87.53589,88.72668,86.33574,85.89499,90.47463,87.75041,84.91385,84.18184,85.10302,83.02322,82.60582,84.34464,86.37796,82.88544,78.4319,72.3496,68.29394,62.99829,58.63909,55.93484,"Itum5"
"Itum5_37bands_639",32.38721,32.38795,39.66734,43.64914,46.5785,47.75883,48.67695,48.68068,48.6266,48.97816,46.30966,62.91079,34.41576,63.47292,77.32417,81.41847,79.95442,77.29147,78.35296,76.07325,75.46764,79.38021,77.19199,74.88448,74.6552,75.38385,73.53483,73.42542,74.90739,76.49302,73.65306,70.13269,65.05473,62.09709,58.05953,54.88144,53.17538,"Itum5"
"Crimson_37bands_639",4.75794,4.75799,8.22923,9.0971,10.43969,10.7165,12.3705,13.11651,15.28361,16.50107,17.28163,37.32676,22.17715,39.61689,48.74318,52.32146,52.99144,50.22746,50.00166,49.33162,46.60662,48.13111,48.9376,48.40504,47.1263,47.84911,46.82264,47.67421,49.99663,51.151,50.21393,47.90776,43.98973,41.329,38.19656,36.151,34.91787,"Crimson"
"Itum5_37bands_640",32.45341,32.45378,39.55918,43.39421,46.21936,47.41499,48.38592,48.36814,48.32358,48.61562,45.68919,61.2267,36.22329,65.90532,80.56372,84.77077,83.12763,80.24678,81.25713,78.85089,78.10006,82.19245,79.79932,77.26471,77.12819,77.87088,76.00534,75.72851,77.2466,78.91183,76.27112,72.50714,67.10577,64.10951,59.97248,56.60809,54.83788,"Itum5"
"Crimson_37bands_640",14.16386,14.16449,18.25211,19.82113,21.75079,22.51217,23.42603,23.48367,24.55585,25.09057,24.56428,45.49615,22.33367,38.4215,46.82734,50.7107,51.43809,48.92877,49.02966,48.36128,46.00527,47.59442,48.60063,48.09874,46.94879,47.7284,46.87608,47.74399,50.11001,51.41486,50.34094,47.99415,44.09521,41.42787,38.24004,36.35211,35.28936,"Crimson"
"Crimson_37bands_641",6.13491,6.13474,8.66626,8.81988,9.56612,9.09364,10.33124,10.97451,13.85232,15.35879,18.26959,39.97362,32.70725,44.15501,51.46193,54.91719,55.23266,52.08659,52.06859,51.17923,48.55446,50.09314,50.69231,50.47054,49.35451,50.14485,49.11658,49.95212,52.47637,54.192,53.22855,50.73724,46.73463,44.0882,40.89442,39.09914,38.28881,"Crimson"
"Itum5_37bands_642",33.8068,33.80716,40.55283,43.82547,46.40353,47.45632,49.27537,49.64342,50.08613,50.64365,48.75829,64.17827,44.99476,68.28739,81.51658,85.41788,83.74335,80.64115,82.04842,79.7561,79.10785,83.49112,81.16059,78.6861,78.53129,79.44466,77.56263,77.52742,79.1503,81.1212,78.02154,74.10526,68.53407,65.43205,61.21283,57.77669,56.09291,"Itum5"
"Crimson_37bands_642",9.89149,9.89154,12.65108,12.8429,13.75013,13.45958,15.48603,16.53687,19.40992,20.90885,23.12249,45.98425,33.18053,43.88568,51.09658,54.64044,54.92277,51.75245,51.65452,50.79023,48.19547,49.7769,50.43868,50.0567,48.96501,49.75116,48.66312,49.47571,52.05493,53.69499,52.76916,50.28582,46.23955,43.60663,40.52075,38.78029,37.89509,"Crimson"
"Itum5_37bands_643",26.66404,26.66471,34.70392,39.73805,43.98871,46.03152,46.76672,46.0749,45.52843,45.77637,42.0533,59.90794,27.62639,65.99484,85.91061,91.34169,89.96164,87.02134,87.70854,85.25359,84.31338,88.28395,85.64013,82.99582,82.22807,82.85714,81.00991,80.53478,82.26115,84.20589,81.22332,77.19745,71.31284,67.5282,62.76179,58.65151,55.87936,"Itum5"
"Crimson_37bands_643",16.42155,16.42218,21.18488,22.6364,24.66369,25.23252,26.66658,27.1853,28.97813,29.77316,29.59749,56.86076,26.93406,43.85871,54.40577,58.25939,58.39578,54.62089,54.03239,52.97955,49.87375,51.40304,51.98906,51.47303,50.15974,50.88211,49.77548,50.61021,53.19213,54.99953,53.98664,51.40236,47.17173,44.1844,40.70633,38.63377,37.45021,"Crimson"
"Itum5_37bands_644",26.07852,26.07883,33.61562,38.28388,42.27044,44.2316,44.72951,44.07763,43.50009,43.68,40.18204,57.22987,26.26195,65.51642,86.18133,91.77142,90.45342,87.38277,88.09102,85.50992,84.67546,88.73926,86.27427,83.35577,82.75194,83.3866,81.37793,81.09431,82.81996,84.68538,81.51744,77.3995,71.56246,67.6283,62.73966,58.73441,56.33095,"Itum5"
"Crimson_37bands_644",16.2662,16.26699,21.17947,22.49041,24.57272,25.05311,26.73417,27.44868,29.59774,30.58204,30.58404,60.50227,27.34751,44.62973,54.96464,58.76847,58.93413,55.05111,54.45911,53.27195,50.16682,51.59342,52.09927,51.70782,50.33618,51.0832,49.98862,50.8748,53.47613,55.23406,54.34103,51.73501,47.37744,44.39757,40.93867,38.86537,37.64301,"Crimson"
"Itum5_37bands_645",26.14177,26.14241,33.04758,37.16757,40.48019,42.1118,42.79433,42.33806,41.97571,42.18111,38.95403,54.60586,30.68015,65.38445,82.43102,86.88737,85.49904,82.76528,83.25357,81.07365,79.99716,83.83939,81.84698,79.04684,78.34053,78.84167,76.9667,76.65403,78.2849,79.73779,76.85878,73.12264,67.81601,64.23156,59.54616,55.89172,53.51336,"Itum5"
"Crimson_37bands_645",15.05929,15.05934,19.5946,21.08947,22.81953,23.38836,24.95119,25.4941,26.99579,27.7374,27.2258,48.84652,26.72256,47.27415,54.83729,58.2315,58.56565,54.97726,53.9284,52.87496,49.75737,51.03352,51.72677,51.17673,49.80254,50.40309,49.31101,49.97023,52.61739,54.03454,53.03064,50.52099,46.37296,43.41792,39.97187,37.8898,36.61703,"Crimson"
"Itum5_37bands_646",26.87596,26.87656,34.24115,38.69961,42.41238,44.17931,44.84678,44.36929,43.91471,44.09194,40.83491,57.12441,31.46737,65.83851,82.81256,87.44461,86.00319,83.08303,83.81224,81.47389,80.61044,84.30307,82.43639,79.66179,78.91346,79.53914,77.47716,77.26664,78.83172,80.40139,77.50866,73.78268,68.34731,64.66945,60.11702,56.43916,54.12006,"Itum5"
"Crimson_37bands_646",13.25989,13.26027,17.18739,18.48634,20.05391,20.51422,21.75443,22.11057,23.4688,24.07482,23.70849,43.63063,25.22831,46.66757,53.92304,57.21313,57.75235,54.55107,53.58454,52.7129,49.61702,50.67833,51.34296,50.99104,49.48269,50.05424,48.94405,49.55116,52.03822,53.48009,52.66771,50.38544,46.38487,43.45652,40.12527,38.00123,36.74035,"Crimson"
"Itum5_37bands_647",25.63691,25.63776,32.17527,35.99248,39.01799,40.52517,40.98927,40.53061,40.21529,40.36464,37.5002,52.41108,31.16636,61.72466,76.2842,80.25856,79.10622,76.57886,77.22624,75.2741,74.36144,77.65717,76.08717,73.67609,72.80288,73.15221,71.46726,71.20229,72.54138,73.719,70.9748,67.67636,62.59716,59.14041,54.68949,51.14807,49.0426,"Itum5"
"Crimson_37bands_647",1.74377,1.74377,3.63949,3.93467,4.58909,4.33095,5.15372,5.54939,7.73988,8.97054,11.67682,29.10867,24.91706,37.96226,44.56432,48.5557,49.75835,47.5789,47.81869,47.38175,45.1127,46.85567,47.94435,47.49082,46.3931,47.2302,46.52164,47.38452,49.82267,51.29598,50.29679,47.94077,44.2579,41.53214,38.33644,36.60847,35.53461,"Crimson"
"Itum5_37bands_648",26.87357,26.87398,33.40483,37.2502,40.20857,41.60985,42.14057,41.71769,41.33446,41.49214,38.4938,52.42405,29.6028,60.22227,74.60406,78.81285,77.64066,75.38314,75.95756,73.97575,73.03912,76.49263,75.00642,72.61646,71.67453,72.1906,70.49196,70.23947,71.58349,72.86527,70.011,66.55618,61.50984,58.09701,53.75833,50.39351,48.21086,"Itum5"
"Crimson_37bands_648",2.45686,2.45681,4.05238,4.22338,4.87386,4.47034,5.21914,5.62168,8.16439,9.59611,13.06157,32.86489,25.075,38.43494,45.36419,49.28328,50.40201,47.96734,48.06404,47.5447,45.22241,46.96288,47.92661,47.77007,46.68046,47.59235,46.71559,47.81981,50.27581,51.75588,50.75067,48.3766,44.36795,41.78731,38.6356,36.8045,35.85489,"Crimson"
"Itum5_37bands_649",28.98233,28.98284,36.63312,40.89001,44.463,46.33168,47.51906,47.23414,47.03941,47.29505,43.91832,60.89519,32.30509,61.96887,77.21994,81.50472,80.21744,77.53071,78.63293,76.55578,75.82211,79.54625,77.78844,75.29135,74.72572,75.29056,73.27155,73.10134,74.60287,75.95564,73.08289,69.49658,64.1834,60.72683,56.41466,52.92114,50.90523,"Itum5"
"Crimson_37bands_649",13.79895,13.79927,18.1171,18.90962,20.20894,20.28091,22.01946,23.19592,25.81219,27.40575,28.74268,55.22254,30.1136,44.35947,53.15936,56.67134,56.87866,53.15826,52.50638,51.71841,48.66041,49.89963,50.66334,50.32678,49.00146,49.49038,48.40016,49.28258,51.78509,53.36914,52.48274,50.02223,45.675,42.683,39.05288,37.06177,36.07265,"Crimson"
"Itum5_37bands_650",31.37917,31.37972,39.54388,44.27041,47.99775,49.93324,51.57282,51.5763,51.22533,51.70332,48.66228,62.43677,32.95277,62.2848,77.82717,82.00569,80.49862,77.8822,78.77274,76.6245,75.84148,79.51133,77.76788,75.30108,74.51761,75.05305,73.20364,72.76747,74.2561,75.70451,73.0393,69.35354,64.12812,60.63977,56.24404,52.84258,50.53664,"Itum5"
"Crimson_37bands_650",14.50821,14.50842,18.48709,19.12103,20.33924,20.35048,22.27656,23.50465,26.1995,27.72616,29.00732,54.81885,31.80547,45.28173,53.83407,57.22051,57.4576,53.99744,53.40182,52.63912,49.68136,50.79167,51.64236,51.28905,49.72433,50.30855,49.15469,49.98719,52.57471,54.22438,53.25423,50.75256,46.51061,43.53968,39.96618,37.86679,36.77243,"Crimson"
"Itum5_37bands_651",29.77615,29.77688,36.71178,40.91828,44.3866,46.18187,46.81713,46.4156,45.93221,46.10229,43.09082,58.11727,32.49586,62.92352,78.30274,82.27379,80.87927,78.49435,79.04607,77.00496,75.92598,79.56478,78.07949,75.4929,74.53747,75.04188,73.30638,72.86925,74.42812,75.84139,72.91573,69.42215,64.12615,60.6139,56.10671,52.58836,50.32291,"Itum5"
"Crimson_37bands_651",16.36146,16.36176,21.1754,22.2818,23.95154,24.09777,25.9899,26.94657,29.61008,30.91654,31.71896,59.72373,37.32412,46.37815,53.31579,56.57963,56.9177,53.49779,53.04379,52.33584,49.39743,50.72089,51.60566,51.40104,50.06155,50.74545,49.55244,50.49622,53.33589,54.91851,54.01111,51.47912,47.07966,44.0376,40.48759,38.42057,37.61246,"Crimson"
"Itum5_37bands_652",28.6091,28.60983,35.66857,39.86349,43.405,45.22276,45.99471,45.57245,45.145,45.28328,42.12437,56.9686,31.41276,62.57323,78.23979,82.3747,80.85738,78.36164,78.9403,76.90402,76.05833,79.52668,77.78969,75.52312,74.46986,75.01104,73.19447,72.79184,74.30948,75.76532,73.05395,69.32144,63.98581,60.47369,56.0256,52.63064,50.34403,"Itum5"
"Crimson_37bands_652",14.04388,14.04404,19.23775,20.50336,22.44277,22.78469,24.50105,25.40708,27.95144,29.30066,30.35984,60.3138,37.05203,45.68378,52.05056,55.44461,55.82552,52.42406,52.07725,51.40167,48.61867,49.92847,50.83892,50.58298,49.40934,50.11688,49.01687,50.01172,52.89205,54.49643,53.58619,51.11268,46.76251,43.82273,40.35001,38.48607,37.82147,"Crimson"
"Itum5_37bands_653",31.74992,31.75033,38.69925,42.44691,45.28406,46.54934,47.5803,47.61256,47.63332,48.13194,45.65624,61.07946,38.62195,64.91675,78.13203,81.8815,80.16033,77.4831,78.15681,76.17034,75.28925,78.75552,77.19584,74.90113,74.21565,74.76865,73.16976,72.8242,74.37146,75.88498,73.43247,69.93665,64.86079,61.69947,57.67754,54.59185,52.77117,"Itum5"
"Crimson_37bands_653",7.47988,7.47977,10.72138,10.78802,11.68531,11.11725,12.81797,13.85132,17.53854,19.60495,23.05084,49.59129,32.60774,46.90614,54.87471,58.5703,58.89789,54.91648,54.41582,53.16579,50.17694,51.43266,52.13442,51.87564,50.73226,51.34525,49.959,51.10681,53.87439,55.61873,55.07636,52.62157,48.34509,45.67071,42.53651,40.67115,39.92402,"Crimson"
"Itum5_37bands_654",30.25994,30.26058,36.92823,40.48182,43.18821,44.38639,45.30064,45.31768,45.36802,45.74162,43.5751,58.71206,37.28397,64.17894,77.1429,81.05487,79.43527,76.73508,77.36862,75.45217,74.46857,78.12586,76.57666,74.55459,73.72695,74.2836,72.67638,72.35455,73.99027,75.56706,72.95605,69.56802,64.48936,61.28785,57.22471,54.17602,52.41096,"Itum5"
"Crimson_37bands_654",8.10463,8.10463,10.63385,10.63353,11.32461,10.76854,12.13655,12.96108,16.1689,17.88838,20.70795,43.12304,32.14354,47.11151,55.08098,58.85854,59.30342,55.30796,54.7932,53.53312,50.39011,51.88117,52.31495,52.13169,50.94961,51.69754,50.43437,51.40058,54.26493,56.02055,55.42657,53.00032,48.6267,45.85768,42.78573,40.9842,40.25703,"Crimson"
"Itum5_37bands_655",27.44215,27.44251,34.45354,38.43108,41.81099,43.42841,44.54031,44.24722,44.16786,44.43564,41.53765,58.9713,32.8721,64.84394,81.04813,86.00881,84.5475,81.75233,82.70392,80.53394,79.55378,83.65516,81.63143,79.15285,78.69787,79.49421,77.49001,77.13581,78.99223,80.92249,78.26882,74.50041,69.04343,65.66153,61.4459,58.03534,55.87259,"Itum5"
"Crimson_37bands_655",7.33408,7.33392,10.05287,10.34675,11.1315,11.09167,13.03572,14.11477,16.64094,18.18526,19.79784,39.45938,26.26442,41.12415,49.49181,52.9452,53.4575,50.51241,50.06779,49.55866,46.66482,47.89457,48.83288,48.51648,46.95995,47.49948,46.57373,47.17776,49.73496,50.87522,49.77297,47.42533,43.55522,40.65393,37.30081,35.43472,34.42882,"Crimson"
"Crimson_37bands_656",6.92889,6.92884,9.52299,9.88715,10.64669,10.59764,12.16172,13.14152,15.56324,17.05585,18.87579,38.20281,27.15511,40.96077,49.05501,52.33758,53.01745,50.14352,49.66688,49.24051,46.46179,47.6096,48.86495,48.37346,46.75493,47.32069,46.42735,47.07176,49.45853,50.68471,49.67019,47.46086,43.59698,40.65329,37.31729,35.38268,34.21147,"Crimson"
"Itum5_37bands_656",28.43846,28.43882,36.90077,41.60343,45.61498,47.58653,48.93884,48.78091,48.58958,49.002,45.69953,64.84943,30.33291,62.63033,79.50398,84.47072,83.24567,80.35017,81.3216,79.1468,77.98687,82.16498,80.1812,77.70535,77.10146,77.83688,75.92462,76.00486,77.74351,79.61307,76.99605,73.18674,67.83552,64.53242,60.22091,56.90863,54.78318,"Itum5"
"Itum5_37bands_657",28.60127,28.60104,36.02085,39.80267,42.40719,43.75139,45.92028,46.77938,47.30843,48.20561,46.19919,59.72118,44.90586,64.83238,75.93231,79.13145,77.41917,75.0203,75.64246,74.23875,73.19643,76.29035,75.43785,73.22645,72.13534,72.47077,70.87321,70.61741,72.19344,73.43572,70.63409,67.30486,62.47389,59.10956,54.72865,51.75582,50.15216,"Itum5"
"Crimson_37bands_657",15.41495,15.41522,19.32354,20.15248,21.582,21.67084,23.78961,24.70274,27.12974,28.31733,29.18979,53.60972,36.70274,44.95499,51.79683,55.04009,55.43326,52.1794,52.02173,51.2515,48.53077,49.76729,50.70317,50.30416,48.97859,49.63718,48.4803,49.36074,52.0183,53.48523,52.59618,50.16913,46.00781,43.08242,39.56455,37.76408,37.01777,"Crimson"
"Itum5_37bands_658",29.31216,29.31247,36.23488,39.78897,42.29433,43.62165,45.40335,45.88243,46.15371,46.73816,44.40282,57.14768,45.58583,65.24206,76.3032,79.23949,77.54841,75.03134,75.37719,74.13198,72.96538,75.76663,75.10024,72.89936,71.60485,71.777,70.38345,69.95119,71.41244,72.51255,69.86141,66.73023,62.08521,58.72544,54.47695,51.33778,49.38176,"Itum5"
"Crimson_37bands_658",14.2966,14.29676,18.65128,19.57109,21.05019,21.05952,23.17551,24.29349,27.19505,28.72691,30.3645,57.80049,37.15726,45.23863,51.55934,54.59943,55.1862,52.06784,51.80726,51.19221,48.39601,49.66878,50.69787,50.4653,49.03854,49.69572,48.45666,49.37099,52.08277,53.53518,52.65794,50.23633,46.03891,43.17417,39.74467,37.88771,37.18212,"Crimson"
"Itum5_37bands_659",28.14513,28.14593,36.25183,41.30887,45.49281,47.29463,47.22303,46.25099,45.49601,45.50075,41.63442,61.01419,29.22017,70.32701,89.74591,95.52453,94.32748,90.76917,91.05887,88.4236,87.01818,91.13823,88.63146,86.17765,85.10318,85.73553,83.47223,83.02246,85.21035,87.49944,84.78975,80.71223,74.67384,70.96777,66.53364,62.64447,60.1067,"Itum5"
"Crimson_37bands_659",16.22661,16.22687,20.21507,20.89398,22.22538,22.15674,24.05498,24.94667,27.58262,28.8028,29.40536,54.74192,30.09427,45.2249,54.02903,57.94742,58.22389,54.09826,53.52988,52.39919,49.24309,50.48533,51.0654,50.90664,49.65488,50.30024,49.10506,50.09352,52.96539,54.73644,54.0662,51.64659,47.2358,44.41504,41.10091,39.24569,38.5813,"Crimson"
"Crimson_37bands_660",16.94942,16.94984,21.19789,21.79042,22.96225,22.74816,24.95784,26.18636,29.43758,31.12104,32.1888,59.38722,32.13828,47.22173,55.99465,59.76799,60.05681,55.88285,55.06501,54.09747,50.81306,51.88337,52.62514,52.38742,51.05406,51.70667,50.39038,51.56475,54.4232,56.21061,55.60198,53.08698,48.67925,45.71285,42.32792,40.37434,39.50711,"Crimson"
"Itum5_37bands_660",28.9226,28.92321,37.05564,42.15654,46.31773,48.03364,48.04776,47.06507,46.34653,46.33846,42.53718,61.32833,27.9377,71.00145,90.66759,96.72482,95.39232,91.83525,92.3736,89.64737,88.21448,92.41253,89.89572,87.33513,86.32082,86.88666,84.7419,84.04503,86.42914,88.67144,85.9962,81.6659,75.50814,71.88155,67.27945,63.26894,60.60754,"Itum5"
"Itum5_37bands_661",25.17314,25.17377,32.37535,36.3478,39.67477,41.38643,42.4795,42.26733,42.20759,42.59113,39.65318,55.92896,33.55913,63.15262,78.45298,82.30854,81.11185,78.86224,79.29492,78.02377,76.86941,79.87275,79.06369,76.80505,75.26817,75.51248,73.7949,73.38176,75.002,76.34927,73.47759,69.8399,64.69582,60.92189,56.3571,52.67245,50.02332,"Itum5"
"Crimson_37bands_661",3.58646,3.58636,5.04371,5.1902,5.68388,5.34746,5.85387,6.03077,7.9399,8.99608,11.99943,28.02402,35.8131,44.13015,49.09293,52.57507,53.40606,50.5658,50.40508,49.84676,47.39287,48.55425,49.62605,49.59456,48.31648,49.01474,48.13468,49.10886,51.84341,53.41534,52.63028,50.25669,46.23896,43.49436,40.2855,38.66363,37.99521,"Crimson"
"Crimson_37bands_662",4.92176,4.92155,6.4608,6.56675,7.14174,6.75722,7.54215,7.94981,10.2202,11.48939,14.59234,32.59512,35.2256,41.94173,45.90758,49.68814,50.79301,48.41093,48.62666,48.34072,45.82301,47.29462,48.46402,48.34361,47.2436,47.98331,47.09204,48.1478,50.83911,52.4291,51.60085,49.23411,45.22609,42.68967,39.66976,37.99749,37.39369,"Crimson"
"Itum5_37bands_663",27.67689,27.67703,34.70005,39.07367,43.03197,44.82055,45.0972,44.31909,43.68898,43.77824,40.62702,57.60022,29.04286,64.57563,81.75462,87.15966,86.19445,83.19135,83.40947,81.37976,79.97472,83.51266,82.07215,79.64455,78.6046,79.14153,77.0745,76.93274,78.79287,80.86474,78.28602,74.59395,69.17138,65.63985,61.39332,57.83314,55.34082,"Itum5"
"Crimson_37bands_663",14.75346,14.75372,18.52448,19.24173,20.40278,20.41731,22.2363,23.08465,25.47437,26.71887,27.31823,47.80713,36.94153,45.42353,52.83973,56.29106,56.48597,52.86367,52.40085,51.49903,48.5956,49.8006,50.72253,50.46664,49.10639,49.85301,48.57276,49.51351,52.16753,53.89868,53.06291,50.62382,46.30919,43.3964,40.05168,38.3035,37.69133,"Crimson"
"Itum5_37bands_664",26.10599,26.10723,33.04419,37.43306,41.2711,43.08344,43.23203,42.38746,41.74186,41.83416,38.91172,55.86981,26.71183,64.30415,83.03405,88.78482,87.69156,84.40722,84.95937,82.54531,81.20441,85.11818,83.25677,80.6633,79.89528,80.41589,78.46305,78.28799,80.26097,82.26298,79.48866,75.6093,69.82978,66.15406,61.66075,58.03022,55.69895,"Itum5"
"Crimson_37bands_664",18.32824,18.32819,23.09587,24.29089,25.91592,26.18928,28.40836,29.5313,32.08971,33.50863,34.77921,60.79845,38.18446,45.48462,51.55804,54.50005,54.93639,51.51801,50.95198,50.55123,47.75841,48.58323,49.74218,49.58039,48.13789,48.74437,47.71008,48.5664,51.25295,52.76034,51.90584,49.63323,45.60402,42.56233,39.22095,37.50043,36.67492,"Crimson"
"Itum5_37bands_665",33.44745,33.44808,41.89989,46.84164,50.50124,52.2135,53.11753,52.70853,52.39158,52.65352,49.13149,66.45064,37.08166,70.06009,87.69025,92.21004,90.5368,87.29489,87.46797,85.65672,84.29782,87.85325,86.34472,83.91497,82.41107,82.68494,80.64718,80.24515,82.15661,84.14418,81.19761,77.15192,71.25771,66.98217,61.74913,57.67409,54.94054,"Itum5"
"Crimson_37bands_665",7.61811,7.618,10.76886,10.9121,11.79147,11.20169,12.54541,13.49817,16.99073,18.87996,22.49129,48.68345,41.48451,46.65343,52.35997,55.64713,56.27498,52.75107,52.38268,51.83876,48.90649,49.87138,50.99788,50.75033,49.46211,50.09304,48.87858,49.90665,52.70304,54.34027,53.66683,51.36759,47.03633,44.28398,41.05624,39.34276,38.80837,"Crimson"
"Itum5_37bands_666",32.94947,32.94992,40.97875,45.66318,49.05892,50.74019,51.69557,51.43788,51.07895,51.45813,48.2308,62.92263,40.16778,71.24628,87.90418,92.22092,90.40887,87.49878,87.6117,86.07647,84.58278,87.87467,86.72652,84.24966,82.43382,82.71095,80.92236,80.54245,82.55057,84.26712,81.35473,77.46016,71.70811,67.45529,62.40111,58.3712,55.45507,"Itum5"
"Crimson_37bands_666",9.61073,9.61068,12.48518,12.53205,13.3152,12.7146,14.2678,15.09745,18.40268,20.208,23.10858,47.3599,39.81544,45.75113,51.88717,55.56672,56.05032,52.43243,52.17051,51.33476,48.37236,49.64556,50.52956,50.35094,48.94953,49.68618,48.42283,49.36689,52.30778,53.94412,53.17555,50.78517,46.39049,43.54202,40.17454,38.50188,38.13308,"Crimson"
"Crimson_37bands_667",8.10528,8.10519,11.21465,11.30901,12.18165,11.89381,13.70862,14.63388,17.81449,19.59731,22.14027,46.05131,29.9055,44.92204,53.36675,57.46102,57.9583,54.21732,53.41466,52.73908,49.40677,50.4578,51.38855,51.24279,49.79369,50.45925,49.14286,50.09232,52.90092,54.65029,54.01351,51.60125,47.29736,44.39277,41.13765,39.41044,38.75227,"Crimson"
"Itum5_37bands_667",31.90619,31.90665,39.1082,42.64065,45.4619,46.68524,48.60788,49.1287,49.66359,50.33223,48.92701,65.61385,44.38183,69.29721,82.85172,87.35282,85.9436,82.7762,84.0922,81.78135,80.88265,85.19038,83.48897,80.99798,80.39837,81.18491,79.22366,79.2033,81.35043,83.42577,80.623,76.60535,70.72729,67.31596,62.81026,59.73529,58.37153,"Itum5"
"Itum5_37bands_668",32.19904,32.19932,39.64766,43.41785,46.39789,47.58644,49.76691,50.47177,51.01095,51.85636,50.53604,67.15866,47.45809,72.14526,85.3199,89.96909,88.26825,85.09014,86.34314,84.12077,83.14184,87.37706,85.69872,83.18786,82.63477,83.41536,81.3577,81.0529,83.61957,85.74912,82.86671,78.7469,72.75254,69.1812,64.72265,61.36624,59.57037,"Itum5"
"Crimson_37bands_668",6.67834,6.67824,9.16511,9.28476,9.91767,9.48193,10.57531,11.26406,14.2094,15.96015,18.94339,39.81175,30.4198,44.78177,53.4813,57.19015,57.84114,54.00756,53.24771,52.54556,49.28095,50.33371,51.46939,51.29037,49.69242,50.36047,49.1984,50.03881,53.0163,54.58043,54.00294,51.61199,47.35246,44.50426,41.12458,39.24305,38.40712,"Crimson"
"Itum5_37bands_669",39.78585,39.78628,47.34062,51.24724,53.60898,54.37933,56.16589,56.80867,57.17526,57.85679,55.95369,67.76812,54.98773,72.31347,82.33668,85.81899,83.80967,80.4748,81.2171,79.49149,78.48564,81.6386,80.47375,78.42987,77.22076,77.62823,75.58249,75.09319,77.01374,78.92473,76.38299,72.91689,67.66152,64.27059,60.18505,57.08173,55.36378,"Itum5"
"Crimson_37bands_669",18.11414,18.11461,22.66766,23.9521,25.69435,26.18526,27.98913,28.58646,30.34841,31.15322,30.8597,53.72807,34.51775,44.75691,52.00825,55.20181,55.79389,52.38754,51.76169,51.21247,48.19566,49.10453,50.35098,50.15385,48.50693,49.12869,48.0311,48.97978,51.69072,53.24209,52.59502,50.34253,46.23752,43.37714,40.16493,38.53288,37.76747,"Crimson"
"Itum5_37bands_670",39.65594,39.65627,47.49399,51.54457,53.9289,54.76755,56.63669,57.2476,57.55147,58.31991,56.40988,68.61902,56.71557,73.94718,84.07739,87.46662,85.4779,82.10881,82.97329,80.94047,80.12373,83.25254,82.02984,79.7345,78.60531,78.93473,76.87804,76.48298,78.41497,80.39683,77.81622,74.11422,68.74205,65.28186,61.03249,58.02471,56.40699,"Itum5"
"Crimson_37bands_670",13.29291,13.29314,16.84602,17.75394,19.15781,19.45573,20.88374,21.38895,23.04049,23.73994,23.49323,42.40995,34.6707,45.09309,52.52298,55.87098,56.40088,52.88664,52.32676,51.77844,48.72041,49.65481,50.86734,50.5819,48.9942,49.68922,48.45062,49.40511,52.10884,53.69696,53.04404,50.7123,46.59618,43.68443,40.48088,38.67559,37.92957,"Crimson"
"Itum5_37bands_671",18.55358,18.55425,24.14443,27.87941,31.4123,33.45093,34.08682,33.11135,32.32038,32.3761,28.57553,40.11906,23.89546,52.78542,68.90357,73.46698,73.56165,72.86769,72.73921,72.0197,70.79583,73.27557,73.28301,71.01736,68.98224,69.21251,68.06257,67.57679,68.85841,69.52838,66.74625,63.72529,59.03719,55.10093,50.59631,46.88843,43.99842,"Itum5"
"Crimson_37bands_671",13.7686,13.76879,16.97109,17.66459,18.8905,19.16228,20.64433,21.06408,22.65924,23.25715,23.0698,42.13978,29.97201,46.79522,54.77999,58.72296,59.18973,55.4332,54.43887,53.54078,50.15108,51.28363,52.20889,51.95769,50.37017,50.98431,49.75479,50.50231,53.481,55.28999,54.67502,52.15236,47.75712,44.88176,41.62622,39.67767,38.64552,"Crimson"
"Itum5_37bands_672",17.25825,17.25906,22.94692,26.78465,30.32552,32.41136,33.0283,32.08548,31.33404,31.43142,27.88744,39.56056,21.0018,52.17844,68.54001,73.59098,73.79353,72.7304,72.7605,71.95453,70.62009,73.38329,73.21485,70.8946,69.06178,69.36036,68.08575,67.45214,68.87559,69.63212,66.61743,63.27713,58.62635,54.80561,50.24054,46.47062,43.62991,"Itum5"
"Crimson_37bands_672",16.89302,16.89354,20.68905,21.60854,23.06399,23.30842,24.90576,25.35725,27.03935,27.71356,27.30189,48.52947,32.00672,47.84014,55.22674,58.98376,59.71132,55.95491,55.08201,54.32975,50.83594,51.81839,52.67785,52.44663,50.95463,51.47207,50.13932,50.92023,53.85153,55.77218,55.14777,52.85559,48.51655,45.56929,42.30212,40.45116,39.58973,"Crimson"
"Itum5_37bands_673",34.59802,34.59849,43.21888,48.00443,51.25085,52.58027,54.83326,55.55375,55.91085,56.91356,54.71644,69.64253,45.61531,73.5942,90.61545,95.22438,93.09185,89.67431,90.49825,88.67016,87.4681,91.14446,89.64579,86.95289,85.73675,86.33021,84.09735,83.90256,86.29293,88.41563,85.61471,81.38362,75.24144,71.19251,66.38091,62.65646,60.41996,"Itum5"
"Crimson_37bands_673",12.54601,12.54614,15.90159,16.0499,17.0645,16.75796,18.92654,20.03013,23.29253,24.9723,26.70981,53.32996,33.46764,47.68968,54.2165,58.05225,59.26051,55.47309,54.26055,54.1316,50.28825,50.79246,52.5084,52.36621,50.27339,50.76611,49.46471,50.24816,53.5951,55.18205,54.5815,52.31784,47.82363,44.59812,41.12642,39.18362,38.36684,"Crimson"
"Itum5_37bands_674",33.60747,33.60789,41.88226,46.40961,49.53073,50.6829,53.03889,53.75917,54.33263,55.33596,53.41369,68.98124,46.73239,73.52711,90.40313,94.86406,92.7026,89.29285,90.07055,88.31115,87.11155,90.75776,89.23778,86.98368,85.51862,86.02449,83.81992,83.76381,86.10029,88.32456,85.57688,81.34515,75.17731,71.42049,66.57731,62.88991,60.68806,"Itum5"
"Crimson_37bands_674",7.50328,7.50328,10.85376,11.14013,12.05389,11.86989,13.82762,15.08479,18.23023,20.12195,22.54485,47.52642,34.47318,48.03245,54.86708,58.88125,59.93124,56.01998,54.72475,54.57104,50.64572,51.12025,52.89027,52.95603,50.82361,51.23308,49.96825,50.96099,54.38854,55.97656,55.41403,53.19302,48.66109,45.45705,42.00771,40.05739,39.22998,"Crimson"
"Itum5_37bands_675",29.72397,29.72432,36.63676,40.56905,43.24829,44.74933,45.7646,45.76742,45.55193,45.90773,43.36676,54.64856,42.01294,65.97658,77.35844,80.28726,78.78737,76.554,76.08285,75.40057,73.78367,75.89795,75.83068,74.0199,71.9197,72.07858,70.76892,70.39348,72.09571,73.07519,70.70698,67.77759,63.16663,59.48809,55.26463,52.00097,49.70878,"Itum5"
"Crimson_37bands_675",8.49429,8.49439,11.86755,12.69154,14.12072,14.47868,15.90662,16.44571,18.28893,19.16671,20.15885,40.96641,40.71345,44.2387,47.23193,50.74275,52.27425,49.67061,49.24143,49.41745,46.27048,47.18004,49.13694,49.23399,47.30159,47.8183,46.82311,47.78533,50.98755,52.32159,51.48178,49.26112,44.9999,42.04744,38.54008,36.83835,36.38747,"Crimson"
"Crimson_37bands_676",14.55365,14.55402,19.3488,20.98578,22.93247,23.51878,25.12773,25.77904,27.59531,28.56919,29.43935,53.47332,39.03213,43.1891,46.20248,49.77814,51.34548,48.75286,48.43545,48.60574,45.68765,46.55038,48.45873,48.59916,46.66015,47.3321,46.32947,47.24735,50.47274,51.82428,50.88364,48.70224,44.41248,41.39821,37.97145,36.35665,35.99816,"Crimson"
"Itum5_37bands_676",30.35778,30.35828,37.66384,41.83962,44.74487,46.25559,47.3558,47.40514,47.36803,47.74699,44.95752,58.90737,45.42243,68.04487,79.12062,81.87523,80.51623,78.07448,77.66406,77.13131,75.56177,77.55591,77.70031,75.70424,73.66564,73.70537,72.26904,71.84359,73.45795,74.61504,72.27748,69.33372,64.77376,61.00293,56.80147,53.48779,51.05593,"Itum5"
"Crimson_37bands_677",11.58214,11.58219,15.03196,15.34978,16.2886,16.2947,18.58483,19.77903,22.52269,24.1193,25.39439,47.03465,31.16681,45.11549,52.65474,56.82552,58.09329,54.40349,53.25339,53.1439,49.35852,49.94264,51.77029,51.62944,49.39546,49.80966,48.60988,49.40272,52.7586,54.10614,53.43494,51.17347,46.73253,43.47741,39.87745,37.99339,37.10035,"Crimson"
"Itum5_37bands_677",30.51643,30.5168,39.10026,43.99875,48.07742,50.17053,51.509,51.21584,50.86604,51.24002,47.7584,65.37365,32.36771,62.98088,80.66682,85.63892,84.38939,81.49814,82.03834,80.52168,79.2034,82.60745,81.61975,79.08643,77.83118,78.36618,76.42768,76.36539,78.44026,79.90712,77.17081,73.34288,67.66223,64.04943,59.53449,55.96384,53.69699,"Itum5"
"Itum5_37bands_678",26.24783,26.24824,33.57384,37.66775,41.30011,43.16856,44.74602,44.71095,44.67211,45.11237,42.18205,57.9703,33.63759,64.27964,81.33055,86.25536,84.99509,82.12532,82.71825,81.00046,79.88212,83.17572,82.26229,79.96617,78.47083,78.92651,77.06133,76.8398,78.80872,80.37742,77.58329,73.85178,68.29415,64.40661,59.88992,56.37356,54.0767,"Itum5"
"Crimson_37bands_678",8.67118,8.67113,12.13554,12.42279,13.42518,13.34689,15.65239,16.83687,19.9232,21.67446,23.62844,47.23355,33.50265,48.14933,55.95888,59.76335,60.84312,57.16313,55.60413,55.65351,51.71077,52.2287,54.266,54.06498,51.53851,51.98477,51.08345,51.69019,55.12857,56.58561,55.67967,53.25616,48.9853,45.56107,41.84747,39.91691,38.73086,"Crimson"
"Itum5_37bands_679",23.00848,23.00912,29.89553,33.90965,37.27569,39.02329,40.03631,39.68057,39.41817,39.70006,36.56092,51.00917,30.1654,62.08389,79.46924,84.33552,83.55354,81.47497,81.65765,80.62648,79.081,82.23343,81.62992,79.263,77.57683,77.77867,76.2183,76.00683,77.78683,79.18983,76.11557,72.43376,66.94939,62.90763,58.05318,54.06024,51.11071,"Itum5"
"Crimson_37bands_679",9.13265,9.13276,13.25636,14.06903,15.46106,15.61385,17.058,17.83603,20.38719,21.72309,22.94886,48.03361,30.52702,44.27706,50.80804,54.50382,55.93144,52.55101,51.63278,51.7542,48.11205,48.62612,50.68751,50.44239,48.24439,48.66566,47.43027,48.19232,51.40998,52.78271,51.98653,49.74218,45.50263,42.28299,38.83213,36.94444,35.96957,"Crimson"
"Itum5_37bands_680",23.56071,23.56098,30.4488,34.59318,38.02076,39.77117,40.60668,40.13474,39.81213,40.054,36.93796,50.94958,30.16582,61.19241,78.34235,83.32545,82.6317,80.53968,80.76244,79.64172,78.16422,81.39116,81.01212,78.64989,76.87881,77.20715,75.54854,75.2286,77.22401,78.56291,75.63795,71.77599,66.39185,62.40255,57.44058,53.51621,50.71276,"Itum5"
"Crimson_37bands_680",13.26125,13.26167,16.63879,17.56711,18.8344,19.21663,20.3657,20.59268,21.99953,22.64249,22.39955,40.49174,31.62522,44.51543,51.15965,54.8616,56.2722,53.12159,52.10356,52.22866,48.61005,49.25394,51.39342,51.16887,48.9455,49.42352,48.29014,49.18194,52.49089,53.74226,52.88618,50.69877,46.46383,43.21532,39.63275,37.80205,36.86746,"Crimson"
"Itum5_37bands_681",23.20366,23.2044,30.2509,34.7007,38.6497,40.30721,40.48588,39.74208,39.24112,39.45074,36.63946,55.40364,27.25066,69.58682,87.3638,94.89919,95.0867,91.53139,91.77638,89.59957,87.7768,91.71066,89.99665,87.91548,86.83753,87.39056,84.94978,84.82124,88.20501,90.57965,88.07633,83.97878,77.75301,74.20957,70.11393,66.86317,64.59543,"Itum5"
"Crimson_37bands_681",5.25045,5.2503,8.21549,8.57139,9.30519,9.15719,10.326,11.13891,13.57785,15.01952,17.62019,37.76204,35.92538,45.03047,50.64601,54.36168,55.86507,52.70426,51.82009,52.1795,48.62215,49.26791,51.43987,51.37372,49.16158,49.70018,48.77847,49.65799,53.08128,54.4993,53.51557,51.28443,46.85422,43.51428,39.91149,38.01998,37.18848,"Crimson"
"Itum5_37bands_682",25.09223,25.0928,32.54032,37.05217,41.13718,42.92991,43.19658,42.23958,41.70592,41.79178,38.65878,58.62794,25.92188,67.6938,85.64975,93.28601,93.31319,90.15814,90.56427,88.36374,86.55524,90.5885,88.81264,86.74593,85.50131,86.09237,83.99639,84.11642,87.27755,89.56123,87.00803,82.99263,76.94764,73.44833,69.46277,65.94322,63.48876,"Itum5"
"Crimson_37bands_682",10.20319,10.20328,13.62837,14.07066,15.15569,15.07052,16.54334,17.4644,20.15046,21.56035,23.6331,48.46608,38.12521,47.332,53.10128,56.74658,58.13008,54.71327,53.63793,53.92502,50.19528,50.72483,52.87675,52.88375,50.64179,51.10333,50.14641,50.96055,54.59725,56.02753,55.20074,52.86301,48.44351,45.07862,41.34087,39.26307,38.24965,"Crimson"
"Itum5_37bands_683",30.3368,30.33716,37.41419,41.40067,44.08561,45.44785,46.81409,47.00485,46.90791,47.40548,44.74536,57.15288,46.39908,67.46128,77.94243,81.61144,80.41061,78.05521,78.1571,77.11019,75.49272,77.96189,77.81559,75.74273,73.91807,74.16468,72.48578,72.21476,74.35345,75.4709,72.9746,69.68888,64.49653,60.79254,56.51313,53.48374,51.5869,"Itum5"
"Crimson_37bands_683",5.05944,5.05928,6.35303,6.51215,7.02291,6.76425,7.20876,7.28069,9.15128,10.20329,13.09086,29.36582,31.16114,41.50467,45.86848,50.12383,52.02936,49.29395,48.93803,49.19566,46.071,47.05294,49.15366,49.44812,47.64935,48.39895,47.52572,48.74227,52.01605,53.77715,53.05118,50.8658,46.64238,43.69434,40.49636,38.80042,38.14942,"Crimson"
"Itum5_37bands_684",31.94141,31.94195,39.08196,42.99133,45.79219,47.1006,48.3666,48.35235,48.24748,48.5962,45.71711,59.3989,45.43224,68.24951,78.96724,82.51775,81.52678,79.01308,79.25256,78.19815,76.67811,79.08595,78.98275,77.10101,75.17357,75.35424,73.51622,73.39562,75.66139,76.77988,74.22151,70.78635,65.51465,61.86512,57.34952,54.17092,52.24605,"Itum5"
"Crimson_37bands_684",5.0745,5.07445,7.30551,7.51856,8.19691,7.89249,8.51263,8.86193,11.18962,12.50987,15.45171,34.41563,32.9545,44.78602,51.06373,55.1979,56.64018,53.15109,52.34347,52.27589,48.7995,49.68839,51.42682,51.51965,49.78221,50.44932,49.24986,50.55391,53.98032,55.75441,55.02218,52.73832,48.22096,45.05758,41.66377,39.92466,39.31483,"Crimson"
"Crimson_37bands_685",9.25944,9.25954,12.26782,12.37049,13.3156,12.9734,15.0361,15.94813,19.15613,20.82046,23.41397,47.96698,32.75644,46.24754,51.20693,55.24542,56.65159,53.00377,51.95557,51.81504,48.07528,48.73876,50.51818,50.5984,48.67028,49.02713,47.78473,48.8324,52.19812,53.7249,53.24622,51.22615,46.8641,43.85757,40.69491,39.06482,38.55938,"Crimson"
"Itum5_37bands_685",26.1598,26.16069,33.23666,37.65853,41.48561,43.22001,43.37365,42.35892,41.77345,41.82599,38.30657,55.11694,30.43123,69.18092,83.80031,89.92135,89.78596,86.92379,86.59559,84.80539,82.80064,86.01623,85.29626,83.14903,81.12579,81.49595,79.28008,79.12607,81.84745,83.75397,80.89331,76.95277,71.10523,67.10998,62.41377,58.68388,56.18802,"Itum5"
"Itum5_37bands_686",26.78074,26.78139,34.37025,39.18317,43.19896,45.04788,45.31529,44.2914,43.70641,43.7249,40.07261,57.55561,29.59864,69.22439,84.81814,91.16356,90.95082,87.86606,87.51653,85.74586,83.76882,87.1318,86.12514,83.68862,82.0741,82.4653,80.27948,80.19109,82.9742,84.91002,82.11047,77.89326,71.99027,67.98184,63.0435,59.30025,56.8573,"Itum5"
"Crimson_37bands_686",6.94871,6.94861,9.58235,9.68127,10.48491,10.14101,11.92721,12.71235,15.75492,17.41627,20.22091,42.25995,34.75664,48.09487,52.39753,56.32207,57.90814,54.51175,53.52438,53.38042,49.61134,50.18072,51.99418,51.93769,49.98517,50.50622,49.16699,50.05449,53.57878,55.11417,54.67274,52.47662,48.11088,45.05091,41.99924,40.32631,39.74629,"Crimson"
"Itum5_37bands_687",31.02454,31.02491,38.29993,42.0147,44.70035,45.80379,47.416,47.67062,48.06498,48.5363,46.21965,62.50859,49.61842,70.85778,80.10891,83.64796,82.70591,80.19497,80.71662,79.76744,78.46186,81.41012,81.27056,79.43038,77.60973,77.83664,76.02063,76.11221,78.57568,80.09461,77.15601,73.49793,68.0335,64.24451,59.68027,56.40116,54.49021,"Itum5"
"Crimson_37bands_687",12.69258,12.69301,16.15229,16.57136,17.70272,17.71691,20.24112,21.41497,24.20138,25.73973,27.1348,50.27804,38.64859,45.82309,50.72964,54.41987,55.71465,52.41775,51.78372,51.77458,48.33363,48.96016,50.97727,50.90471,48.89052,49.39832,48.07506,49.11622,52.4003,53.89495,53.30784,51.12443,46.68627,43.73002,40.41685,38.74761,38.26517,"Crimson"
"Itum5_37bands_688",31.88981,31.89037,39.30224,43.17611,45.85297,46.97812,48.69299,48.895,49.17443,49.67634,47.07232,64.25138,49.19593,71.0094,80.07321,83.70252,83.02281,80.55811,81.35559,80.37115,79.14348,82.15105,82.20351,80.105,78.49378,79.07195,77.06344,77.24624,79.65414,81.17172,78.27218,74.44586,68.79902,64.99,60.41795,57.1546,55.37934,"Itum5"
"Crimson_37bands_688",10.18722,10.18722,13.5349,13.9037,14.9478,14.87783,17.26646,18.47342,21.35989,22.96667,24.79598,48.01456,38.46467,46.08431,51.41161,55.00779,56.23948,52.92113,52.1475,52.20898,48.7234,49.32827,51.38309,51.23527,49.12729,49.66469,48.44788,49.37413,52.82525,54.26145,53.66523,51.33963,46.91345,43.77977,40.32054,38.64358,38.11731,"Crimson"
"Itum5_37bands_689",25.9345,25.93496,32.78038,36.677,39.69129,41.13484,41.84088,41.47176,41.25038,41.49919,38.72765,52.643,35.55437,64.41158,77.36769,81.92442,81.5991,79.43989,79.43975,78.622,76.96614,79.60266,79.82224,78.06517,75.94551,76.3231,74.62033,74.69157,77.32273,78.62949,75.82691,72.25098,66.96646,62.97363,58.29428,54.70503,52.32643,"Itum5"
"Crimson_37bands_689",1.5085,1.50845,2.2588,2.47053,2.88674,2.81417,3.38121,3.68638,5.19825,6.12663,8.53178,21.46439,33.00709,43.76544,49.38875,53.72963,55.67949,52.63267,51.93804,52.22516,48.82121,49.41365,51.66254,51.5349,49.26212,49.81176,48.6545,49.57569,53.02283,54.3882,53.55557,51.29094,46.8535,43.66179,40.17909,38.29793,37.44714,"Crimson"
"Crimson_37bands_690",3.59836,3.59836,4.54202,4.67177,5.13383,4.96783,5.61554,5.92165,7.65668,8.64277,11.39096,26.63283,33.31636,44.22271,50.25536,54.55464,56.49047,53.23146,52.37957,52.6751,49.10767,49.68101,51.77697,51.89845,49.67848,50.10037,49.02401,49.84539,53.49358,54.85226,54,51.7498,47.25283,44.0768,40.56436,38.70216,37.85549,"Crimson"
"Itum5_37bands_690",27.73104,27.73154,35.1056,39.41776,42.78002,44.35782,45.20601,44.63173,44.36258,44.64935,41.32054,58.37572,32.73381,61.00278,72.82664,77.44218,77.26244,75.38853,75.62784,74.83191,73.16392,75.91822,76.07701,74.38834,72.57368,72.8624,71.4871,71.62146,74.17724,75.50111,72.75093,69.27072,64.02165,60.35648,55.85333,52.34944,50.10453,"Itum5"
"Itum5_37bands_691",27.61805,27.61836,35.23237,39.302,42.55664,44.09412,45.64036,45.76852,45.92374,46.48362,43.45683,59.49416,39.03382,69.5493,84.35524,89.12532,88.27627,85.10505,85.28094,84.24166,82.22681,85.24379,85.17847,83.05102,80.96836,81.203,79.25832,79.10079,81.97951,83.57943,80.87264,77.12754,71.57503,67.58974,62.75954,59.17749,56.87388,"Itum5"
"Crimson_37bands_691",6.3313,6.3313,9.04495,9.22026,10.0249,9.64417,11.05283,11.72957,14.66447,16.38356,19.40898,41.52508,32.82334,46.31402,52.55369,56.91537,58.51031,54.80501,53.92378,53.82219,50.20099,50.87847,52.74727,52.92164,50.9515,51.50911,50.45236,51.52696,55.17786,57.01394,56.59353,54.29011,49.76977,46.5965,43.18246,41.44046,40.71778,"Crimson"
"Itum5_37bands_692",29.15393,29.15469,37.14213,41.56518,44.9822,46.62204,48.01918,47.96551,48.05433,48.5528,45.56168,62.75911,38.87447,70.19508,84.9201,89.83745,88.93994,85.99268,86.21293,85.0977,83.07435,86.04909,86.09929,83.84935,81.94203,82.10959,80.25008,80.28448,82.93191,84.7869,81.96245,78.23428,72.32261,68.29637,63.62661,60.00959,57.79839,"Itum5"
"Crimson_37bands_692",2.69065,2.69065,4.91734,5.19012,5.81475,5.48098,6.38512,6.80209,9.32784,10.86944,13.93313,32.69129,32.92809,46.05813,52.40345,56.71503,58.19336,54.2961,53.28158,53.2287,49.47329,50.03889,51.86287,52.02109,50.18551,50.75238,49.67778,50.75525,54.3209,56.34278,55.87436,53.57482,48.89699,45.80071,42.56014,40.7712,39.94828,"Crimson"
"Itum5_37bands_693",27.22744,27.22785,33.92867,37.66059,40.56471,41.98652,43.23354,43.33713,43.31121,43.85387,41.25673,54.46577,39.97759,64.82422,75.8295,79.94803,79.47788,77.35594,77.57104,76.60798,75.10021,77.50927,77.764,75.94885,74.22626,74.49738,72.75338,72.77593,75.36387,76.74395,74.27117,70.91423,65.64952,62.00282,57.88512,54.68802,52.63672,"Itum5"
"Crimson_37bands_693",5.66724,5.66697,7.80323,7.95193,8.59933,8.23662,9.03796,9.47648,12.03807,13.51541,16.50216,36.31686,33.71758,45.76771,52.51563,56.4562,57.8625,54.16043,53.14367,53.15583,49.37201,50.10679,51.79766,51.84,49.68747,50.23537,48.89899,50.05039,53.50703,55.07197,54.56608,52.20861,47.72661,44.4974,40.90613,39.15459,38.39872,"Crimson"
"Itum5_37bands_694",26.69822,26.69863,33.80034,37.68524,40.775,42.33125,43.90821,44.03648,44.08824,44.71296,42.3711,57.04178,39.67347,65.481,76.37209,80.3831,79.83938,77.65841,77.54668,76.93144,75.004,77.4889,77.88229,76.0133,74.12521,74.18187,72.74247,72.62616,75.20087,76.44303,74.08401,70.83601,65.7321,62.17059,57.99623,54.7927,52.67158,"Itum5"
"Crimson_37bands_694",6.63726,6.63737,9.57607,9.74785,10.69423,10.53501,12.20796,13.18757,16.1562,17.94172,20.83442,45.85454,34.37837,45.1283,51.26931,55.10637,56.55496,53.02813,52.14025,52.33461,48.70711,49.3436,51.28845,51.24563,49.10039,49.57372,48.48374,49.32573,52.76956,54.4231,53.8671,51.47689,47.21065,43.98509,40.53786,38.7359,37.87187,"Crimson"
"Itum5_37bands_695",22.43153,22.43223,28.14503,31.56972,34.68356,36.1044,36.68004,35.93271,35.80281,35.96386,33.44009,50.38998,30.76005,65.79314,77.56,83.48017,83.954,81.67342,81.70489,80.56041,78.70693,81.57439,81.42334,79.6768,78.11255,78.31686,76.37901,76.29918,79.31968,81.24652,78.94558,75.44884,70.1032,66.49012,62.33273,59.17516,56.90092,"Itum5"
"Crimson_37bands_695",11.2043,11.20453,15.09445,16.08441,17.7443,18.41696,20.43334,21.01667,22.94493,23.91099,23.93113,45.60281,33.91109,45.189,50.44606,53.82959,55.7973,53.51028,52.44226,53.51615,49.79255,49.9293,52.8279,52.82692,49.97906,50.27012,49.08281,49.92174,53.34776,54.25721,53.29133,51.38902,47.30298,43.84457,40.34485,38.18815,36.79382,"Crimson"
"Itum5_37bands_696",23.59371,23.59435,29.84129,33.4873,36.86135,38.4263,39.08156,38.34341,38.08253,38.28843,35.38969,53.71152,31.04499,66.3889,78.63483,84.89162,85.43776,82.94328,83.02282,81.56072,79.66515,82.81006,82.63313,80.72514,79.19786,79.61031,77.3648,77.68194,80.74335,82.5299,80.09987,76.59822,70.93974,67.19307,63.02815,59.75775,57.59697,"Itum5"
"Crimson_37bands_696",10.67238,10.67309,15.48057,17.0633,19.37095,20.32784,21.8047,22.18798,23.89987,24.66823,24.53891,51.24784,27.34377,42.85709,50.80356,54.91444,56.69551,53.73175,52.64941,53.19993,49.40314,49.95242,52.39583,52.31758,49.78288,50.11863,48.8943,49.76503,53.21636,54.10635,53.10029,50.90653,46.36435,42.9188,39.21854,37.10695,35.9002,"Crimson"
"Itum5_37bands_697",24.17212,24.17285,30.99586,35.22254,38.67713,40.38049,40.93273,40.32028,39.78635,39.96329,36.43487,50.79609,32.25884,65.99786,79.14529,84.21174,84.37803,82.24508,81.85489,80.9949,78.92403,81.32128,81.50747,79.55124,77.38746,77.4842,75.7065,75.65595,78.30921,79.51585,77.09893,73.70928,68.34433,64.3461,60.03457,56.50934,53.97481,"Itum5"
"Crimson_37bands_697",10.27357,10.27389,13.46312,13.87066,14.8697,14.89495,17.00571,18.05071,20.60975,22.1612,23.44748,44.53635,29.14348,43.00475,50.23796,54.60003,56.10585,52.61466,51.70567,51.64183,47.76166,48.66985,50.31462,50.30906,48.29268,48.82006,47.55957,48.38967,51.89394,53.49242,52.92847,50.66265,46.21885,43.15272,39.76647,38.04425,37.32737,"Crimson"
"Crimson_37bands_698",10.92569,10.92579,14.4262,14.82345,16.07578,16.08467,18.23481,19.17686,22.04617,23.55409,24.66233,48.66279,31.49878,44.70942,51.42229,55.67015,57.28992,53.67442,52.61941,52.79211,48.9296,49.45033,51.54394,51.49685,49.40847,49.96627,48.71201,49.82157,53.29201,54.93839,54.36642,52.16162,47.73959,44.58848,41.20068,39.3781,38.59518,"Crimson"
"Itum5_37bands_698",22.76966,22.77016,29.49755,33.59683,37.06286,38.87524,39.48476,38.81769,38.2985,38.43955,35.06231,49.46875,31.28626,65.94857,79.98594,85.68753,85.87506,83.42907,83.0888,81.93819,79.94848,82.5941,82.72463,80.57655,78.57347,78.63587,76.83615,76.88658,79.44018,80.91161,78.1937,74.60245,69.02662,65.02621,60.44585,56.79619,54.25542,"Itum5"
"Itum5_37bands_699",34.87343,34.8744,43.11227,47.75344,50.92515,52.25764,53.45791,53.36362,53.2084,53.64861,50.84741,65.18804,49.67928,75.03931,84.904,88.8789,88.07875,85.16418,85.00818,84.20431,82.27323,84.40573,84.67597,82.76962,80.39704,80.3895,78.47952,78.30242,81.2399,82.65114,80.01329,76.55441,71.03968,66.91246,62.40651,58.87251,56.57335,"Itum5"
"Crimson_37bands_699",5.04779,5.04779,6.85396,7.01312,7.71127,7.49755,8.51011,8.80112,11.02716,12.1628,14.45223,32.06735,34.99925,42.0541,45.5881,49.33909,51.39837,49.19398,48.99417,49.61293,46.50838,47.44471,49.83361,49.75963,47.6652,48.28789,47.41596,48.38119,51.73274,52.93284,52.02828,49.87706,45.8007,42.58702,39.16285,37.57428,36.89069,"Crimson"
"Itum5_37bands_700",33.15756,33.1582,41.07648,45.56619,48.61283,49.83908,50.91528,50.89014,50.67904,51.12754,48.45067,62.79005,49.00833,75.3496,85.57737,89.97118,89.13251,86.03877,86.01266,85.06326,83.06662,85.26065,85.62277,83.40467,81.10608,81.19011,79.23887,79.17897,82.03803,83.39707,80.78236,77.09678,71.29721,67.19517,62.67434,59.12547,57.00046,"Itum5"
"Crimson_37bands_700",7.46842,7.46858,10.78977,11.13857,12.32609,12.4051,14.2118,15.05205,17.69057,19.05581,20.74622,45.07928,36.07933,44.75634,49.57465,53.33203,54.99967,52.19601,51.54568,51.94506,48.59877,49.15175,51.36921,51.52771,49.27366,49.88849,48.83094,49.84509,53.1824,54.5067,53.80284,51.57732,47.194,44.01252,40.57334,38.95448,38.40482,"Crimson"
"Itum5_37bands_701",30.14645,30.14686,37.52859,41.51558,44.4529,45.58725,47.063,47.12766,47.37635,47.83838,45.21238,60.96717,44.6418,71.24169,83.75479,88.45836,87.65517,84.66944,84.80225,83.77082,81.69888,84.48483,84.57022,82.2813,80.27353,80.30758,78.30153,78.1101,81.00325,82.68827,80.13688,76.37979,70.66397,66.64383,61.86642,58.3335,56.1073,"Itum5"
"Crimson_37bands_701",9.39288,9.39293,12.77363,13.33984,14.37876,14.44928,16.30799,17.12004,19.53075,20.93249,22.00683,42.8443,26.51837,45.50588,52.34193,56.38284,58.09039,54.59795,52.91344,53.13685,49.02079,49.27635,51.4585,51.44296,48.89764,49.19876,47.96688,48.78484,52.28904,53.45881,52.79854,50.67677,46.33128,42.97417,39.53411,37.49213,36.23243,"Crimson"
"Crimson_37bands_702",12.85553,12.8558,17.11424,18.32649,19.88482,20.30671,21.72967,22.2806,24.26244,25.29473,25.5307,49.04297,26.94479,45.59063,52.4205,56.46925,58.31263,54.99502,53.36232,53.5503,49.4702,49.8449,52.01933,51.82081,49.28118,49.57672,48.49522,49.20704,52.71469,54.09684,53.34689,51.1525,46.93268,43.48217,39.85463,37.96551,36.78847,"Crimson"
"Itum5_37bands_702",29.7459,29.74672,37.1273,41.17234,44.11919,45.31017,46.65549,46.79732,46.99617,47.48638,44.88372,61.1963,42.68373,69.52851,82.36696,87.02537,86.57383,83.69867,83.91556,82.59824,80.58203,83.36405,83.51225,81.28288,79.29823,79.42895,77.33872,77.26995,80.39183,81.80124,79.18496,75.55616,69.79295,65.78584,60.86427,57.5291,55.55516,"Itum5"
"Itum5_37bands_703",30.27671,30.27708,36.87628,40.51953,43.37646,44.86183,45.92161,45.79825,45.71593,46.05621,43.25567,56.95303,43.53632,66.26011,75.76477,79.06751,78.78037,76.85195,76.50773,76.29848,74.37001,76.09898,77.11283,75.3712,72.85076,72.62788,71.19992,71.117,73.42481,74.23399,71.63492,68.46547,63.61937,59.69699,55.28055,51.83434,49.46432,"Itum5"
"Crimson_37bands_703",8.3786,8.37855,10.91536,11.01212,11.68153,11.43837,12.51115,12.99522,15.4751,16.81702,19.00887,38.23162,39.63898,46.74608,52.08559,55.84945,57.1951,53.48696,52.47542,52.55051,48.78239,49.46125,51.41528,51.35252,49.02309,49.44986,48.19846,49.0551,52.62979,54.10232,53.43858,51.17726,46.63667,43.51839,39.96794,38.35499,37.861,"Crimson"
"Itum5_37bands_704",30.68635,30.68726,37.49683,41.35714,44.3871,45.92738,46.88751,46.49789,46.42995,46.71915,43.74433,60.33691,41.27012,65.88793,75.71952,79.51505,79.25801,77.10652,76.87499,76.38586,74.54464,76.50298,77.25897,75.34953,72.97229,73.02211,71.32141,71.19116,73.4511,74.57001,71.79705,68.50844,63.34916,59.48798,55.09602,51.70979,49.58464,"Itum5"
"Crimson_37bands_704",13.51308,13.51319,16.95239,17.29135,18.22509,17.95752,19.26609,20.1535,22.97205,24.4955,26.37076,49.24973,40.39114,47.12255,51.96062,55.72573,57.10132,53.46329,52.51522,52.7119,48.85793,49.39266,51.32326,51.26198,49.07688,49.39576,48.15441,48.91225,52.39769,54.06758,53.51837,51.29714,46.94076,43.78563,40.28027,38.69499,38.22545,"Crimson"
"Itum5_37bands_705",28.25228,28.25287,36.59971,41.62403,45.82658,47.68628,48.03748,47.14701,46.68206,46.80476,43.10509,63.60579,32.61809,70.29684,87.08381,93.81905,93.61904,90.09628,89.89968,88.63247,86.51972,89.44122,89.17174,87.01933,84.8901,85.39353,82.80916,82.91334,86.52852,88.76292,86.01357,81.871,75.69663,71.37052,66.54526,62.82036,60.32688,"Itum5"
"Crimson_37bands_705",7.34994,7.34989,10.78199,10.91579,11.88438,11.64538,13.75536,14.9476,18.20005,20.04945,22.61875,47.91492,36.65624,47.06512,52.31703,55.87779,57.44478,53.90043,52.5274,52.82594,48.87061,49.13279,51.29758,51.38343,48.94415,49.18219,47.99464,48.8124,52.2734,53.70901,53.10003,50.99582,46.63952,43.34353,39.86684,38.1282,37.43597,"Crimson"
"Itum5_37bands_706",26.43967,26.44025,33.85785,38.23116,41.99733,43.68991,43.93505,43.01624,42.5839,42.66242,39.36242,58.12225,33.78204,71.22135,87.46671,94.19195,94.30317,90.86753,90.98313,89.8474,87.52967,90.80638,90.45464,88.20371,86.26563,86.49778,83.86504,83.93786,87.65821,89.55699,86.94025,82.88761,76.45685,72.05776,67.2773,63.37752,60.99575,"Itum5"
"Crimson_37bands_706",7.81387,7.81378,10.47906,10.58389,11.25666,11.07272,12.77701,13.57964,16.15626,17.61714,19.49865,38.28548,35.96999,46.95592,52.30494,56.01302,57.55127,53.83337,52.48778,52.76198,48.8648,49.15219,51.43256,51.29768,48.79107,49.09729,47.96273,48.78719,52.27036,53.65514,53.01699,50.92358,46.56753,43.26675,39.7739,38.0634,37.25497,"Crimson"
"Itum5_37bands_707",30.42895,30.42962,38.24449,42.69478,45.90994,47.37226,48.26991,48.10865,47.96251,48.39151,45.51976,61.50339,43.44506,71.67149,83.53374,88.29551,87.86505,84.86513,84.76731,83.98004,81.98722,84.27874,84.80249,82.57495,80.18247,80.17963,78.05949,78.18304,81.25762,82.40424,79.84899,76.36675,70.44554,66.2582,61.38042,57.81345,55.72335,"Itum5"
"Itum5_37bands_708",30.68667,30.68767,38.24151,42.54339,45.69912,47.05509,47.96523,47.8179,47.76663,48.1531,45.28824,61.33252,45.05164,72.14373,83.26528,88.05759,87.74458,84.67699,84.73822,84.15446,81.95882,84.38143,84.83658,82.85004,80.43679,80.4877,78.2996,78.34179,81.54352,82.86886,79.99941,76.46943,70.58289,66.34606,61.68458,58.06118,55.95191,"Itum5"
"Itum5_37bands_709",24.61288,24.61378,31.50374,36.18122,40.31694,42.25072,42.09599,40.72847,39.87784,39.83113,35.97491,53.91086,28.48833,65.38977,80.03095,86.50041,87.17518,84.23644,83.90297,82.80302,80.62333,83.06333,83.30266,81.18604,79.16131,79.20883,76.88365,76.81054,80.13712,81.44041,78.96613,75.45833,69.70986,65.66617,61.23518,57.60743,55.17725,"Itum5"
"Itum5_37bands_710",23.53148,23.53194,29.52516,33.69991,37.25348,38.89851,39.01639,38.0623,37.23426,37.30107,34.56848,46.92289,31.54141,66.64257,79.97832,86.02892,86.88993,84.25696,84.03644,83.315,81.09438,83.27776,83.75186,81.75659,79.46973,79.75009,77.56077,77.39647,80.74954,82.0448,79.60395,76.1176,70.47163,66.4137,61.8954,58.17447,55.7467,"Itum5"
"Itum5_37bands_711",32.08256,32.08319,39.34816,43.26982,46.18659,47.53425,48.49207,48.38885,48.32864,48.60911,45.85478,60.58314,50.55306,72.10095,80.25936,84.00353,83.68256,81.1676,81.00403,80.64391,78.76498,80.48813,81.26158,79.41704,76.87707,76.77236,75.00421,74.87485,77.75329,78.69819,76.40186,73.09271,67.74862,63.5493,58.81794,55.61323,53.73158,"Itum5"
"Itum5_37bands_712",31.39956,31.39997,38.49317,42.30444,45.16193,46.4466,47.42449,47.30892,47.27622,47.53299,44.71684,59.22645,49.28933,71.49984,79.64058,83.63231,83.46349,80.9447,80.93781,80.52299,78.3913,80.43523,81.34298,79.40605,77.00922,76.8847,75.0837,75.0979,78.07745,79.04786,76.4508,73.18855,67.63546,63.55185,58.95936,55.54089,53.70053,"Itum5"
"Itum5_37bands_713",36.5183,36.5183,45.13134,50.00486,52.91073,53.88645,56.02227,56.52498,56.61173,57.37198,55.76156,69.14324,56.04627,76.58955,85.3075,90.26777,89.85974,86.76982,87.4027,86.71188,84.75824,87.43113,87.83463,85.78789,83.78719,83.92371,81.69521,81.97278,85.45672,87.23037,84.61822,80.67378,74.52288,70.19334,65.44416,62.09034,60.50313,"Itum5"
"Itum5_37bands_714",33.59463,33.59527,41.19415,45.46911,48.1017,48.98885,50.76556,51.15683,51.43423,52.10179,50.66169,64.00458,55.32546,76.10873,84.92216,89.88669,89.40033,86.18588,86.92397,86.18555,84.19744,86.89437,87.25927,85.46906,83.18416,83.32911,81.06415,81.37032,85.18074,86.76246,84.00583,80.05744,73.77546,69.6923,64.97586,61.57474,59.89677,"Itum5"
"Itum5_37bands_817",16.57551,16.57515,18.86958,21.26055,22.80484,23.7163,21.48414,23.00262,23.99336,25.53327,39.20769,65.12539,15.96673,33.30761,43.45052,45.3803,44.01727,42.34285,43.98782,42.0154,41.45837,44.96532,43.10143,41.79518,42.26065,43.4482,42.54324,42.64286,42.46738,43.14779,41.78058,39.55889,36.72606,34.99678,32.34209,30.77711,29.81979,"Itum5"
"Itum5_37bands_818",16.92176,16.9213,19.45343,21.71094,23.54478,24.36628,22.35941,23.70034,24.78012,26.18362,38.75498,65.75754,14.6497,32.16959,42.05602,43.93758,42.62277,41.06513,42.67832,40.81161,40.29034,43.65794,41.87967,40.65887,41.14839,42.1761,41.24446,41.41446,41.20656,41.81566,40.49716,38.32961,35.49608,33.8258,31.37242,29.79574,28.81653,"Itum5"
"Itum5_37bands_819",11.87763,11.87763,14.31783,16.91209,19.22494,20.42944,17.84091,18.19739,18.56765,19.52372,28.99052,55.16926,5.73839,28.86618,39.94871,42.52806,41.7297,40.64347,41.84491,40.14877,39.41611,42.63503,41.00499,39.69969,39.83731,40.77299,40.09729,40.12918,40.06308,40.35096,38.79905,36.69757,34.0194,32.26053,29.66686,27.78967,26.27593,"Itum5"
"Itum5_37bands_820",13.32268,13.32273,15.67518,18.06689,20.3106,21.33325,18.95052,19.20386,19.62625,20.44209,28.79035,53.33111,5.25244,28.13947,39.26546,41.93341,41.19588,40.03841,41.27025,39.55582,38.80986,42.21,40.45067,39.20202,39.39336,40.3342,39.54015,39.59318,39.36737,39.73763,38.20271,36.125,33.32921,31.56504,28.99057,27.15568,25.74591,"Itum5"
"Itum5_37bands_821",15.19155,15.19159,18.75311,21.81927,24.74382,25.94322,23.12342,23.23363,23.64755,24.27767,33.00129,62.77983,5.47496,31.31114,44.95643,47.87984,46.68925,45.13893,46.21529,44.28524,43.19514,46.62505,44.59944,43.34383,43.47664,44.51628,43.83234,44.03342,44.01427,44.77059,43.11274,40.72343,37.70634,35.72195,32.86954,30.83388,29.12356,"Itum5"
"Itum5_37bands_822",14.60866,14.60881,18.56501,22.07301,25.19597,26.59841,23.34958,23.55131,23.96635,24.81653,35.32288,67.74882,6.39209,31.69077,45.22492,48.12111,46.92809,45.41094,46.56721,44.51245,43.57331,46.95325,44.90219,43.60276,43.72482,44.74452,44.15947,44.32653,44.30868,45.12686,43.44019,41.04065,37.9545,36.04095,33.28608,31.27498,29.58281,"Itum5"
"Itum5_37bands_823",10.7826,10.78265,13.71974,16.59865,19.21422,20.54472,18.02458,18.27734,18.65191,19.55785,28.91185,55.32947,3.83411,29.25927,41.68936,44.62841,43.95905,42.66756,43.91775,42.13731,41.29273,44.80517,42.93453,41.63892,42.02309,43.05952,42.26138,42.30535,42.26025,42.80815,41.20617,38.97824,36.08677,34.35466,31.78496,29.80435,28.21982,"Itum5"
"Itum5_37bands_824",11.50598,11.50598,14.52582,17.42319,20.12446,21.39643,18.74036,18.98252,19.33155,20.18945,29.57724,56.89522,3.67323,29.37482,42.4633,45.59301,44.79372,43.30608,44.55531,42.6499,41.71173,45.38383,43.4893,42.13068,42.47027,43.50383,42.68165,42.84417,42.6891,43.36265,41.73779,39.55354,36.49713,34.64036,31.99898,30.05979,28.56604,"Itum5"
"Itum5_37bands_825",15.34655,15.34615,18.55297,21.63106,23.91536,25.07069,21.99615,23.11853,23.87762,25.38009,39.56072,71.37644,11.36305,32.73334,43.39124,45.64235,44.3225,42.81653,44.27141,42.46603,41.687,45.25331,43.32165,42.13873,42.38384,43.37364,42.45478,42.72054,42.56856,43.15318,41.60111,39.34245,36.32555,34.54642,31.86007,30.07844,28.83432,"Itum5"
"Itum5_37bands_826",18.24034,18.24024,21.34708,24.51439,26.64138,27.70876,24.88863,26.03077,26.6725,28.15419,42.20835,70.2498,12.21811,32.23139,43.38436,45.66873,44.27527,42.45316,43.78173,41.99776,41.116,44.46349,42.61315,41.3093,41.63309,42.592,41.8719,42.1367,42.16177,42.77314,41.36254,39.16507,36.25549,34.52716,31.98174,30.23968,29.06906,"Itum5"
"Itum5_37bands_827",14.53741,14.53731,17.38192,20.14908,22.15797,23.16764,20.48477,21.63897,22.37644,23.79968,36.46466,65.15192,11.36155,30.15782,39.44754,41.29702,40.09251,38.7323,40.21444,38.64926,38.0425,41.29495,39.81426,38.49139,38.72206,39.63292,38.71441,38.89353,38.65603,39.03051,37.47986,35.5189,32.86669,31.20337,28.64884,27.04556,26.01412,"Itum5"
"Itum5_37bands_828",15.12599,15.12563,17.98277,20.83758,22.85559,23.89035,21.09647,22.188,22.87914,24.27705,37.18769,65.92896,10.99071,29.92102,38.91682,40.70183,39.49359,38.40652,39.92818,38.40325,37.90794,41.23616,39.68424,38.36708,38.65669,39.54476,38.64994,38.67153,38.3018,38.57558,36.9123,34.89866,32.23123,30.62591,28.08562,26.35821,25.19859,"Itum5"
"Itum5_37bands_829",13.12393,13.12393,15.94528,18.50158,20.9337,22.06174,19.84225,20.3317,20.97309,21.90118,31.20737,59.29171,6.14518,30.09687,40.80812,43.34648,42.36367,41.17835,42.47462,40.71586,39.97184,43.4223,41.77504,40.46254,40.83262,41.75214,40.92949,41.06084,40.91802,41.37675,39.78547,37.65242,34.83743,33.12428,30.48053,28.62481,27.22666,"Itum5"
"Itum5_37bands_830",12.25183,12.25173,14.87322,17.39111,19.67108,20.78624,18.47174,19.04039,19.59551,20.51188,30.19634,57.40754,6.08732,29.47154,40.79392,43.51346,42.59404,41.00379,42.38791,40.57436,39.81645,43.27604,41.53082,40.3364,40.68613,41.63162,40.76912,41.14508,41.13027,41.65283,40.29567,38.11389,35.26546,33.66414,31.13317,29.29817,28.05416,"Itum5"
"Itum5_37bands_831",12.62178,12.62173,15.53373,18.18039,20.72201,21.89554,19.43123,19.90875,20.48305,21.4576,31.31014,59.80067,5.75685,31.05977,44.30957,47.40212,46.34906,44.7263,46.27154,44.29739,43.56728,47.2976,45.35272,44.08114,44.51345,45.66612,44.78462,45.08697,45.16645,46.01208,44.45461,42.09265,38.98952,37.14968,34.45146,32.49141,30.99726,"Itum5"
"Itum5_37bands_832",13.7895,13.78924,16.78982,19.64849,22.27694,23.52279,20.63192,21.2116,21.85673,22.99659,34.87472,65.96104,4.54722,30.50228,43.84818,46.99769,45.97263,44.48015,46.12738,44.20604,43.47963,47.19214,45.24296,44.00729,44.45734,45.59652,44.75547,45.11647,45.17542,45.94981,44.378,41.90036,38.78184,36.93314,34.2718,32.23803,30.68556,"Itum5"
"Itum5_37bands_833",15.38118,15.38103,18.63124,21.54647,23.80674,24.93694,22.55581,23.56409,24.20587,25.37199,36.91533,64.22339,11.45122,31.62917,42.03856,44.04799,42.79466,41.58748,42.78801,41.25174,40.46527,43.56544,41.99235,40.7574,40.77564,41.56164,40.87312,40.95254,40.9587,41.34671,39.71788,37.61694,34.80342,32.94705,30.29001,28.40058,27.01728,"Itum5"
"Itum5_37bands_834",15.22655,15.2264,18.77449,21.70548,24.09551,25.2126,22.96662,23.84849,24.57397,25.68187,35.96678,64.15702,10.40577,30.92679,41.47578,43.73094,42.41391,41.22556,42.66208,41.07736,40.31488,43.71498,42.09273,40.80645,40.927,41.68974,40.91666,41.07363,40.99061,41.30076,39.5269,37.37743,34.52716,32.72774,29.9259,28.03485,26.77423,"Itum5"
"Itum5_37bands_835",15.55066,15.55025,18.22219,20.71076,22.61639,23.60815,21.55966,22.93842,23.87668,25.3496,38.04,64.73101,17.48074,33.16413,41.58989,43.27748,41.88706,40.85985,42.43537,41.00696,40.43788,43.67546,42.00348,40.84881,41.04332,41.92916,41.16623,41.31886,41.21549,41.60575,39.84333,37.72656,34.90062,33.18035,30.5322,28.82441,27.71111,"Itum5"
"Itum5_37bands_836",16.12219,16.12168,18.59501,20.91934,22.78461,23.68148,21.58726,22.88892,23.86492,25.25952,37.48494,65.01136,16.85544,32.41141,40.80836,42.50818,41.14869,40.03404,41.57269,40.21564,39.63001,42.71134,41.22981,40.18038,40.20158,41.05111,40.33916,40.56525,40.43098,40.84535,39.24703,37.27378,34.54955,32.76173,30.18746,28.47083,27.39546,"Itum5"
"Itum5_37bands_837",11.82493,11.82476,14.82249,17.34337,19.67675,20.69915,18.67383,19.6792,20.70984,22.06237,32.82276,62.92667,9.70246,30.299,41.19612,43.32021,42.12442,40.92358,42.54897,41.00038,40.4539,43.86154,42.28723,41.02392,41.25838,42.18012,41.31186,41.48351,41.35519,41.75984,40.11818,37.9673,35.10478,33.33973,30.68842,28.83144,27.45482,"Itum5"
"Itum5_37bands_838",13.08688,13.08668,16.16464,18.95725,21.39249,22.54288,20.07991,21.12917,22.08442,23.46286,35.5296,66.75545,9.54247,29.72141,40.94075,43.29007,42.12312,40.84956,42.46778,40.95115,40.27951,43.80342,42.09544,40.96279,41.13748,42.09724,41.18417,41.4461,41.30806,41.79999,40.09975,37.95761,35.08734,33.29269,30.64785,28.81214,27.46876,"Itum5"
"Itum5_37bands_839",13.44901,13.44917,16.7739,20.00485,22.97988,24.39886,21.1113,21.36393,21.74445,22.72641,33.63992,64.76092,4.36279,30.20582,43.34016,46.50375,45.5464,44.12345,45.38807,43.44933,42.58185,46.15306,44.11302,42.99228,43.38255,44.43077,43.59994,43.94938,43.95167,44.63017,43.20827,40.81837,37.89402,36.09478,33.44943,31.4915,29.92967,"Itum5"
"Itum5_37bands_840",11.95136,11.95158,14.86872,17.53244,20.32196,21.53583,18.83434,18.8628,19.18681,19.87114,28.00861,56.74744,4.31647,30.19612,43.41192,46.68578,45.7022,44.26375,45.58248,43.69154,42.83735,46.37501,44.35893,43.3607,43.70779,44.76988,43.88362,44.26558,44.26337,45.01776,43.47304,41.19407,38.26461,36.52028,33.92661,31.9286,30.34919,"Itum5"
"Itum5_37bands_841",8.26835,8.2684,11.51177,14.06829,16.79731,18.10962,16.49398,16.626,17.1172,17.88067,24.37926,50.45265,4.50865,29.04787,41.66876,44.66535,43.91427,43.21676,44.56717,43.10793,42.30428,45.82749,44.25893,43.11562,43.12805,44.05347,43.6144,43.87913,43.85386,44.39115,42.31999,39.8552,36.83587,34.82462,31.77705,29.55384,27.60632,"Itum5"
"Itum5_37bands_842",8.3272,8.3275,11.82463,14.53207,17.42419,18.79889,16.62291,16.61859,17.18636,17.882,25.26555,52.76731,3.36102,27.69259,40.59203,43.76369,43.09628,42.42505,43.84629,42.38711,41.60322,45.21901,43.64824,42.58018,42.61141,43.61986,43.15167,43.52129,43.42322,43.94654,41.9587,39.49697,36.59087,34.54072,31.52352,29.20935,27.19521,"Itum5"
"Itum5_37bands_843",11.66341,11.66341,15.06668,17.78867,20.74289,22.1008,19.72706,20.21337,21.01698,21.9791,31.91137,63.83131,4.21091,29.69246,43.80367,46.97596,45.83931,44.2465,45.88326,43.97763,43.2639,46.98599,45.02634,43.93917,44.32828,45.49807,44.66811,45.06422,45.24969,46.0231,44.36967,42.02435,39.09009,37.28773,34.72675,32.72507,31.19978,"Itum5"
"Itum5_37bands_844",9.34865,9.34882,12.9825,15.85206,18.99009,20.47439,17.97304,18.50191,19.35956,20.36764,30.853,64.96063,5.17159,30.5601,44.14872,47.32064,46.16118,44.65345,46.37163,44.56979,43.77742,47.35541,45.4038,44.40972,44.83478,46.01091,45.21067,45.62682,45.79763,46.61492,45.06644,42.73601,39.7179,37.88162,35.29494,33.31909,31.73219,"Itum5"
"Itum5_37bands_845",18.20506,18.20453,20.6108,23.43534,25.00757,25.90614,22.73251,24.36324,25.2637,27.07399,43.6561,71.75763,16.14152,34.71465,43.42998,45.65726,44.23249,43.01209,44.68474,42.94393,42.3873,45.91408,44.21031,43.07699,43.56792,44.67917,43.76709,44.21304,44.40927,45.13253,43.44816,41.13185,38.1174,36.41185,33.83168,32.13232,31.09097,"Itum5"
"Itum5_37bands_846",16.50707,16.50676,18.97032,21.40998,23.13684,23.90563,21.43758,22.82033,23.86749,25.35594,39.31707,68.40399,15.28024,33.79665,42.05425,44.13141,42.83004,41.79258,43.43836,41.8399,41.30596,44.73202,43.10757,42.18947,42.60655,43.64375,42.87934,43.20575,43.16761,44.08175,42.3297,40.12056,37.23533,35.52893,32.92342,31.23648,30.20857,"Itum5"
"Itum5_37bands_847",10.98674,10.98669,13.82071,16.31272,18.58465,19.75475,17.63115,18.59997,19.53982,20.82886,32.16918,61.6932,11.29914,30.15403,39.83098,41.78974,40.59209,39.76725,41.30115,39.94806,39.47311,42.72906,41.38862,40.2328,40.29317,41.11534,40.27295,40.46985,40.28496,40.57612,38.68385,36.58992,33.79116,32.02217,29.36314,27.55069,26.31093,"Itum5"
"Itum5_37bands_848",10.00934,10.00908,12.94244,15.39981,17.74774,18.91561,16.9705,17.97856,19.012,20.36338,31.3701,62.0353,11.57413,28.8721,38.00087,39.95434,38.95224,38.11897,39.80007,38.62426,38.19018,41.3427,40.12323,39.01242,39.18449,39.9705,39.23497,39.51247,39.43443,39.73107,37.97558,35.97532,33.31315,31.61379,29.06433,27.30967,26.09542,"Itum5"
"Itum5_37bands_849",20.11827,20.11762,23.20939,26.26047,28.49722,29.44033,26.32211,27.11747,27.74695,28.93049,41.64785,72.13912,13.34018,35.10146,45.13271,47.19414,45.68107,44.39783,45.75568,43.98819,43.20999,46.52135,44.76249,43.70081,43.79475,44.80131,43.96825,44.24584,44.28264,44.93695,43.289,41.00555,38.07617,36.26946,33.5104,31.53564,30.05452,"Itum5"
"Itum5_37bands_850",20.04823,20.04823,23.28354,26.49485,28.75049,29.68888,26.45457,27.34094,27.8606,29.04028,41.7602,72.06764,12.59696,34.91336,45.55492,47.74953,46.20613,44.72243,46.16218,44.26316,43.46396,46.88082,45.06914,43.91374,44.16415,45.08626,44.19301,44.59824,44.68018,45.32622,43.64897,41.30157,38.30029,36.4415,33.60752,31.70926,30.46636,"Itum5"
"Itum5_37bands_851",14.79355,14.79301,17.77282,20.75588,23.02354,24.1968,21.58513,22.53151,23.20714,24.60015,36.92846,64.64087,11.78434,32.0805,41.40926,43.22841,41.94328,41.25746,42.42486,41.10719,40.51403,43.27819,41.93722,40.85662,40.73063,41.46263,40.98567,40.9551,40.83072,41.29114,39.44239,37.28469,34.64914,32.87425,30.16942,28.29823,26.72472,"Itum5"
"Itum5_37bands_852",15.63357,15.63327,18.7983,21.71598,24.07894,25.28341,22.53091,23.32417,24.02559,25.26714,37.42728,66.81774,12.26548,32.47705,41.95008,43.86046,42.55146,41.7043,42.93572,41.43222,40.78883,43.78485,42.37137,41.21158,41.20724,41.93421,41.3685,41.37756,41.29671,41.67664,39.82515,37.65851,34.9262,33.13763,30.37111,28.51332,27.04942,"Itum5"
"Itum5_37bands_853",15.17186,15.17127,17.87444,20.25229,22.20721,23.23297,21.42141,22.6779,23.59991,24.9468,36.44849,62.60945,17.72791,32.64181,40.86892,42.70567,41.1834,40.15176,41.58857,40.13079,39.62974,42.65389,41.18486,40.18501,40.298,41.084,40.26646,40.44468,40.45035,40.90124,39.13817,37.01819,34.3024,32.65174,30.06156,28.46096,27.40713,"Itum5"
"Itum5_37bands_854",16.08062,16.08046,18.70009,21.28792,23.17328,24.19552,22.00586,23.55153,24.54905,26.16641,39.83306,67.05383,17.53035,33.47224,42.2773,44.15659,42.68778,41.64626,43.16757,41.69771,41.11374,44.37007,42.77986,41.72466,41.8524,42.66718,41.9039,42.11918,42.10656,42.46035,40.67552,38.5369,35.71472,34.02404,31.32215,29.57769,28.42839,"Itum5"
"Itum5_37bands_855",14.77183,14.77134,17.70128,20.12133,22.22643,23.1959,20.71595,21.91723,23.04693,24.5202,37.23153,68.86617,14.75272,31.92896,41.58272,43.55247,42.09342,41.00391,42.52145,41.00201,40.43216,43.76037,42.16582,41.02004,41.03976,41.88719,40.99462,41.15294,41.02558,41.32756,39.55154,37.33326,34.52183,32.67679,29.92842,28.07691,26.84662,"Itum5"
"Itum5_37bands_856",16.82646,16.82578,19.79092,22.53458,24.49631,25.49888,22.91579,24.27359,25.17736,26.74068,39.89436,69.10271,14.38315,31.41739,41.20678,43.09257,41.63154,40.61267,42.12629,40.59255,40.06675,43.33192,41.82766,40.6674,40.6836,41.50013,40.55941,40.71366,40.56223,40.91422,39.06628,36.91595,34.18347,32.34044,29.50416,27.7709,26.70357,"Itum5"
"Itum5_37bands_857",13.20952,13.20892,15.76026,18.05977,20.049,20.94432,18.281,19.04646,19.95354,21.15108,32.38309,62.26416,10.8972,29.89731,38.2399,40.23422,39.17152,38.50262,39.81285,38.52439,37.96139,41.10302,39.83202,38.75706,38.73441,39.53439,38.79539,38.82964,38.7454,39.00762,37.18119,35.12506,32.4407,30.7876,28.18842,26.33298,24.99475,"Itum5"
"Itum5_37bands_858",12.54487,12.54492,15.28628,17.55542,19.60415,20.46838,18.06221,18.7882,19.71773,20.85047,30.99369,60.65346,12.17126,31.54905,40.12425,42.01238,40.88825,40.10647,41.41047,40.07408,39.45347,42.58724,41.2423,40.18651,40.15894,40.9078,40.08251,40.15521,39.98888,40.20555,38.46964,36.32905,33.62875,31.87495,29.22373,27.3947,26.15395,"Itum5"
"Itum5_37bands_859",13.11561,13.11577,15.82648,18.22439,20.87591,21.98743,19.22777,19.33629,19.89202,20.62697,29.56218,60.13462,6.1805,33.37233,45.77045,48.98496,48.07607,46.79463,48.08751,46.24335,45.29562,48.78238,46.69503,45.86151,46.37438,47.53715,46.63384,47.10051,47.47741,48.55375,47.07515,44.62444,41.49954,39.63916,36.96664,34.87988,33.20269,"Itum5"
"Itum5_37bands_860",13.7757,13.7758,16.43943,18.79918,21.46131,22.58758,20.02909,20.20504,20.73535,21.48607,30.23594,60.28792,5.80708,33.24015,45.6355,49.02268,47.99018,46.61522,48.01179,46.09868,45.2321,48.72025,46.86968,45.91728,46.35265,47.40799,46.63064,47.07023,47.48709,48.54131,46.99434,44.58096,41.5444,39.74859,37.11485,34.99904,33.3931,"Itum5"
"Itum5_37bands_861",6.93467,6.93467,9.70941,12.37987,15.11071,16.55844,14.36684,14.34035,14.52346,15.28273,21.97399,46.66989,4.51211,30.03092,42.32225,45.42462,44.73632,44.00612,45.17318,43.74439,42.9246,46.32637,44.78334,43.54314,43.50757,44.30637,43.40626,43.50641,43.44605,43.79674,41.87826,39.65268,36.76154,34.85621,32.01915,29.74149,27.92433,"Itum5"
"Itum5_37bands_862",7.89398,7.89426,10.65745,13.40767,16.2183,17.57038,15.12647,15.10308,15.33734,16.13378,23.47473,49.84593,4.05215,28.76585,41.21924,44.50316,43.88766,43.02411,44.28098,42.76341,41.89952,45.4264,43.66632,42.65667,42.6334,43.3921,42.51081,42.76812,42.77051,43.17164,41.26352,39.0015,36.12442,34.1938,31.37481,29.16886,27.41709,"Itum5"
"Itum5_37bands_863",12.79789,12.79789,16.29158,19.4639,22.35743,23.75384,20.75886,21.26464,21.87119,23.01447,34.5071,67.24663,8.59863,32.55611,44.01637,46.44906,45.21674,44.29712,45.50018,44.00966,43.1315,46.41172,44.82984,43.82952,43.86976,44.71957,43.94455,44.30483,44.30214,44.88064,43.24743,41.03412,38.15875,36.28582,33.63834,31.52094,29.79023,"Itum5"
"Itum5_37bands_864",11.36418,11.36441,14.96784,17.80867,20.70014,22.0175,19.29911,19.6444,20.35103,21.23885,30.89952,63.26915,7.87136,32.11241,43.80131,46.33202,45.03656,44.08263,45.31446,43.80299,42.91731,46.26185,44.6196,43.53164,43.60737,44.51901,43.81869,44.03569,44.09532,44.6448,42.85161,40.57,37.70559,35.83758,32.973,30.86256,29.09317,"Itum5"
"Itum5_37bands_865",15.03451,15.03451,18.57146,21.83647,24.68416,25.89476,22.81323,23.31772,23.90329,24.99372,36.11786,68.84103,8.79805,33.72066,45.26126,47.95283,46.53132,45.48022,46.66463,44.97284,44.02013,47.42242,45.68465,44.67144,44.77873,45.66452,44.85483,45.23517,45.29013,45.99657,44.2473,41.91376,39.04186,37.10562,34.37815,32.36731,30.76273,"Itum5"
"Itum5_37bands_866",13.83724,13.83748,17.5912,20.84719,23.77176,25.04202,21.90094,22.33256,23.01745,24.05115,35.27633,68.70344,8.69934,33.48809,44.97601,47.52202,46.17767,45.03,46.33667,44.6505,43.73593,47.15016,45.49358,44.48665,44.51613,45.38163,44.57479,44.88585,44.96365,45.72419,43.93313,41.65831,38.79153,36.94128,34.13733,32.09594,30.5126,"Itum5"
"Itum5_37bands_867",16.55154,16.55112,20.24302,23.70067,26.20271,27.33946,24.68864,26.07854,26.97392,28.66333,43.03153,73.99935,12.14712,33.97386,45.82088,48.15755,46.53755,45.17201,46.71282,44.93699,44.15524,47.60951,45.84962,44.82627,45.01962,46.03509,45.17397,45.61075,45.72622,46.63944,44.79782,42.41213,39.37556,37.50774,34.76712,32.88157,31.50637,"Itum5"
"Itum5_37bands_868",17.8169,17.81626,20.99204,24.47812,26.7074,27.86163,25.0958,26.55838,27.29518,29.07703,43.98479,72.8011,12.88361,34.85496,46.85303,49.15482,47.50779,46.08268,47.59891,45.80696,45.00624,48.4657,46.67337,45.55381,45.93022,46.86985,46.02779,46.39232,46.52516,47.44157,45.6145,43.20498,40.18428,38.27121,35.45742,33.50392,32.15966,"Itum5"
"Itum5_37bands_869",13.87008,13.86992,17.20422,19.93477,22.31445,23.35849,20.74085,21.57891,22.56877,23.72176,35.40006,67.04903,11.2916,32.39599,42.09935,44.36777,43.01513,42.26317,43.53176,42.15969,41.44335,44.76215,43.21548,42.30335,42.53696,43.4749,42.84503,43.16388,43.20062,43.88977,42.05944,39.78693,37.02473,35.25453,32.59736,30.69054,29.19542,"Itum5"
"Itum5_37bands_870",11.94415,11.94409,15.36361,17.79079,20.23385,21.23923,19.03704,19.71552,20.75152,21.7587,31.79013,63.15521,12.03388,32.7698,42.57151,44.82853,43.52654,42.54568,43.96851,42.52496,41.87089,45.12231,43.64825,42.72444,42.97395,43.82336,43.05759,43.42903,43.39417,44.13754,42.35469,40.10023,37.22487,35.48113,32.781,30.84865,29.43523,"Itum5"
"Itum5_37bands_871",14.13472,14.13451,17.57094,20.4976,23.12158,24.21624,21.675,22.77703,23.91554,25.40134,38.4984,71.90705,12.59557,34.83333,45.92415,48.2586,46.76624,45.50924,46.97324,45.26132,44.49818,47.90556,46.10513,45.11635,45.39669,46.3336,45.5414,45.92746,46.0765,46.80833,45.14813,42.875,39.80561,38.00064,35.33985,33.37922,31.87714,"Itum5"
"Itum5_37bands_872",14.95282,14.95293,18.64493,21.49708,24.14819,25.23099,23.11348,24.07463,25.09942,26.33727,37.17053,68.44468,10.92123,34.66733,46.14819,48.67714,47.16458,45.96382,47.32711,45.57721,44.75795,48.35757,46.52175,45.4964,45.80746,46.80945,45.86174,46.34407,46.50808,47.38989,45.60886,43.1914,40.10344,38.25571,35.42341,33.44315,32.07633,"Itum5"
"Itum5_37bands_873",14.18059,14.18006,16.45414,18.43981,20.08669,20.90742,19.50135,20.94382,22.06695,23.52353,35.00663,59.89904,22.22532,34.37604,41.5483,43.31912,41.76004,40.91347,42.56656,41.20648,40.88933,43.90169,42.60693,41.67791,41.89113,42.6637,41.76932,42.05454,42.04191,42.64051,40.82036,38.75893,36.12239,34.42204,31.79569,30.18102,29.30856,"Itum5"
"Itum5_37bands_874",14.15836,14.15722,16.92473,19.42538,21.33165,22.31494,20.56073,22.33187,23.72425,25.66688,41.06692,70.02708,22.17242,34.74986,41.90557,43.62824,42.15228,41.25323,42.87415,41.59872,41.26918,44.30028,42.93743,41.94871,42.19326,43.06686,42.15668,42.50792,42.39097,42.86204,41.14452,39.04651,36.41165,34.74493,32.13535,30.56013,29.5572,"Itum5"
"Itum5_37bands_875",16.30176,16.3015,19.78682,22.98253,25.44415,26.49949,23.36457,24.27657,25.00943,26.3554,38.96186,70.25111,12.67538,34.78826,44.18708,46.01747,44.54408,43.75342,45.03825,43.63959,42.81814,45.91189,44.3505,43.2966,43.25702,44.06488,43.34651,43.49108,43.4311,43.88766,41.95744,39.74165,36.90082,35.01342,32.23662,30.22974,28.5746,"Itum5"
"Itum5_37bands_876",15.0109,15.01107,18.40821,21.29111,23.86551,24.98854,22.0298,22.69804,23.45289,24.49678,35.61813,68.47766,12.64575,34.13767,43.88212,45.86294,44.32053,43.43147,44.70072,43.24191,42.47727,45.60242,44.07722,43.01767,42.98116,43.78482,42.99301,43.19935,43.20919,43.65705,41.9121,39.67936,36.85595,35.06895,32.29693,30.30929,28.78935,"Itum5"
"Itum5_37bands_877",9.85825,9.85836,12.76964,15.39685,18.24968,19.50539,16.94793,16.99401,17.41565,18.13328,26.26069,54.79946,4.22951,31.17739,43.10984,46.56944,45.66482,44.87355,46.12814,44.57107,43.68944,47.22528,45.40792,44.51528,44.68063,45.69645,44.79923,45.21088,45.40052,46.13068,44.2874,41.84961,38.88327,37.09844,34.42859,32.22121,30.36166,"Itum5"
"Itum5_37bands_878",10.44482,10.4452,13.17266,15.7517,18.53003,19.82827,17.04928,17.10643,17.54244,18.29862,26.90571,56.0099,4.09593,30.63006,42.67671,46.07859,45.27877,44.57635,45.7786,44.27242,43.50137,46.98392,45.32662,44.40823,44.53763,45.48928,44.68749,44.92042,45.17502,45.97533,43.9965,41.75109,38.8129,36.96434,34.3106,32.14061,30.44405,"Itum5"
"Itum5_37bands_879",10.46336,10.46336,13.82265,16.91604,19.84767,21.21977,18.31546,18.46534,18.89723,19.72139,28.6392,57.67558,6.67177,30.98541,42.63576,45.25469,44.08531,43.30639,44.46842,43.0653,42.12737,45.43272,43.88128,42.70711,42.60585,43.39796,42.60611,42.73822,42.7893,43.21774,41.25834,38.96102,36.02444,34.09084,31.1774,29.05227,27.26725,"Itum5"
"Itum5_37bands_881",10.35293,10.35304,13.54454,16.58652,19.60251,21.06829,18.08861,18.13827,18.45768,19.28573,28.29656,57.50405,4.16515,29.49575,42.59529,45.98525,45.06973,43.94904,45.1734,43.4747,42.55315,45.87441,44.1817,43.29697,43.46408,44.29785,43.52633,43.96637,44.13781,44.85879,43.3322,41.06277,38.28784,36.54077,34.06999,32.1211,30.47775,"Itum5"
"Itum5_37bands_882",13.24749,13.24749,16.36229,19.27717,22.23438,23.59173,20.89261,20.90248,21.13347,21.63761,29.49745,57.46639,4.6553,31.04032,43.85964,47.37211,46.36023,45.1994,46.42288,44.70061,43.8096,47.12493,45.43779,44.42319,44.6375,45.49488,44.58726,44.99666,45.20954,45.93381,44.33071,42.08733,39.15646,37.39526,34.72314,32.67191,31.06799,"Itum5"
"Itum5_37bands_883",18.15987,18.15932,20.46321,22.70432,24.21104,25.05755,22.97847,24.69248,25.82817,27.53866,41.85175,68.0016,22.79634,32.43623,37.87333,39.38677,37.96943,37.24535,38.75295,37.50193,37.18499,39.99301,38.88314,37.98585,38.16131,38.83346,37.95826,38.10816,37.92786,38.26688,36.57457,34.69562,32.28852,30.71307,28.40764,27.06994,26.37768,"Itum5"
"Itum5_37bands_884",13.5339,13.53357,15.66274,17.51341,19.04965,19.74406,17.95433,19.59129,21.04823,22.73496,35.99297,64.23806,23.95662,34.38249,40.1652,41.7131,40.19136,39.57385,41.13903,39.90964,39.52425,42.38451,41.21288,40.27959,40.3263,41.03139,40.1356,40.28472,40.23746,40.64116,38.88233,37.0303,34.55254,32.88527,30.49782,29.09102,28.24139,"Itum5"
"Itum5_37bands_885",16.40019,16.40029,19.69118,22.94348,25.33826,26.27054,23.25656,23.75075,24.10799,25.2135,36.7865,65.26324,8.98302,35.38684,47.14752,50.16429,48.67425,47.24031,48.53425,46.59208,45.60933,48.98696,47.05794,46.23632,46.59997,47.63041,46.75864,47.37254,47.94096,48.95726,47.39977,45.04064,41.96414,40.2002,37.83219,35.87361,34.26713,"Itum5"
"Itum5_37bands_886",18.15895,18.15873,21.86397,25.59484,28.15187,29.19605,25.75141,26.52331,26.83712,28.19965,42.02713,71.59357,9.21709,36.31259,47.99225,51.17899,49.64256,48.17933,49.42166,47.57834,46.40483,49.8916,47.78009,47.01456,47.47569,48.52674,47.68819,48.28613,48.76636,49.86873,48.28779,45.84647,42.76392,40.95311,38.42421,36.46501,34.91153,"Itum5"
"Itum5_37bands_887",13.34708,13.34678,16.3638,19.33442,21.39323,22.58314,19.78276,20.86155,21.48558,22.98558,36.01577,64.69036,12.37271,31.05451,39.34968,41.18801,39.97612,39.45085,40.64576,39.54345,38.93983,41.76464,40.59445,39.685,39.53929,40.10016,39.25643,39.47187,39.46696,39.65382,37.91205,35.96882,33.4578,31.7713,29.21884,27.42322,26.10296,"Itum5"
"Itum5_37bands_888",14.01992,14.01972,17.0052,19.83594,21.90661,23.03154,20.45784,21.48163,22.11255,23.354,35.29745,62.88567,13.43027,31.28838,40.00983,41.80348,40.42625,39.88139,40.98528,39.89576,39.21598,41.93779,40.8443,39.74306,39.57839,40.17145,39.5524,39.67188,39.59683,39.95761,38.15132,36.18943,33.64921,31.94095,29.39909,27.57074,26.09171,"Itum5"
"Itum5_37bands_889",15.45676,15.45671,19.11255,21.91803,24.4503,25.61472,23.43303,24.1258,24.7352,25.76067,35.52352,64.1793,11.01157,32.53123,43.02385,45.26187,43.8786,43.15888,44.39093,43.09875,42.30636,45.24503,43.88995,43.04731,42.92689,43.61543,43.04058,43.28316,43.32352,43.9214,42.16393,39.93444,37.13596,35.24123,32.57691,30.56018,28.89614,"Itum5"
"Itum5_37bands_890",15.35453,15.35385,18.64311,21.61593,23.93581,25.21229,22.67899,23.60723,24.18452,25.44296,37.53109,65.40049,10.46842,31.92165,42.88882,45.40742,44.08906,43.1334,44.35876,42.95827,42.15488,45.14156,43.81489,42.76741,42.82767,43.4581,42.78673,43.13792,43.39513,43.99941,42.32313,40.13885,37.3449,35.49393,32.89319,30.95797,29.49594,"Itum5"
"Itum5_37bands_891",11.42389,11.42377,14.06259,16.03135,18.1234,19.16741,17.13738,18.00023,18.95358,20.05857,29.80365,59.89466,13.30554,30.44934,38.4749,40.2688,39.1144,38.86852,40.29625,39.30479,38.86228,41.7786,40.75321,39.7947,39.71292,40.33482,39.6066,39.7304,39.68552,39.97066,38.12832,36.14208,33.56545,31.81213,29.2551,27.41655,26.07233,"Itum5"
"Itum5_37bands_892",13.69702,13.6965,16.00766,18.16483,19.97034,21.13241,19.18548,20.2851,21.10468,22.43403,34.01324,60.87906,12.65318,29.89772,37.58573,39.49606,38.40755,38.11328,39.59928,38.65907,38.20596,41.17182,40.14852,39.20998,39.15493,39.78971,39.03587,39.20492,39.18714,39.41125,37.50519,35.50404,32.97211,31.26049,28.78017,26.95533,25.67299,"Itum5"
"Itum5_37bands_893",13.40221,13.40221,17.26882,20.54247,23.38984,24.74665,21.80741,22.47688,23.09186,24.27597,35.86994,68.97976,10.18561,33.8089,44.41629,46.83064,45.43846,44.70695,45.88979,44.53276,43.6254,46.81278,45.37587,44.33978,44.19503,44.87637,44.07152,44.3665,44.53271,44.97211,43.02112,40.82415,37.93686,35.99074,33.1998,30.96119,29.22785,"Itum5"
"Itum5_37bands_894",14.79582,14.79546,18.4562,22.0436,24.69478,26.15012,22.92793,23.88991,24.32162,25.81523,39.82856,70.2155,9.89751,33.89167,44.73627,47.15847,45.76624,44.95982,46.23692,44.83967,44.03762,47.26378,45.63745,44.70383,44.62296,45.3019,44.55437,44.84279,44.97229,45.47772,43.44493,41.19875,38.26428,36.33615,33.43296,31.2935,29.69237,"Itum5"
"Itum5_37bands_895",16.92098,16.92067,20.13213,23.233,25.31086,26.45839,24.2308,25.73526,26.60061,28.24062,42.62945,69.46874,17.47909,33.84501,42.59205,44.74004,43.08364,42.20537,43.85416,42.45209,41.81029,45.02501,43.62084,42.65304,42.8985,43.68598,42.88867,43.40181,43.40438,44.08432,42.21173,40.00772,37.19071,35.5,32.88683,31.17689,30.05275,"Itum5"
"Itum5_37bands_896",16.77148,16.77097,19.86115,22.79065,24.83825,25.90334,23.80213,25.26168,26.09784,27.48832,40.8407,67.3133,16.71618,33.34753,42.13436,44.11977,42.49964,41.72756,43.26867,41.9191,41.37452,44.4799,43.19685,42.28055,42.34947,43.12798,42.31131,42.72495,42.82157,43.35921,41.50184,39.33575,36.54734,34.85605,32.30198,30.50219,29.27841,"Itum5"
"Itum5_37bands_897",16.16574,16.16534,18.89889,21.49176,23.37212,24.30584,22.20922,23.7028,24.65244,26.27964,39.97897,66.90889,15.48841,33.79391,41.45237,43.64136,42.31312,41.61794,43.18432,42.07292,41.69654,44.79652,43.48596,42.82994,42.95942,43.76617,43.06286,43.38223,43.44509,44.13169,42.20825,40.18262,37.64289,36.10623,33.64721,31.81408,30.65386,"Itum5"
"Itum5_37bands_898",14.98341,14.98308,17.2495,19.53842,21.36202,22.24587,20.11968,21.4355,22.30709,23.77122,36.34911,63.15211,15.75245,33.32086,41.77387,43.95553,42.50897,41.68543,43.35074,42.00249,41.54184,44.79535,43.43382,42.56152,42.87262,43.72328,42.87745,43.42617,43.62263,44.22537,42.4631,40.31902,37.5318,35.9468,33.44076,31.72794,30.6819,"Itum5"
"Itum5_37bands_899",13.57623,13.57612,17.34961,20.3917,22.96138,24.04402,21.59469,22.81294,23.95047,25.47611,38.45953,71.44939,13.01422,32.92038,42.53039,44.83421,43.29362,42.34961,43.83156,42.41628,41.80693,44.88143,43.45286,42.67822,42.89322,43.68125,42.69982,43.16717,43.37137,44.04711,42.32239,40.19004,37.42416,35.67111,33.16342,31.31715,30.03311,"Itum5"
"Itum5_37bands_900",16.02004,16.01954,19.42045,22.3503,24.56863,25.61356,23.41037,24.70217,25.7328,27.31742,40.78257,70.57077,13.62172,33.21507,42.80886,45.15516,43.69536,42.71264,44.25386,42.76433,42.1698,45.34422,43.91251,43.06446,43.2087,44.02111,43.22965,43.79259,44.05298,44.74901,42.89038,40.74096,37.98491,36.26866,33.73364,31.96706,30.75115,"Itum5"
"Itum5_37bands_901",17.23757,17.23742,20.33624,23.31484,25.35934,26.36751,23.83916,25.0368,25.78191,27.15521,40.03186,68.13509,15.57169,32.36236,40.36034,42.2817,40.87468,40.2603,41.76906,40.64725,40.18076,43.21086,41.99926,41.06685,41.07317,41.75441,40.8699,41.17125,41.20879,41.50372,39.47733,37.50685,34.88227,33.02671,30.41653,28.61449,27.43277,"Itum5"
"Itum5_37bands_902",15.19866,15.19833,18.49263,21.51015,23.71499,24.7269,22.03021,23.21702,24.01129,25.42815,38.26081,68.8138,14.61869,32.67955,41.22943,43.15833,41.70509,41.07455,42.63811,41.51978,40.94231,44.0247,42.84734,41.92083,41.8691,42.55394,41.64456,41.93396,42.02576,42.31121,40.31038,38.21013,35.53369,33.74303,30.97029,29.02631,27.7333,"Itum5"
"Itum5_37bands_903",15.111,15.11125,18.75855,22.00127,24.80404,26.01302,23.24581,23.59375,23.97528,24.7318,34.40037,63.66381,8.66979,33.39592,44.0112,46.40043,45.10629,44.38695,45.44673,44.07118,43.23932,46.17311,44.76387,43.89407,43.81017,44.39607,43.65895,44.09139,44.26759,44.73449,42.8887,40.71072,37.98951,36.14079,33.45286,31.32773,29.59831,"Itum5"
"Itum5_37bands_904",14.96241,14.96266,18.65254,21.99484,24.8739,26.2067,23.25706,23.57087,23.97324,24.85556,35.01348,65.58353,9.0593,34.0405,45.05925,47.4987,46.12682,45.37321,46.46928,45.03407,44.21089,47.11931,45.73298,44.83181,44.75836,45.33812,44.61137,45.03723,45.27846,45.73078,43.83242,41.67894,38.8148,36.90852,34.17192,31.98447,30.20874,"Itum5"
"Itum5_37bands_905",15.91488,15.91494,19.5548,22.83889,25.49395,26.65538,23.51971,24.32158,25.1441,26.52061,39.65639,72.90225,10.31833,35.32302,46.34009,49.04512,47.57053,46.52429,47.74407,46.19914,45.26265,48.4499,46.86235,46.02619,46.09973,46.96448,46.17018,46.56312,46.96336,47.69724,46.02128,43.76076,40.79217,38.97461,36.31588,34.23343,32.64002,"Itum5"
"Itum5_37bands_906",17.08869,17.08864,20.5204,23.78462,26.35926,27.42927,24.40451,25.12632,25.68265,26.89856,38.55205,69.70096,10.29364,35.34783,46.63428,49.48913,47.95274,46.85728,48.14817,46.51119,45.62756,48.76806,47.22803,46.3762,46.52987,47.26824,46.53728,47.02667,47.48807,48.29857,46.55681,44.24549,41.28089,39.46505,36.78203,34.70011,33.12849,"Itum5"
"Itum5_37bands_907",15.39721,15.39674,18.46767,21.59946,23.75442,24.88579,21.72175,22.57671,23.07479,24.2763,37.23661,65.73436,11.07099,32.80055,41.10218,43.06587,41.813,41.29556,42.32786,41.14298,40.4311,43.17385,42.00216,41.15253,40.94506,41.58278,40.84472,40.97778,41.01256,41.39246,39.51063,37.51781,34.97298,33.23935,30.6448,28.77796,27.28627,"Itum5"
"Itum5_37bands_908",15.08447,15.08441,18.44834,21.44005,23.78993,24.90676,21.97852,22.57012,23.0653,23.92145,34.78557,63.80619,12.26401,33.19618,41.63769,43.7348,42.46923,41.76312,42.89136,41.64974,40.89567,43.70396,42.50412,41.61529,41.51731,42.05292,41.25664,41.53701,41.71101,42.07952,40.37254,38.46476,35.83682,34.06143,31.58633,29.71704,28.31273,"Itum5"
"Itum5_37bands_909",18.14072,18.14061,20.90103,23.55566,25.45041,26.30862,23.70943,24.77423,25.47915,26.80093,38.95385,66.64582,15.85327,34.60397,42.01542,43.90426,42.49409,41.73152,43.08715,41.83011,41.12089,43.93896,42.82764,42.02794,42.04879,42.63432,41.71948,42.10601,42.17188,42.58403,41.02155,39.12164,36.42725,34.7896,32.38669,30.61998,29.35515,"Itum5"
"Itum5_37bands_910",18.02394,18.0234,21.01941,23.90402,25.86606,26.84256,24.03763,25.10542,25.8268,27.09298,40.19758,68.44882,16.42875,34.92643,42.16464,43.92627,42.53117,41.87381,43.11234,42.04745,41.44347,44.12287,43.00234,42.25871,42.21356,42.75198,41.78633,42.2038,42.344,42.69673,41.16011,39.24241,36.68037,35.02307,32.56154,30.75863,29.47172,"Itum5"
"Itum5_37bands_911",18.31086,18.31037,21.37331,24.11663,26.01477,26.94907,24.59298,26.02403,27.00281,28.60991,42.14585,70.87764,18.02273,35.16501,43.795,45.75641,44.16079,43.32947,44.75284,43.48095,42.88684,45.83326,44.38814,43.71496,43.73742,44.39939,43.54687,44.02203,44.20846,44.84587,42.99004,40.90702,38.11203,36.41352,33.82357,32.0467,30.82796,"Itum5"
"Itum5_37bands_912",18.10953,18.10903,20.83441,23.53782,25.26161,26.1754,23.86914,25.36815,26.19105,27.59533,41.4265,66.49043,17.62208,34.99965,43.83018,45.75209,44.19474,43.42321,44.81398,43.53204,43.06084,45.9545,44.72593,43.89247,43.92286,44.55581,43.72882,44.2513,44.35599,44.94972,42.9698,40.91539,38.12233,36.36416,33.82026,31.93402,30.75254,"Itum5"
"Itum5_37bands_913",21.82566,21.82511,24.36854,27.11637,28.53938,29.23813,26.59491,28.35706,29.24373,31.08204,47.28361,72.78544,24.77779,37.25505,43.89999,45.73425,44.08919,43.13191,44.69314,43.28456,42.78128,45.69858,44.36355,43.59103,43.82389,44.4427,43.50965,43.99063,44.23536,44.94081,43.30003,41.27629,38.53789,36.8758,34.34818,32.72105,31.82793,"Itum5"
"Itum5_37bands_914",20.47901,20.47805,22.89443,25.50279,26.80828,27.46368,25.1301,27.00537,27.97111,29.87421,45.5369,70.18326,25.71085,37.46767,43.37482,45.05491,43.46618,42.7796,44.32443,43.11446,42.73187,45.556,44.28511,43.54792,43.72362,44.3886,43.60028,44.04337,44.18161,44.83781,43.04677,41.05539,38.38222,36.70409,34.16352,32.60076,31.65748,"Itum5"
"Itum5_37bands_915",12.61633,12.61603,15.6847,18.17204,20.31754,21.41281,19.79148,21.08773,22.29186,23.82052,35.03546,63.42356,10.21086,31.94783,41.55464,43.7763,42.41215,41.80865,43.13154,42.09415,41.32747,44.35381,43.13164,42.21682,42.09017,42.67599,41.8381,42.09389,42.26023,42.53024,40.63075,38.56651,35.87921,33.97473,31.19374,29.11091,27.5877,"Itum5"
"Itum5_37bands_916",12.44984,12.44954,15.7165,18.62102,21.04644,22.374,20.28772,21.3833,22.22973,23.62875,35.18715,63.69534,12.73639,32.77475,42.05926,44.06903,42.82282,42.38285,43.76061,42.74412,42.12555,45.03769,43.90665,43.02045,42.87242,43.45345,42.69219,42.87995,43.08322,43.3509,41.42644,39.41606,36.67031,34.85929,32.24814,30.16665,28.71788,"Itum5"
"Itum5_37bands_917",17.70538,17.7049,20.34592,22.61401,24.44907,25.27161,22.94944,24.08988,25.01985,26.2989,37.98887,65.68313,17.44345,34.22042,41.4694,43.06591,41.6842,41.25744,42.58886,41.55671,41.03183,43.63685,42.70453,41.90825,41.8241,42.27632,41.44318,41.92205,42.10352,42.27862,40.53183,38.65322,36.08576,34.39669,31.7967,29.9404,28.70271,"Itum5"
"Itum5_37bands_918",16.39934,16.39898,18.9604,21.34237,23.11201,24.02214,21.70058,23.13303,24.25164,25.81635,39.0983,68.72526,16.71379,33.22163,40.56999,42.4263,41.05164,40.47154,41.83493,40.83458,40.30652,43.07763,41.98553,41.20889,41.12409,41.67266,40.90058,41.2686,41.4101,41.7048,39.87636,37.92729,35.27215,33.56161,30.94628,29.19447,27.9999,"Itum5"
